ÝLÇE ADI;MAHALLE ADI;BESLENEN HAYVAN TÜRLERÝ
Ahýrlý;ALÝÇERÇÝ;BÜYÜKBAÞ
Ahýrlý;BADEMLÝ;BÜYÜKBAÞ, KÜÇÜKBAÞ
Ahýrlý;BALIKLAVA;BÜYÜKBAÞ, KÜÇÜKBAÞ
Ahýrlý;BÜYÜKÖZ;BÜYÜKBAÞ, KANATLI HAYVAN
Ahýrlý;ÇÝFTLÝK;BÜYÜKBAÞ
Ahýrlý;ERDOÐAN;BÜYÜKBAÞ
Ahýrlý;KARACAKUYU;BÜYÜKBAÞ
Ahýrlý;KAYACIK;BÜYÜKBAÞ, KÜÇÜKBAÞ, KANATLI HAYVAN
Ahýrlý;KURUÇAY;BÜYÜKBAÞ, KÜÇÜKBAÞ
Ahýrlý;KÜÇÜKÖZ;BÜYÜKBAÞ, KÜÇÜKBAÞ
Akören;AVDAN;BÜYÜKBAÞ, KÜÇÜKBAÞ
Akören;KAYASU;BÜYÜKBAÞ, KANATLI HAYVAN
Akören;AHMEDÝYE;BÜYÜKBAÞ, KÜÇÜKBAÞ
Akören;ALAN;BÜYÜKBAÞ, KÜÇÜKBAÞ
Akören;BELKUYU;BÜYÜKBAÞ, KÜÇÜKBAÞ
Akören;ÇATÖREN;BÜYÜKBAÞ, KÜÇÜKBAÞ, KANATLI HAYVAN
Akören;DUTLU;BÜYÜKBAÞ
Akören;ORHANÝYE;BÜYÜKBAÞ, KÜÇÜKBAÞ
Akören;SÜLEYMANÝYE;BÜYÜKBAÞ, KÜÇÜKBAÞ
Akören;TÜLCE;BÜYÜKBAÞ
Akören;KARAHÜYÜK;BÜYÜKBAÞ, KÜÇÜKBAÞ
Akþehir;ÇAKILLAR;BÜYÜKBAÞ, KÜÇÜKBAÞ
Akþehir;GEDÝL;BÜYÜKBAÞ
Akþehir;KARAHÜYÜK;BÜYÜKBAÞ, KÜÇÜKBAÞ
Akþehir;ADSIZ;BÜYÜKBAÞ, KÜÇÜKBAÞ
Akþehir;ALANYURT;BÜYÜKBAÞ
Akþehir;ALTUNTAÞ;BÜYÜKBAÞ, KÜÇÜKBAÞ
Akþehir;ATAKENT;BÜYÜKBAÞ, KÜÇÜKBAÞ
Akþehir;BOZLAÐAN;BÜYÜKBAÞ, KÜÇÜKBAÞ, KANATLI HAYVAN
Akþehir;CANKURTARAN;BÜYÜKBAÞ
Akþehir;ÇAMLI;BÜYÜKBAÞ, KÜÇÜKBAÞ
Akþehir;ÇÝMENDERE;BÜYÜKBAÞ
Akþehir;DEÐÝRMENKÖY;BÜYÜKBAÞ, KÜÇÜKBAÞ
Akþehir;DOÐRUGÖZ;BÜYÜKBAÞ, KÜÇÜKBAÞ
Akþehir;ENGÝLÝ;BÜYÜKBAÞ, KÜÇÜKBAÞ
Akþehir;GÖLÇAYIR;KÜÇÜKBAÞ
Akþehir;GÖZPINARI;BÜYÜKBAÞ
Akþehir;ILICAK;BÜYÜKBAÞ, KÜÇÜKBAÞ
Akþehir;KARABULUT;BÜYÜKBAÞ, KÜÇÜKBAÞ, KANATLI HAYVAN
Akþehir;ORTACA;BÜYÜKBAÞ, KÜÇÜKBAÞ
Akþehir;ORTAKÖY;BÜYÜKBAÞ, KÜÇÜKBAÞ
Akþehir;REÝS;BÜYÜKBAÞ, KÜÇÜKBAÞ
Akþehir;SAVAÞ;BÜYÜKBAÞ, KÜÇÜKBAÞ
Akþehir;SORKUN;BÜYÜKBAÞ
Akþehir;SÖÐÜTLÜ;BÜYÜKBAÞ, KÜÇÜKBAÞ
Akþehir;TEKKE;BÜYÜKBAÞ, KÜÇÜKBAÞ
Akþehir;TÝPÝKÖY;BÜYÜKBAÞ, KÜÇÜKBAÞ
Akþehir;ULUPINAR;BÜYÜKBAÞ, KÜÇÜKBAÞ
Akþehir;ÜÇHÜYÜK;BÜYÜKBAÞ
Akþehir;YAÞARLAR;BÜYÜKBAÞ, KÜÇÜKBAÞ
Akþehir;YAYLABELEN;BÜYÜKBAÞ, KÜÇÜKBAÞ
Akþehir;YAZLA;BÜYÜKBAÞ, KÜÇÜKBAÞ
Akþehir;YENÝKÖY;BÜYÜKBAÞ, KÜÇÜKBAÞ, KANATLI HAYVAN
Akþehir;YEÞÝLKÖY;BÜYÜKBAÞ
Akþehir;SARAY;BÜYÜKBAÞ, KÜÇÜKBAÞ
Altýnekin;OÐUZELÝ;BÜYÜKBAÞ, KÜÇÜKBAÞ
Altýnekin;AKCAÞAR;BÜYÜKBAÞ
Altýnekin;AYIÞIÐI;BÜYÜKBAÞ, KÜÇÜKBAÞ
Altýnekin;AKKÖY;BÜYÜKBAÞ, KÜÇÜKBAÞ
Altýnekin;BORUKKUYU;BÜYÜKBAÞ, KÜÇÜKBAÞ
Altýnekin;HACINUMAN;BÜYÜKBAÞ, KÜÇÜKBAÞ
Altýnekin;KARAKAYA;BÜYÜKBAÞ, KÜÇÜKBAÞ
Altýnekin;KOÇAÞ;BÜYÜKBAÞ, KÜÇÜKBAÞ
Altýnekin;KOÇYAKA;BÜYÜKBAÞ, KÜÇÜKBAÞ
Altýnekin;MANTAR;BÜYÜKBAÞ, KÜÇÜKBAÞ, KANATLI HAYVAN
Altýnekin;YENÝÖLMEZ;BÜYÜKBAÞ, KÜÇÜKBAÞ, KANATLI HAYVAN
Altýnekin;SARNIÇ;BÜYÜKBAÞ, KÜÇÜKBAÞ
Altýnekin;TOPRAKLIK;BÜYÜKBAÞ
Altýnekin;YENÝKUYU;BÜYÜKBAÞ, KÜÇÜKBAÞ
Altýnekin;YENÝYAYLA;BÜYÜKBAÞ, KÜÇÜKBAÞ
Altýnekin;DEDELER;BÜYÜKBAÞ, KÜÇÜKBAÞ
Altýnekin;AKINCILAR;BÜYÜKBAÞ
Beyþehir;ADAKÖY;BÜYÜKBAÞ
Beyþehir;AÐILÖNÜ;BÜYÜKBAÞ, KÜÇÜKBAÞ
Beyþehir;AKBURUN;BÜYÜKBAÞ
Beyþehir;AKÇABELEN;KÜÇÜKBAÞ
Beyþehir;AVDANCIK;BÜYÜKBAÞ, KÜÇÜKBAÞ
Beyþehir;BADEMLÝ;BÜYÜKBAÞ, KÜÇÜKBAÞ
Beyþehir;BAYAT;BÜYÜKBAÞ
Beyþehir;BAYAVÞAR;BÜYÜKBAÞ
Beyþehir;BAYINDIR;BÜYÜKBAÞ, KÜÇÜKBAÞ
Beyþehir;BAÞGÖZE;BÜYÜKBAÞ, KÜÇÜKBAÞ
Beyþehir;BEKDEMÝR;BÜYÜKBAÞ
Beyþehir;DAMLAPINAR;BÜYÜKBAÞ, KÜÇÜKBAÞ
Beyþehir;DOÐANBEY;BÜYÜKBAÞ, KÜÇÜKBAÞ, KANATLI HAYVAN
Beyþehir;DOÐANCIK;BÜYÜKBAÞ
Beyþehir;DUMANLI;BÜYÜKBAÞ, KÜÇÜKBAÞ
Beyþehir;EMEN;BÜYÜKBAÞ, KÜÇÜKBAÞ
Beyþehir;ESENCE;BÜYÜKBAÞ
Beyþehir;EYLÝKLER;BÜYÜKBAÞ
Beyþehir;EÐÝRLER;BÜYÜKBAÞ, KÜÇÜKBAÞ
Beyþehir;FASILLAR;BÜYÜKBAÞ, KÜÇÜKBAÞ, KANATLI HAYVAN
Beyþehir;GÖKÇEKUYU;BÜYÜKBAÞ, KÜÇÜKBAÞ
Beyþehir;GÖKÇÝMEN;BÜYÜKBAÞ, KÜÇÜKBAÞ
Beyþehir;GÖLKAÞI;BÜYÜKBAÞ
Beyþehir;GÖLYAKA;BÜYÜKBAÞ, KÜÇÜKBAÞ
Beyþehir;GÖNEN;BÜYÜKBAÞ, KÜÇÜKBAÞ, KANATLI HAYVAN
Beyþehir;GÖÇÜ;BÜYÜKBAÞ
Beyþehir;GÜNDOÐDU;BÜYÜKBAÞ
Beyþehir;HUÐLU;BÜYÜKBAÞ, KÜÇÜKBAÞ, KANATLI HAYVAN
Beyþehir;HÜSEYÝNLER;BÜYÜKBAÞ
Beyþehir;ÝSAKÖY;BÜYÜKBAÞ
Beyþehir;KARAALÝ;BÜYÜKBAÞ
Beyþehir;KARABAYAT;BÜYÜKBAÞ, KÜÇÜKBAÞ
Beyþehir;KARADÝKEN;BÜYÜKBAÞ
Beyþehir;KARAHÝSAR;BÜYÜKBAÞ, KÜÇÜKBAÞ
Beyþehir;KAYABAÞI;BÜYÜKBAÞ
Beyþehir;KURUCUOVA;BÜYÜKBAÞ, KÜÇÜKBAÞ
Beyþehir;KUÞLUCA;BÜYÜKBAÞ, KÜÇÜKBAÞ
Beyþehir;KÜÇÜKAVÞAR;BÜYÜKBAÞ
Beyþehir;MESUTLAR;BÜYÜKBAÞ
Beyþehir;SADIKHACI;BÜYÜKBAÞ, KÜÇÜKBAÞ
Beyþehir;SARIKÖY;BÜYÜKBAÞ, KANATLI HAYVAN
Beyþehir;SEVÝNDÝK;BÜYÜKBAÞ
Beyþehir;ÞAMLAR;KÜÇÜKBAÞ, KANATLI HAYVAN
Beyþehir;ÜÇPINAR;BÜYÜKBAÞ
Beyþehir;ÜSTÜNLER;BÜYÜKBAÞ, KÜÇÜKBAÞ
Beyþehir;ÜZÜMLÜ;YOK
Beyþehir;YAZYURDU;BÜYÜKBAÞ, KÜÇÜKBAÞ
Beyþehir;YENÝDOÐAN;BÜYÜKBAÞ, KÜÇÜKBAÞ
Beyþehir;YEÞÝLDAÐ;BÜYÜKBAÞ, KÜÇÜKBAÞ
Beyþehir;YUKARIESENCE;BÜYÜKBAÞ, KÜÇÜKBAÞ
Beyþehir;YUNUSLAR;BÜYÜKBAÞ, KÜÇÜKBAÞ
Beyþehir;ÇÝFTLÝK;BÜYÜKBAÞ
Beyþehir;ÇÝVRÝL;BÜYÜKBAÞ, KÜÇÜKBAÞ
Beyþehir;ÇUKURAÐIL;BÜYÜKBAÞ, KÜÇÜKBAÞ
Bozkýr;ÇAÐLAYAN;BÜYÜKBAÞ, KÜÇÜKBAÞ
Bozkýr;HAMZALAR;BÜYÜKBAÞ, KÜÇÜKBAÞ
Bozkýr;AKÇAPINAR;BÜYÜKBAÞ
Bozkýr;ARMUTLU;BÜYÜKBAÞ, KÜÇÜKBAÞ
Bozkýr;ARSLANTAÞ;BÜYÜKBAÞ
Bozkýr;AYDINKIÞLA;BÜYÜKBAÞ
Bozkýr;AYVALCA;BÜYÜKBAÞ, KÜÇÜKBAÞ
Bozkýr;BAÐYURDU;BÜYÜKBAÞ, KÜÇÜKBAÞ
Bozkýr;BAYBAÐAN;BÜYÜKBAÞ
Bozkýr;BOZDAM;BÜYÜKBAÞ
Bozkýr;DEREÝÇÝ;BÜYÜKBAÞ
Bozkýr;DEREKÖY;BÜYÜKBAÞ, KÜÇÜKBAÞ
Bozkýr;ELMAAÐAÇ;BÜYÜKBAÞ
Bozkýr;HACILAR;BÜYÜKBAÞ
Bozkýr;HACIYUNUSLAR;BÜYÜKBAÞ, KANATLI HAYVAN
Bozkýr;HARMANPINAR;BÜYÜKBAÞ
Bozkýr;HÝSARLIK;BÜYÜKBAÞ, KÜÇÜKBAÞ, KANATLI HAYVAN
Bozkýr;IÞIKLAR;BÜYÜKBAÞ
Bozkýr;KARABAYIR;BÜYÜKBAÞ, KÜÇÜKBAÞ
Bozkýr;KARACAARDIÇ;BÜYÜKBAÞ, KÜÇÜKBAÞ
Bozkýr;KARACAHÝSAR;BÜYÜKBAÞ
Bozkýr;KARAYAHYA;KÜÇÜKBAÞ
Bozkýr;KAYACILAR;BÜYÜKBAÞ, KÜÇÜKBAÞ
Bozkýr;KAYAPINAR;BÜYÜKBAÞ, KÜÇÜKBAÞ
Bozkýr;KINIK;BÜYÜKBAÞ, KÜÇÜKBAÞ
Bozkýr;KIZILÇAKIR;BÜYÜKBAÞ, KÜÇÜKBAÞ
Bozkýr;KÝLDERE;BÜYÜKBAÞ
Bozkýr;KOVANLIK;BÜYÜKBAÞ, KÜÇÜKBAÞ
Bozkýr;KOZAÐAÇ;BÜYÜKBAÞ, KÜÇÜKBAÞ
Bozkýr;KUÞÇA;BÜYÜKBAÞ, KÜÇÜKBAÞ
Bozkýr;KÜÇÜKHÝSARLIK;BÜYÜKBAÞ
Bozkýr;PINARCIK;BÜYÜKBAÞ, KÜÇÜKBAÞ
Bozkýr;SARIOÐLAN;BÜYÜKBAÞ
Bozkýr;SAZLI;BÜYÜKBAÞ, KÜÇÜKBAÞ
Bozkýr;SOÐUCAK;BÜYÜKBAÞ
Bozkýr;SORKUN;BÜYÜKBAÞ, KÜÇÜKBAÞ
Bozkýr;SÖÐÜT;BÜYÜKBAÞ, KÜÇÜKBAÞ
Bozkýr;TARLABAÞI;BÜYÜKBAÞ, KÜÇÜKBAÞ
Bozkýr;TAÞBAÞI;BÜYÜKBAÞ, KANATLI HAYVAN
Bozkýr;TEPEARASI;BÜYÜKBAÞ
Bozkýr;TEPELÝCE;BÜYÜKBAÞ, KÜÇÜKBAÞ
Bozkýr;ULUPINAR;BÜYÜKBAÞ
Bozkýr;ÜÇPINAR;BÜYÜKBAÞ
Bozkýr;YALNIZCA;BÜYÜKBAÞ
Bozkýr;YAZDAMI;BÜYÜKBAÞ, KÜÇÜKBAÞ
Bozkýr;YELBEYÝ;BÜYÜKBAÞ, KÜÇÜKBAÞ
Bozkýr;YENÝKÖY;BÜYÜKBAÞ, KÜÇÜKBAÞ
Bozkýr;YOLÖREN;KÜÇÜKBAÞ
Çeltik;GÖKPINAR;BÜYÜKBAÞ, KANATLI HAYVAN
Çeltik;ADAKASIM;BÜYÜKBAÞ, KÜÇÜKBAÞ
Çeltik;DOÐANYURT;BÜYÜKBAÞ, KÜÇÜKBAÞ
Çeltik;KAÞÖREN;BÜYÜKBAÞ, KÜÇÜKBAÞ
Çeltik;KÜÇÜKHASAN;BÜYÜKBAÞ, KÜÇÜKBAÞ
Çeltik;TORUNLAR;BÜYÜKBAÞ, KÜÇÜKBAÞ
Çeltik;ÝSHAKUÞAÐI;BÜYÜKBAÞ, KÜÇÜKBAÞ
Çeltik;HONAMLI;BÜYÜKBAÞ, KÜÇÜKBAÞ
Cihanbeyli;BÖÐRÜDELÝK;BÜYÜKBAÞ, KÜÇÜKBAÞ
Cihanbeyli;YAPALI;BÜYÜKBAÞ, KÜÇÜKBAÞ
Cihanbeyli;YENÝCEOBA;BÜYÜKBAÞ, KÜÇÜKBAÞ
Cihanbeyli;CUMHURÝYET;BÜYÜKBAÞ, KÜÇÜKBAÞ
Cihanbeyli;GEMECÝK;BÜYÜKBAÞ, KÜÇÜKBAÞ
Cihanbeyli;GÖKTEPE;BÜYÜKBAÞ, KÜÇÜKBAÞ
Cihanbeyli;AÐABEYLÝ;BÜYÜKBAÞ, KÜÇÜKBAÞ
Cihanbeyli;HODOÐLU;BÜYÜKBAÞ, KÜÇÜKBAÞ
Cihanbeyli;KAYI;BÜYÜKBAÞ, KÜÇÜKBAÞ
Cihanbeyli;KIRKIÞLA;BÜYÜKBAÞ, KÜÇÜKBAÞ
Cihanbeyli;KORKMAZLAR;BÜYÜKBAÞ, KÜÇÜKBAÞ
Cihanbeyli;KÜÇÜKBEÞKAVAK;BÜYÜKBAÞ, KÜÇÜKBAÞ
Cihanbeyli;MUTLUKONAK;BÜYÜKBAÞ, KÜÇÜKBAÞ
Cihanbeyli;SAÐLIK;BÜYÜKBAÞ, KÜÇÜKBAÞ
Cihanbeyli;SIÐIRCIK;BÜYÜKBAÞ, KÜÇÜKBAÞ
Cihanbeyli;TURANLAR;BÜYÜKBAÞ, KÜÇÜKBAÞ
Cihanbeyli;TÜFEKÇÝPINAR;BÜYÜKBAÞ, KÜÇÜKBAÞ
Cihanbeyli;UZUNCAYAYLA;KÜÇÜKBAÞ
Cihanbeyli;YÜNLÜKUYU;BÜYÜKBAÞ, KÜÇÜKBAÞ
Cihanbeyli;ZAFERÝYE;BÜYÜKBAÞ, KÜÇÜKBAÞ
Cihanbeyli;GÖLYAZI;BÜYÜKBAÞ, KÜÇÜKBAÞ
Cihanbeyli;GÜNYÜZÜ;BÜYÜKBAÞ, KÜÇÜKBAÞ
Cihanbeyli;ÝNSUYU;BÜYÜKBAÞ, KÜÇÜKBAÞ
Cihanbeyli;KANDÝL;BÜYÜKBAÞ, KÜÇÜKBAÞ
Cihanbeyli;KARABAÐ;BÜYÜKBAÞ, KÜÇÜKBAÞ
Cihanbeyli;KELHASAN;BÜYÜKBAÞ, KÜÇÜKBAÞ
Cihanbeyli;KUÞCA;BÜYÜKBAÞ, KÜÇÜKBAÞ
Cihanbeyli;KÜTÜKUÞAÐI;BÜYÜKBAÞ, KÜÇÜKBAÞ
Cihanbeyli;TAÞPINAR;BÜYÜKBAÞ
Cihanbeyli;BEYLÝOVA;BÜYÜKBAÞ, KÜÇÜKBAÞ
Cihanbeyli;ÇÝMEN;BÜYÜKBAÞ, KÜÇÜKBAÞ
Cihanbeyli;ÇÖL;BÜYÜKBAÞ, KÜÇÜKBAÞ
Cihanbeyli;DAMLAKUYU;BÜYÜKBAÞ, KÜÇÜKBAÞ
Cihanbeyli;BULDUK;BÜYÜKBAÞ
Cihanbeyli;BÜYÜKBEÞKAVAK;BÜYÜKBAÞ, KÜÇÜKBAÞ
Cihanbeyli;KARATEPE;BÜYÜKBAÞ, KÜÇÜKBAÞ
Çumra;ARIKÖREN;BÜYÜKBAÞ
Çumra;DEDEMOÐLU;BÜYÜKBAÞ, KÜÇÜKBAÞ
Çumra;TÜRKMENCAMÝLÝ;BÜYÜKBAÞ, KÜÇÜKBAÞ
Çumra;A.B.HÜYÜÐÜ;BÜYÜKBAÞ, KÜÇÜKBAÞ
Çumra;DÝNEK;BÜYÜKBAÞ, KÜÇÜKBAÞ
Çumra;ÝÇERÝÇUMRA;BÜYÜKBAÞ
Çumra;GÜVERCÝNLÝK;BÜYÜKBAÞ, KÜÇÜKBAÞ
Çumra;KARKIN;BÜYÜKBAÞ, KÜÇÜKBAÞ
Çumra;OKÇU;BÜYÜKBAÞ, KÜÇÜKBAÞ
Çumra;YENÝSU;BÜYÜKBAÞ
Çumra;APA;BÜYÜKBAÞ, KÜÇÜKBAÞ
Çumra;ABDÝTOLU;BÜYÜKBAÞ, KÜÇÜKBAÞ
Çumra;ADAKALE;BÜYÜKBAÞ, KÜÇÜKBAÞ
Çumra;ALEMDAR;BÜYÜKBAÞ
Çumra;APASARAYCIK;BÜYÜKBAÞ, KÜÇÜKBAÞ
Çumra;AFÞAR;BÜYÜKBAÞ
Çumra;AVDUL;BÜYÜKBAÞ, KÜÇÜKBAÞ
Çumra;BALÇIKHÝSAR;BÜYÜKBAÞ, KÜÇÜKBAÞ
Çumra;BEYLERCE;BÜYÜKBAÞ
Çumra;B.AÞLAMA;BÜYÜKBAÞ
Çumra;CÝCEK;BÜYÜKBAÞ
Çumra;ÇUKURKAVAK;BÜYÜKBAÞ, KÜÇÜKBAÞ
Çumra;DÝNLENDÝK;BÜYÜKBAÞ
Çumra;DÝNEKSARAY;BÜYÜKBAÞ, KÜÇÜKBAÞ
Çumra;DOÐANLI;BÜYÜKBAÞ, KÜÇÜKBAÞ
Çumra;FETHÝYE;BÜYÜKBAÞ, KÜÇÜKBAÞ
Çumra;GÖKHÜYÜK;BÜYÜKBAÞ
Çumra;ERENTEPE;BÜYÜKBAÞ, KÜÇÜKBAÞ
Çumra;ÝNLÝ;BÜYÜKBAÞ, KÜÇÜKBAÞ
Çumra;KUZUCU;BÜYÜKBAÞ, KÜÇÜKBAÞ
Çumra;KÜÇÜKKÖY;BÜYÜKBAÞ, KÜÇÜKBAÞ
Çumra;SEÇME;BÜYÜKBAÞ, KÜÇÜKBAÞ
Çumra;SÜRGÜÇ;BÜYÜKBAÞ, KÜÇÜKBAÞ
Çumra;TAHTALI;BÜYÜKBAÞ, KÜÇÜKBAÞ
Çumra;T.KARAHÜYÜK;BÜYÜKBAÞ, KÜÇÜKBAÞ
Çumra;TAÞAÐIL;BÜYÜKBAÞ, KÜÇÜKBAÞ
Çumra;UZUNKUYU;BÜYÜKBAÞ, KÜÇÜKBAÞ
Çumra;ÜÇHÜYÜK;BÜYÜKBAÞ, KÜÇÜKBAÞ
Çumra;ÜRÜNLÜ;BÜYÜKBAÞ, KÜÇÜKBAÞ
Çumra;YÖRÜKCAMÝLÝ;BÜYÜKBAÞ, KÜÇÜKBAÞ
Çumra;ÇAYBAÞI;BÜYÜKBAÞ, KÜÇÜKBAÞ
Derbent;ÇÝFTLÝKÖZÜ;BÜYÜKBAÞ
Derbent;DEÐÝÞ;BÜYÜKBAÞ, KÜÇÜKBAÞ
Derbent;TEKKE;BÜYÜKBAÞ, KÜÇÜKBAÞ
Derbent;GÜNEYKÖY;BÜYÜKBAÞ, KÜÇÜKBAÞ
Derbent;MÜLAYÝM;BÜYÜKBAÞ, KÜÇÜKBAÞ
Derbent;SARAYPINAR;BÜYÜKBAÞ, KÜÇÜKBAÞ
Derbent;YASSIÖREN;BÜYÜKBAÞ, KÜÇÜKBAÞ
Derbent;SÜLEYMAN;BÜYÜKBAÞ, KÜÇÜKBAÞ
Derbent;KARALAR;BÜYÜKBAÞ, KÜÇÜKBAÞ, KANATLI HAYVAN
Derebucak;ÇAMLIK;BÜYÜKBAÞ, KÜÇÜKBAÞ
Derebucak;DURAK;BÜYÜKBAÞ
Derebucak;GENCEK;BÜYÜKBAÞ, KÜÇÜKBAÞ
Derebucak;GÖYNEM;BÜYÜKBAÞ, KÜÇÜKBAÞ
Derebucak;PINARBAÞI;BÜYÜKBAÞ, KÜÇÜKBAÞ, KANATLI HAYVAN
Derebucak;TAÞLIPINAR;BÜYÜKBAÞ
Derebucak;TEPEARASI;BÜYÜKBAÞ, KÜÇÜKBAÞ
Derebucak;UÐURLU;BÜYÜKBAÞ
Doðanhisar;BAÞKÖY;BÜYÜKBAÞ
Doðanhisar;YAZLICA;BÜYÜKBAÞ, KÜÇÜKBAÞ
Doðanhisar;AYASLAR;BÜYÜKBAÞ, KÜÇÜKBAÞ
Doðanhisar;ÇINAROBA;BÜYÜKBAÞ, KÜÇÜKBAÞ
Doðanhisar;DEÞTÝÐÝN;BÜYÜKBAÞ, KÜÇÜKBAÞ
Doðanhisar;FIRINLI;BÜYÜKBAÞ, KÜÇÜKBAÞ
Doðanhisar;GÜVENDÝK;BÜYÜKBAÞ, KÜÇÜKBAÞ
Doðanhisar;ÝLYASLAR;BÜYÜKBAÞ
Doðanhisar;KARAAÐA;BÜYÜKBAÞ, KÜÇÜKBAÞ
Doðanhisar;KEMER;BÜYÜKBAÞ, KÜÇÜKBAÞ
Doðanhisar;KOÇAÞ;BÜYÜKBAÞ, KÜÇÜKBAÞ
Doðanhisar;KONAKKALE;BÜYÜKBAÞ, KÜÇÜKBAÞ
Doðanhisar;TEKKE;BÜYÜKBAÞ, KÜÇÜKBAÞ
Doðanhisar;UNCULAR;BÜYÜKBAÞ, KÜÇÜKBAÞ
Doðanhisar;YAZIR;BÜYÜKBAÞ
Doðanhisar;YENÝCE;BÜYÜKBAÞ, KÜÇÜKBAÞ
Emirgazi;EKÝZLÝ;BÜYÜKBAÞ
Emirgazi;AKMESCÝT;BÜYÜKBAÞ
Emirgazi;BESCÝ;BÜYÜKBAÞ, KÜÇÜKBAÞ
Emirgazi;DEMÝRCÝ;BÜYÜKBAÞ, KÜÇÜKBAÞ
Emirgazi;GÖLÖREN;BÜYÜKBAÞ, KÜÇÜKBAÞ
Emirgazi;IÞIKLAR;BÜYÜKBAÞ, KANATLI HAYVAN
Emirgazi;KARAÖREN;BÜYÜKBAÞ, KÜÇÜKBAÞ
Emirgazi;MEÞELÝ;BÜYÜKBAÞ, KÜÇÜKBAÞ
Emirgazi;ÖBEKTAÞ;BÜYÜKBAÞ, KÜÇÜKBAÞ
Emirgazi;YAMAÇ;BÜYÜKBAÞ, KÜÇÜKBAÞ
Ereðli;ZENGEN;BÜYÜKBAÞ, KÜÇÜKBAÞ
Ereðli;ACIPINAR;BÜYÜKBAÞ, KÜÇÜKBAÞ
Ereðli;ADABAÐ;BÜYÜKBAÞ, KÜÇÜKBAÞ
Ereðli;AKHÜYÜK;BÜYÜKBAÞ, KÜÇÜKBAÞ
Ereðli;ALHAN;BÜYÜKBAÞ, KÜÇÜKBAÞ
Ereðli;AÞAÐI GÖNDELEN;BÜYÜKBAÞ, KÜÇÜKBAÞ
Ereðli;AÞIKLAR;BÜYÜKBAÞ, KÜÇÜKBAÞ
Ereðli;AZÝZÝYE;BÜYÜKBAÞ
Ereðli;BAHÇELÝ;BÜYÜKBAÞ, KÜÇÜKBAÞ
Ereðli;BELCEAÐAÇ;BÜYÜKBAÞ, KÜÇÜKBAÞ
Ereðli;BELKAYA;BÜYÜKBAÞ, KÜÇÜKBAÞ
Ereðli;BEYKÖY;BÜYÜKBAÞ, KÜÇÜKBAÞ
Ereðli;BEYÖREN;BÜYÜKBAÞ, KÜÇÜKBAÞ
Ereðli;BULGURLUK;BÜYÜKBAÞ, KÜÇÜKBAÞ
Ereðli;BURHANÝYE;BÜYÜKBAÞ, KÜÇÜKBAÞ
Ereðli;BÜYÜKDEDE;BÜYÜKBAÞ, KÜÇÜKBAÞ
Ereðli;ÇAKMAK;BÜYÜKBAÞ, KÜÇÜKBAÞ
Ereðli;ÇAYHAN;BÜYÜKBAÞ, KÜÇÜKBAÞ
Ereðli;ÇÝLLER;BÜYÜKBAÞ, KÜÇÜKBAÞ
Ereðli;ÇÝMENCÝK;BÜYÜKBAÞ, KÜÇÜKBAÞ
Ereðli;GAYBÝ;BÜYÜKBAÞ, KÜÇÜKBAÞ
Ereðli;GÖKÇEYAZI;BÜYÜKBAÞ, KÜÇÜKBAÞ
Ereðli;GÖKTÖME;BÜYÜKBAÞ, KÜÇÜKBAÞ
Ereðli;HACIMEMÝÞ;BÜYÜKBAÞ, KÜÇÜKBAÞ
Ereðli;KAMIÞLIKUYU;BÜYÜKBAÞ, KÜÇÜKBAÞ
Ereðli;KARABURUN;BÜYÜKBAÞ, KÜÇÜKBAÞ
Ereðli;KARGACI;BÜYÜKBAÞ, KÜÇÜKBAÞ
Ereðli;KIZILGEDÝK;BÜYÜKBAÞ, KÜÇÜKBAÞ
Ereðli;KUSKUNCUK;BÜYÜKBAÞ, KÜÇÜKBAÞ
Ereðli;KUTÖREN;BÜYÜKBAÞ, KÜÇÜKBAÞ
Ereðli;KUZUKUYU;BÜYÜKBAÞ, KÜÇÜKBAÞ
Ereðli;MELÝCEK;BÜYÜKBAÞ, KÜÇÜKBAÞ
Ereðli;ORHANÝYE;BÜYÜKBAÞ, KÜÇÜKBAÞ
Ereðli;ÖZGÜRLER;BÜYÜKBAÞ, KÜÇÜKBAÞ
Ereðli;PINARÖZÜ;BÜYÜKBAÞ, KÜÇÜKBAÞ
Ereðli;SARICA;BÜYÜKBAÞ, KÜÇÜKBAÞ
Ereðli;SARITOPALLI;BÜYÜKBAÞ, KÜÇÜKBAÞ
Ereðli;SELVÝLÝ;BÜYÜKBAÞ, KÜÇÜKBAÞ
Ereðli;TAÞAÐIL;BÜYÜKBAÞ, KÜÇÜKBAÞ
Ereðli;TAÞBUDAK;BÜYÜKBAÞ, KÜÇÜKBAÞ
Ereðli;TATLIKUYU;BÜYÜKBAÞ, KÜÇÜKBAÞ
Ereðli;TÜRKMEN;BÜYÜKBAÞ, KÜÇÜKBAÞ
Ereðli;ULUMEÞE;BÜYÜKBAÞ, KÜÇÜKBAÞ
Ereðli;YAZLIK;BÜYÜKBAÞ, KÜÇÜKBAÞ
Ereðli;YELLÝCE;BÜYÜKBAÞ, KÜÇÜKBAÞ
Ereðli;YENÝKÖY;BÜYÜKBAÞ, KÜÇÜKBAÞ
Ereðli;YILDIZLI;BÜYÜKBAÞ, KÜÇÜKBAÞ, KANATLI HAYVAN
Ereðli;YUKARIGÖNDELEN;BÜYÜKBAÞ, KÜÇÜKBAÞ
Ereðli;HORTU;BÜYÜKBAÞ, KÜÇÜKBAÞ
Ereðli;ACIKUYU;BÜYÜKBAÞ, KÜÇÜKBAÞ
Güneysýnýr;GÜRAÐAÇ;BÜYÜKBAÞ, KÜÇÜKBAÞ
Güneysýnýr;AÐAÇOBA;BÜYÜKBAÞ, KÜÇÜKBAÞ
Güneysýnýr;ALANÖZÜ;BÜYÜKBAÞ, KÜÇÜKBAÞ
Güneysýnýr;AVCITEPE;BÜYÜKBAÞ, KÜÇÜKBAÞ
Güneysýnýr;AYDOÐMUÞ;BÜYÜKBAÞ, KÜÇÜKBAÞ
Güneysýnýr;HABÝLLER;BÜYÜKBAÞ, KÜÇÜKBAÞ
Güneysýnýr;KARAGÜNEY;BÜYÜKBAÞ, KÜÇÜKBAÞ
Güneysýnýr;KAYAAÐZI;BÜYÜKBAÞ, KÜÇÜKBAÞ
Güneysýnýr;KIZILÖZ;BÜYÜKBAÞ, KÜÇÜKBAÞ
Güneysýnýr;KURUKAVAK;BÜYÜKBAÞ, KÜÇÜKBAÞ
Güneysýnýr;MEHMET ALÝ;BÜYÜKBAÞ, KÜÇÜKBAÞ
Güneysýnýr;ÖMEROÐLU;BÜYÜKBAÞ, KÜÇÜKBAÞ
Güneysýnýr;ÖRENBOYALI;BÜYÜKBAÞ, KÜÇÜKBAÞ
Güneysýnýr;SARIHACI;YOK
Hadim;AÞAÐIEÞENLER;BÜYÜKBAÞ, KÜÇÜKBAÞ, KANATLI HAYVAN
Hadim;AÞAÐIKIZILKAYA;BÜYÜKBAÞ, KÜÇÜKBAÞ
Hadim;BADEMLÝ;BÜYÜKBAÞ, KÜÇÜKBAÞ
Hadim;BAÐBAÞI;BÜYÜKBAÞ, KÜÇÜKBAÞ
Hadim;BEYRELÝ;BÜYÜKBAÞ, KÜÇÜKBAÞ
Hadim;BOLAT;BÜYÜKBAÞ, KÜÇÜKBAÞ
Hadim;ÇÝFTEPINAR;YOK
Hadim;DEDEMLÝ;BÜYÜKBAÞ, KÜÇÜKBAÞ
Hadim;DÜLGERLER;BÜYÜKBAÞ, KÜÇÜKBAÞ
Hadim;FAKILAR;BÜYÜKBAÞ
Hadim;GAZÝLER;BÜYÜKBAÞ, KÜÇÜKBAÞ
Hadim;GÖYNÜKKIÞLA;BÜYÜKBAÞ, KÜÇÜKBAÞ
Hadim;GÜLPINAR;BÜYÜKBAÞ, KÜÇÜKBAÞ
Hadim;ÝÐDEÖREN;BÜYÜKBAÞ
Hadim;KALINAÐIL;BÜYÜKBAÞ
Hadim;KAPLANLI;BÜYÜKBAÞ
Hadim;GEZLEVÝ;BÜYÜKBAÞ, KÜÇÜKBAÞ
Hadim;KÜPLÜCE;KÜÇÜKBAÞ
Hadim;ODUNCU;BÜYÜKBAÞ, KÜÇÜKBAÞ
Hadim;SARNIÇ;BÜYÜKBAÞ, KÜÇÜKBAÞ
Hadim;SELAHATTÝN;BÜYÜKBAÞ, KÜÇÜKBAÞ
Hadim;UMURLAR;KÜÇÜKBAÞ
Hadim;YAÐCI;BÜYÜKBAÞ
Hadim;YALINÇEVRE;BÜYÜKBAÞ, KÜÇÜKBAÞ
Hadim;YELMEZ;BÜYÜKBAÞ, KÜÇÜKBAÞ
Hadim;YENÝKONAK;BÜYÜKBAÞ, KÜÇÜKBAÞ
Hadim;YUKARIEÞENLER;BÜYÜKBAÞ, KÜÇÜKBAÞ
Halkapýnar;ÝVRÝZ;BÜYÜKBAÞ, KÜÇÜKBAÞ
Halkapýnar;BÜYÜKDOÐAN;BÜYÜKBAÞ, KÜÇÜKBAÞ
Halkapýnar;DEDELÝ;BÜYÜKBAÞ
Halkapýnar;DELÝMAHMUTLU;BÜYÜKBAÞ, KÜÇÜKBAÞ
Halkapýnar;ESKÝHÝSAR;BÜYÜKBAÞ, KÜÇÜKBAÞ
Halkapýnar;KARAYUSUFLU;BÜYÜKBAÞ
Halkapýnar;KAYASARAY;BÜYÜKBAÞ, KÜÇÜKBAÞ
Halkapýnar;KÖRLÜ;BÜYÜKBAÞ, KÜÇÜKBAÞ
Halkapýnar;KÜSERE;BÜYÜKBAÞ, KÜÇÜKBAÞ
Halkapýnar;OSMANKÖSELÝ;BÜYÜKBAÞ, KÜÇÜKBAÞ
Halkapýnar;SEYDÝFAKILI;BÜYÜKBAÞ, KÜÇÜKBAÞ
Halkapýnar;YASSIKAYA;BÜYÜKBAÞ, KÜÇÜKBAÞ
Halkapýnar;YAYIKLI;BÜYÜKBAÞ, KÜÇÜKBAÞ
Halkapýnar;YEÞÝLYURT;BÜYÜKBAÞ, KÜÇÜKBAÞ
Halkapýnar;ÇAKILLAR;BÜYÜKBAÞ
Hüyük;BAÞLAMIÞ;BÜYÜKBAÞ, KÜÇÜKBAÞ
Hüyük;BUDAK;BÜYÜKBAÞ, KÜÇÜKBAÞ
Hüyük;BURUNSUZ;BÜYÜKBAÞ, KÜÇÜKBAÞ
Hüyük;ÇAMLICA;BÜYÜKBAÞ, KÜÇÜKBAÞ
Hüyük;ÇAVUÞ;BÜYÜKBAÞ, KÜÇÜKBAÞ, KANATLI HAYVAN
Hüyük;ÇUKURKENT;BÜYÜKBAÞ, KÜÇÜKBAÞ
Hüyük;DEÐÝRMENALTI;BÜYÜKBAÞ, KANATLI HAYVAN
Hüyük;GÖÇERÝ;BÜYÜKBAÞ
Hüyük;GÖRÜNMEZ;BÜYÜKBAÞ, KÜÇÜKBAÞ
Hüyük;ÝLMEN;BÜYÜKBAÞ
Hüyük;ÝMRENLER;BÜYÜKBAÞ, KÜÇÜKBAÞ
Hüyük;KIRELÝ;BÜYÜKBAÞ
Hüyük;KÖÞK;BÜYÜKBAÞ, KÜÇÜKBAÞ, KANATLI HAYVAN
Hüyük;MUTLU;BÜYÜKBAÞ, KÜÇÜKBAÞ
Hüyük;PINARBAÞI;BÜYÜKBAÞ
Hüyük;SELKÝ;BÜYÜKBAÞ
Hüyük;SULUDERE;BÜYÜKBAÞ, KÜÇÜKBAÞ
Hüyük;TOLCA;BÜYÜKBAÞ
Hüyük;YENÝCE;BÜYÜKBAÞ
Ilgýn;ARGITHANI;BÜYÜKBAÞ, KÜÇÜKBAÞ
Ilgýn;BEYKONAK;BÜYÜKBAÞ, KÜÇÜKBAÞ
Ilgýn;ÇAVUÞÇUGÖL;BÜYÜKBAÞ
Ilgýn;AÐALAR;BÜYÜKBAÞ, KÜÇÜKBAÞ
Ilgýn;BALKI;BÜYÜKBAÞ, KÜÇÜKBAÞ
Ilgýn;BARAKMUSLU;BÜYÜKBAÞ, KÜÇÜKBAÞ
Ilgýn;BELEKLER;BÜYÜKBAÞ, KÜÇÜKBAÞ
Ilgýn;BOÐAZKENT;BÜYÜKBAÞ, KÜÇÜKBAÞ
Ilgýn;BULCUK;BÜYÜKBAÞ, KÜÇÜKBAÞ
Ilgýn;BÜYÜKOBA;BÜYÜKBAÞ, KÜÇÜKBAÞ, KANATLI HAYVAN
Ilgýn;ÇÝÐÝL;BÜYÜKBAÞ, KÜÇÜKBAÞ
Ilgýn;ÇATAK;BÜYÜKBAÞ, KÜÇÜKBAÞ
Ilgýn;ÇOBANKAYA;BÜYÜKBAÞ, KÜÇÜKBAÞ
Ilgýn;ÇÖMLEKCÝ;KÜÇÜKBAÞ
Ilgýn;DEREKÖY;BÜYÜKBAÞ, KÜÇÜKBAÞ
Ilgýn;DIÐRAK;BÜYÜKBAÞ, KÜÇÜKBAÞ
Ilgýn;DÜÐER;BÜYÜKBAÞ
Ilgýn;ELDEÞ;BÜYÜKBAÞ
Ilgýn;GEÇÝT;BÜYÜKBAÞ, KÜÇÜKBAÞ
Ilgýn;GEDÝKÖREN;BÜYÜKBAÞ, KÜÇÜKBAÞ
Ilgýn;GÖSTERE;BÜYÜKBAÞ, KÜÇÜKBAÞ
Ilgýn;GÖKÇEYURT;BÜYÜKBAÞ, KÜÇÜKBAÞ
Ilgýn;GÖLYAKA;BÜYÜKBAÞ, KÜÇÜKBAÞ
Ilgýn;GÖKBUDAK;BÜYÜKBAÞ, KÜÇÜKBAÞ
Ilgýn;GÜNEYPINAR;BÜYÜKBAÞ, KÜÇÜKBAÞ
Ilgýn;HARMANYAZI;BÜYÜKBAÞ, KÜÇÜKBAÞ
Ilgýn;ÝHSANÝYE;BÜYÜKBAÞ, KÜÇÜKBAÞ
Ilgýn;KAPAKLI;BÜYÜKBAÞ
Ilgýn;KARAKÖY;BÜYÜKBAÞ, KÜÇÜKBAÞ
Ilgýn;KALEKÖY;BÜYÜKBAÞ, KÜÇÜKBAÞ
Ilgýn;MAHMUTHÝSAR;BÜYÜKBAÞ, KÜÇÜKBAÞ
Ilgýn;MECÝDÝYE;BÜYÜKBAÞ, KÜÇÜKBAÞ
Ilgýn;MÝSAFÝRLÝ;BÜYÜKBAÞ, KÜÇÜKBAÞ
Ilgýn;OLUKPINAR;BÜYÜKBAÞ, KÜÇÜKBAÞ
Ilgýn;ORHANÝYE;BÜYÜKBAÞ, KÜÇÜKBAÞ
Ilgýn;ORMANÖZÜ;BÜYÜKBAÞ
Ilgýn;SADIKKÖY;BÜYÜKBAÞ, KÜÇÜKBAÞ
Ilgýn;SEBÝLLER;BÜYÜKBAÞ, KÜÇÜKBAÞ
Ilgýn;TEKELER;BÜYÜKBAÞ, KÜÇÜKBAÞ
Ilgýn;YUKARIÇÝÐÝL;BÜYÜKBAÞ, KÜÇÜKBAÞ
Ilgýn;YORAZLAR;BÜYÜKBAÞ, KÜÇÜKBAÞ
Ilgýn;ZAFERÝYE;BÜYÜKBAÞ
Ilgýn;AVDAN;BÜYÜKBAÞ, KÜÇÜKBAÞ
Kadýnhaný;OSMANCIK;BÜYÜKBAÞ
Kadýnhaný;AFÞARLI;BÜYÜKBAÞ, KÜÇÜKBAÞ
Kadýnhaný;ALABAÐ;BÜYÜKBAÞ, KÜÇÜKBAÞ
Kadýnhaný;ATLANTI;BÜYÜKBAÞ, KÜÇÜKBAÞ
Kadýnhaný;BAKIRPINAR;BÜYÜKBAÞ, KANATLI HAYVAN
Kadýnhaný;BAÞKUYU;BÜYÜKBAÞ, KÜÇÜKBAÞ
Kadýnhaný;BAYRAMLI;BÜYÜKBAÞ
Kadýnhaný;BEYKAVAÐI;KÜÇÜKBAÞ
Kadýnhaný;BULGURPINAR;BÜYÜKBAÞ
Kadýnhaný;ÇAVDAR;BÜYÜKBAÞ, KÜÇÜKBAÞ
Kadýnhaný;ÇEÞMECÝK;BÜYÜKBAÞ
Kadýnhaný;ÇUBUK;BÜYÜKBAÞ, KÜÇÜKBAÞ, KANATLI HAYVAN
Kadýnhaný;DEMÝROLUK;BÜYÜKBAÞ, KÜÇÜKBAÞ
Kadýnhaný;HACIMEHMETLÝ;BÜYÜKBAÞ
Kadýnhaný;HACIOFLAZLAR;BÜYÜKBAÞ
Kadýnhaný;HACIPÝRLÝ;BÜYÜKBAÞ, KÜÇÜKBAÞ
Kadýnhaný;KABACALI;BÜYÜKBAÞ
Kadýnhaný;KAMIÞLIÖZÜ;BÜYÜKBAÞ
Kadýnhaný;KARAHÝSARLI;BÜYÜKBAÞ, KÜÇÜKBAÞ
Kadýnhaný;KARAKURTLU;BÜYÜKBAÞ, KÜÇÜKBAÞ
Kadýnhaný;KARASEVÝNÇ;BÜYÜKBAÞ, KÜÇÜKBAÞ
Kadýnhaný;KARAYÜRÜKLÜ;BÜYÜKBAÞ, KÜÇÜKBAÞ
Kadýnhaný;KIZILKUYU;BÜYÜKBAÞ
Kadýnhaný;KOLUKISA;KÜÇÜKBAÞ
Kadýnhaný;KONURÖREN;BÜYÜKBAÞ, KÜÇÜKBAÞ
Kadýnhaný;KÖKEZ;BÜYÜKBAÞ, KÜÇÜKBAÞ
Kadýnhaný;KÖYLÜTOLU;BÜYÜKBAÞ
Kadýnhaný;KURTHASANLI;BÜYÜKBAÞ
Kadýnhaný;KÜÇÜKKUYU;YOK
Kadýnhaný;MAHMUDÝYE;BÜYÜKBAÞ
Kadýnhaný;MEYDANLI;BÜYÜKBAÞ, KÜÇÜKBAÞ
Kadýnhaný;ÖRNEK;BÜYÜKBAÞ, KÜÇÜKBAÞ
Kadýnhaný;PÝRALÝ;BÜYÜKBAÞ
Kadýnhaný;PUSAT;BÜYÜKBAÞ, KÜÇÜKBAÞ, KANATLI HAYVAN
Kadýnhaný;SAÇIKARA;BÜYÜKBAÞ, KÜÇÜKBAÞ
Kadýnhaný;SARIKAYA;BÜYÜKBAÞ, KÜÇÜKBAÞ
Kadýnhaný;SÖÐÜTÖZÜ;BÜYÜKBAÞ, KÜÇÜKBAÞ
Kadýnhaný;ÞAHÖREN;BÜYÜKBAÞ, KÜÇÜKBAÞ
Kadýnhaný;TOSUNOÐLU;BÜYÜKBAÞ
Kadýnhaný;YAÐLICA;BÜYÜKBAÞ
Kadýnhaný;YAYLAYAKA;BÜYÜKBAÞ
Karapýnar;HOTAMIÞ;BÜYÜKBAÞ
Karapýnar;KESMEZ;BÜYÜKBAÞ
Karapýnar;AKÇAYAZI;BÜYÜKBAÞ, KÜÇÜKBAÞ
Karapýnar;AKÖREN;BÜYÜKBAÞ, KÜÇÜKBAÞ
Karapýnar;ÇÝÐÝL;BÜYÜKBAÞ, KÜÇÜKBAÞ
Karapýnar;HASANOBA;BÜYÜKBAÞ, KÜÇÜKBAÞ
Karapýnar;ÝSLÝK;BÜYÜKBAÞ
Karapýnar;KARAKIÞLA;BÜYÜKBAÞ, KÜÇÜKBAÞ
Karapýnar;KAYACIK;BÜYÜKBAÞ, KÜÇÜKBAÞ
Karapýnar;KAYALI;BÜYÜKBAÞ, KÜÇÜKBAÞ
Karapýnar;KAZANHÜYÜÐÜ;BÜYÜKBAÞ, KÜÇÜKBAÞ
Karapýnar;KÜÇÜKAÞLAMA;BÜYÜKBAÞ, KÜÇÜKBAÞ
Karapýnar;ORTAOBA;BÜYÜKBAÞ, KÜÇÜKBAÞ
Karapýnar;OYMALI;BÜYÜKBAÞ, KÜÇÜKBAÞ
Karapýnar;SAZLIPINAR;BÜYÜKBAÞ, KÜÇÜKBAÞ
Karapýnar;YAÐMAPINAR;BÜYÜKBAÞ, KÜÇÜKBAÞ
Karapýnar;YENÝKUYU;BÜYÜKBAÞ, KÜÇÜKBAÞ
Karapýnar;YEÞÝLYURT;BÜYÜKBAÞ, KÜÇÜKBAÞ
Karatay;YARMA;BÜYÜKBAÞ, KÜÇÜKBAÞ
Karatay;ACIDORT;BÜYÜKBAÞ, KÜÇÜKBAÞ
Karatay;AÐSAKLI;BÜYÜKBAÞ, KÜÇÜKBAÞ
Karatay;AKBAÞ;BÜYÜKBAÞ, KÜÇÜKBAÞ
Karatay;AKÖRENKIÞLA;BÜYÜKBAÞ, KÜÇÜKBAÞ
Karatay;BAKIRTOLU;BÜYÜKBAÞ, KÜÇÜKBAÞ
Karatay;BAÞGÖTÜREN;BÜYÜKBAÞ, KÜÇÜKBAÞ
Karatay;BEÞAÐIL;BÜYÜKBAÞ, KÜÇÜKBAÞ
Karatay;BÜYÜKBURNAK;BÜYÜKBAÞ, KÜÇÜKBAÞ
Karatay;ÇENGÝLTÝ;BÜYÜKBAÞ, KÜÇÜKBAÞ
Karatay;DÝVANLAR;KÜÇÜKBAÞ
Karatay;ESENTEPE;BÜYÜKBAÞ, KÜÇÜKBAÞ
Karatay;GÖÇÜ;BÜYÜKBAÞ, KÜÇÜKBAÞ
Karatay;HAYIROÐLU MERKEZ;BÜYÜKBAÞ, KÜÇÜKBAÞ
Karatay;ÝPEKLER;BÜYÜKBAÞ, KÜÇÜKBAÞ
Karatay;ÝSMÝL;BÜYÜKBAÞ, KÜÇÜKBAÞ
Karatay;KARADONA;BÜYÜKBAÞ, KÜÇÜKBAÞ
Karatay;KARAKAYA;BÜYÜKBAÞ, KÜÇÜKBAÞ
Karatay;KATRANCI;BÜYÜKBAÞ, KÜÇÜKBAÞ
Karatay;KIZÖREN;BÜYÜKBAÞ, KÜÇÜKBAÞ
Karatay;KÖSEALÝ;BÜYÜKBAÞ
Karatay;OBRUK;BÜYÜKBAÞ, KÜÇÜKBAÞ
Karatay;OVAKAVAÐI;BÜYÜKBAÞ, KÜÇÜKBAÞ
Karatay;SAKYATAN;BÜYÜKBAÞ, KÜÇÜKBAÞ
Karatay;SÜRÜÇ;BÜYÜKBAÞ, KÜÇÜKBAÞ
Karatay;ÞATIR;BÜYÜKBAÞ, KÜÇÜKBAÞ
Karatay;YAÐLIBAYAT;BÜYÜKBAÞ, KÜÇÜKBAÞ
Karatay;YAVÞANKUYU;BÜYÜKBAÞ, KÜÇÜKBAÞ
Karatay;YENÝCE;BÜYÜKBAÞ, KÜÇÜKBAÞ
Karatay;YENÝKENT;BÜYÜKBAÞ
Karatay;ZÝNCÝRLÝ;BÜYÜKBAÞ, KÜÇÜKBAÞ
Kulu;ACIKUYU;BÜYÜKBAÞ, KÜÇÜKBAÞ
Kulu;AÐILBAÞI;BÜYÜKBAÞ, KÜÇÜKBAÞ
Kulu;ALTILAR;BÜYÜKBAÞ, KÜÇÜKBAÞ
Kulu;ARÞINCA;BÜYÜKBAÞ
Kulu;BEÞKARDEÞ;BÜYÜKBAÞ, KÜÇÜKBAÞ
Kulu;BOÐAZÖREN;BÜYÜKBAÞ
Kulu;BOZAN;BÜYÜKBAÞ, KÜÇÜKBAÞ
Kulu;BURUNAÐIL;BÜYÜKBAÞ, KÜÇÜKBAÞ
Kulu;CANIMANA;BÜYÜKBAÞ, KÜÇÜKBAÞ
Kulu;CELEP;BÜYÜKBAÞ, KÜÇÜKBAÞ
Kulu;DÝPDEDE;BÜYÜKBAÞ, KÜÇÜKBAÞ
Kulu;DOÐUTEPE;BÜYÜKBAÞ, KÜÇÜKBAÞ
Kulu;FEVZÝYE;BÜYÜKBAÞ, KÜÇÜKBAÞ
Kulu;GÖKLER;BÜYÜKBAÞ, KÜÇÜKBAÞ
Kulu;GÜZELYAYLA;BÜYÜKBAÞ, KÜÇÜKBAÞ
Kulu;HÝSAR;BÜYÜKBAÞ, KÜÇÜKBAÞ
Kulu;KARACADAÐ;BÜYÜKBAÞ, KÜÇÜKBAÞ
Kulu;KARACADERE;BÜYÜKBAÞ, KÜÇÜKBAÞ
Kulu;KIRKKUYU;BÜYÜKBAÞ, KÜÇÜKBAÞ
Kulu;KIRKPINAR;BÜYÜKBAÞ, KÜÇÜKBAÞ
Kulu;KOZANLI;BÜYÜKBAÞ, KÜÇÜKBAÞ
Kulu;KÖMÜÞÝNÝ;BÜYÜKBAÞ, KÜÇÜKBAÞ
Kulu;KÖÞKER;BÜYÜKBAÞ, KÜÇÜKBAÞ
Kulu;SARIYAYLA;BÜYÜKBAÞ
Kulu;SEYÝTAHMETLÝ;BÜYÜKBAÞ
Kulu;SOÐUKKUYU;BÜYÜKBAÞ
Kulu;ÞEREFLÝ;BÜYÜKBAÞ, KÜÇÜKBAÞ
Kulu;TAVLIÖREN;BÜYÜKBAÞ, KÜÇÜKBAÞ
Kulu;ÖMERANLI;BÜYÜKBAÞ, KÜÇÜKBAÞ
Kulu;TUZYAKA;BÜYÜKBAÞ, KÜÇÜKBAÞ
Kulu;YARAÞLI;BÜYÜKBAÞ, KÜÇÜKBAÞ
Kulu;YAZIÇAYIR;BÜYÜKBAÞ, KÜÇÜKBAÞ
Kulu;YEÞÝLTEPE;BÜYÜKBAÞ
Kulu;YEÞÝLYURT;BÜYÜKBAÞ, KÜÇÜKBAÞ
Kulu;ZÝNCÝRLÝKUYU;BÜYÜKBAÞ, KÜÇÜKBAÞ
Kulu;BAHADIRLI;BÜYÜKBAÞ, KÜÇÜKBAÞ
Kulu;DEÐÝRMENÖZÜ;BÜYÜKBAÞ, KÜÇÜKBAÞ
Meram;ERENKAYA;BÜYÜKBAÞ
Meram;YATAÐAN;BÜYÜKBAÞ, KÜÇÜKBAÞ
Meram;GÖKYURT;BÜYÜKBAÞ, KÜÇÜKBAÞ
Meram;BAYAT;BÜYÜKBAÞ, KÜÇÜKBAÞ
Meram;BORUKTOLU;BÜYÜKBAÞ, KÜÇÜKBAÞ
Meram;BOTSA;BÜYÜKBAÞ, KÜÇÜKBAÞ
Meram;ÇAYIRBAÐI;BÜYÜKBAÞ, KÜÇÜKBAÞ
Meram;ÇOMAKLAR;BÜYÜKBAÞ, KÜÇÜKBAÞ
Meram;ÇUKURÇÝMEN;BÜYÜKBAÞ, KÜÇÜKBAÞ
Meram;EVLÝYATEKKE;BÜYÜKBAÞ, KÜÇÜKBAÞ
Meram;HATUNSARAY;BÜYÜKBAÞ, KÜÇÜKBAÞ
Meram;ÝKÝPINAR;BÜYÜKBAÞ, KÜÇÜKBAÞ
Meram;ÝLYASBABA;BÜYÜKBAÞ
Meram;ÝNLÝCE;BÜYÜKBAÞ, KÜÇÜKBAÞ
Meram;KARAAÐAÇ;BÜYÜKBAÞ, KÜÇÜKBAÞ
Meram;KAVAK;BÜYÜKBAÞ, KÜÇÜKBAÞ
Meram;KAYADÝBÝ;BÜYÜKBAÞ, KÜÇÜKBAÞ
Meram;KAYALI;BÜYÜKBAÞ, KÜÇÜKBAÞ
Meram;KAYHÜYÜK;BÜYÜKBAÞ, KÜÇÜKBAÞ
Meram;KIZILÖREN;BÜYÜKBAÞ, KÜÇÜKBAÞ
Meram;KUMRALI;BÜYÜKBAÞ, KÜÇÜKBAÞ
Meram;SADIKLAR;BÜYÜKBAÞ, KÜÇÜKBAÞ
Meram;SAÐLIK;BÜYÜKBAÞ, KÜÇÜKBAÞ
Meram;SARIKIZ;BÜYÜKBAÞ, KÜÇÜKBAÞ
Meram;SEFAKÖY;BÜYÜKBAÞ, KÜÇÜKBAÞ
Meram;YEÞÝLDERE;BÜYÜKBAÞ, KÜÇÜKBAÞ
Meram;YEÞÝLTEKKE;BÜYÜKBAÞ, KÜÇÜKBAÞ
Meram;KAÞINHANI;BÜYÜKBAÞ, KÜÇÜKBAÞ
Sarayönü;LADÝK;BÜYÜKBAÞ, KÜÇÜKBAÞ
Sarayönü;BAHÇESARAY;BÜYÜKBAÞ, KÜÇÜKBAÞ
Sarayönü;BAÞHÜYÜK;BÜYÜKBAÞ, KÜÇÜKBAÞ
Sarayönü;BOYALI;BÜYÜKBAÞ, KÜÇÜKBAÞ
Sarayönü;BÜYÜKZENGÝ;BÜYÜKBAÞ, KÜÇÜKBAÞ
Sarayönü;ÇEÞMELÝSEBÝL;BÜYÜKBAÞ, KÜÇÜKBAÞ
Sarayönü;DEÐÝRMENLÝ;BÜYÜKBAÞ
Sarayönü;ERTUÐRUL;BÜYÜKBAÞ, KÜÇÜKBAÞ
Sarayönü;GÖZLÜ;BÜYÜKBAÞ, KÜÇÜKBAÞ
Sarayönü;KADIOÐLU;BÜYÜKBAÞ, KÜÇÜKBAÞ
Sarayönü;KARABIYIK;BÜYÜKBAÞ, KÜÇÜKBAÞ
Sarayönü;KARATEPE;BÜYÜKBAÞ, KÜÇÜKBAÞ
Sarayönü;KAYIÖREN;BÜYÜKBAÞ, KÜÇÜKBAÞ
Sarayönü;KONAR;BÜYÜKBAÞ, KÜÇÜKBAÞ
Sarayönü;KURÞUNLU;BÜYÜKBAÞ
Sarayönü;KUYULUSEBÝL;BÜYÜKBAÞ, KÜÇÜKBAÞ
Sarayönü;ÖZKENT;BÜYÜKBAÞ, KÜÇÜKBAÞ
Sarayönü;YENÝCEKAYA;BÜYÜKBAÞ
Selçuklu;BAÞARAKAVAK;KÜÇÜKBAÞ
Selçuklu;hasan;
Selçuklu;SARAYKÖY;BÜYÜKBAÞ, KÜÇÜKBAÞ
Selçuklu;SULUTAS;BÜYÜKBAÞ, KÜÇÜKBAÞ
Selçuklu;TATKÖY;BÜYÜKBAÞ, KÜÇÜKBAÞ
Selçuklu;AKPINAR;BÜYÜKBAÞ, KÜÇÜKBAÞ
Selçuklu;BAÐRIKURT;BÜYÜKBAÞ, KÜÇÜKBAÞ
Selçuklu;BÝÇER;BÜYÜKBAÞ
Selçuklu;ÇALDERE;BÜYÜKBAÞ, KÜÇÜKBAÞ
Selçuklu;ÇALTI;BÜYÜKBAÞ, KÜÇÜKBAÞ
Selçuklu;ÇANDIR;BÜYÜKBAÞ, KÜÇÜKBAÞ
Selçuklu;DAÐDERE;BÜYÜKBAÞ, KÜÇÜKBAÞ
Selçuklu;EÐRÝBAYAT;BÜYÜKBAÞ, KÜÇÜKBAÞ
Selçuklu;GÜVENÇ;BÜYÜKBAÞ, KÜÇÜKBAÞ
Selçuklu;KALE;BÜYÜKBAÞ, KÜÇÜKBAÞ
Selçuklu;KARAÖMERLER;BÜYÜKBAÞ, KÜÇÜKBAÞ
Selçuklu;KERVAN;BÜYÜKBAÞ
Selçuklu;KINIK;BÜYÜKBAÞ, KÜÇÜKBAÞ
Selçuklu;KIZILCAKUYU;BÜYÜKBAÞ
Selçuklu;MEYDAN;BÜYÜKBAÞ
Selçuklu;SELAHATTÝN;BÜYÜKBAÞ, KÜÇÜKBAÞ, KANATLI HAYVAN
Selçuklu;SIZMA;BÜYÜKBAÞ, KÜÇÜKBAÞ
Selçuklu;TEPEKENT;BÜYÜKBAÞ, KÜÇÜKBAÞ
Selçuklu;ULUMUHSÝNE;BÜYÜKBAÞ
Selçuklu;YAZIBELEN;BÜYÜKBAÞ, KÜÇÜKBAÞ
Selçuklu;SÝLLE;KÜÇÜKBAÞ
Selçuklu;ARDIÇLI;BÜYÜKBAÞ, KÜÇÜKBAÞ
Selçuklu;AÞAÐIPINARBAÞI;BÜYÜKBAÞ, KÜÇÜKBAÞ
Selçuklu;YUKARIPINARBAÞI;BÜYÜKBAÞ, KÜÇÜKBAÞ
Selçuklu;KÜÇÜKMUHSÝNE;BÜYÜKBAÞ, KÜÇÜKBAÞ
Selçuklu;SARICALAR;BÜYÜKBAÞ, KÜÇÜKBAÞ
Selçuklu;TÖMEK;BÜYÜKBAÞ, KÜÇÜKBAÞ
Selçuklu;YÜKSELEN;BÜYÜKBAÞ, KÜÇÜKBAÞ
Selçuklu;Mehmet Fatih;
Seydiþehir;KESECÝK;BÜYÜKBAÞ
Seydiþehir;AKÇALAR;BÜYÜKBAÞ
Seydiþehir;AÞAÐIKARAÖREN;BÜYÜKBAÞ, KÜÇÜKBAÞ
Seydiþehir;BAÞKARAÖREN;BÜYÜKBAÞ, KÜÇÜKBAÞ
Seydiþehir;BOSTANDERE;BÜYÜKBAÞ, KÜÇÜKBAÞ
Seydiþehir;BOYALI;BÜYÜKBAÞ
Seydiþehir;BÜKÇE;BÜYÜKBAÞ
Seydiþehir;ÇAT;BÜYÜKBAÞ
Seydiþehir;ÇATMAKAYA;BÜYÜKBAÞ, KÜÇÜKBAÞ
Seydiþehir;ÇAVUÞ;BÜYÜKBAÞ, KÜÇÜKBAÞ
Seydiþehir;DÝKÝLÝTAÞ;BÜYÜKBAÞ, KÜÇÜKBAÞ
Seydiþehir;GEVREKLÝ;BÜYÜKBAÞ, KÜÇÜKBAÞ
Seydiþehir;GÖKÇEHÜYÜK;BÜYÜKBAÞ, KÜÇÜKBAÞ
Seydiþehir;GÖKHÜYÜK;BÜYÜKBAÞ, KÜÇÜKBAÞ
Seydiþehir;GÖLYÜZÜ;BÜYÜKBAÞ, KÜÇÜKBAÞ
Seydiþehir;IRMAKLI;BÜYÜKBAÞ, KÜÇÜKBAÞ
Seydiþehir;ÝNCESU;BÜYÜKBAÞ, KÜÇÜKBAÞ
Seydiþehir;KARABULAK;BÜYÜKBAÞ
Seydiþehir;KARACAÖREN;BÜYÜKBAÞ
Seydiþehir;KAVAK;BÜYÜKBAÞ, KÜÇÜKBAÞ
Seydiþehir;KETENLÝ;BÜYÜKBAÞ, KÜÇÜKBAÞ
Seydiþehir;KIZILCA;BÜYÜKBAÞ
Seydiþehir;KOZLU;BÜYÜKBAÞ, KÜÇÜKBAÞ
Seydiþehir;KUMLUCA;BÜYÜKBAÞ, KÜÇÜKBAÞ
Seydiþehir;KURAN;BÜYÜKBAÞ, KÜÇÜKBAÞ
Seydiþehir;MADENLÝ;BÜYÜKBAÞ
Seydiþehir;MESUDÝYE;BÜYÜKBAÞ, KÜÇÜKBAÞ
Seydiþehir;MURADÝYE;BÜYÜKBAÞ
Seydiþehir;OÐLAKÇI;BÜYÜKBAÞ
Seydiþehir;ORTAKARAÖREN;BÜYÜKBAÞ, KÜÇÜKBAÞ
Seydiþehir;SARAYCIK;BÜYÜKBAÞ, KÜÇÜKBAÞ
Seydiþehir;SUSUZ;BÜYÜKBAÞ, KÜÇÜKBAÞ
Seydiþehir;TARAÞÇI;BÜYÜKBAÞ
Seydiþehir;TAÞAÐIL;BÜYÜKBAÞ, KÜÇÜKBAÞ
Seydiþehir;TEPECÝK;BÜYÜKBAÞ
Seydiþehir;TOL;BÜYÜKBAÞ, KÜÇÜKBAÞ
Seydiþehir;UFACIK;BÜYÜKBAÞ, KÜÇÜKBAÞ
Seydiþehir;YAYLACIK;BÜYÜKBAÞ, KÜÇÜKBAÞ
Seydiþehir;YENÝCE;BÜYÜKBAÞ, KÜÇÜKBAÞ
Taþkent;AFÞAR;BÜYÜKBAÞ, KÜÇÜKBAÞ
Taþkent;BALCILAR;BÜYÜKBAÞ, KÜÇÜKBAÞ, KANATLI HAYVAN
Taþkent;BOLAY;BÜYÜKBAÞ, KÜÇÜKBAÞ
Taþkent;ÇETMÝ;KÜÇÜKBAÞ
Taþkent;KECÝMEN;KÜÇÜKBAÞ
Taþkent;KONGUL;BÜYÜKBAÞ, KÜÇÜKBAÞ
Taþkent;SAZAK;BÜYÜKBAÞ, KÜÇÜKBAÞ
Taþkent;ILICAPINAR;YOK
Tuzlukçu;KONARI;BÜYÜKBAÞ, KÜÇÜKBAÞ
Tuzlukçu;MEVLÜTLÜ;BÜYÜKBAÞ
Tuzlukçu;KORAÞI;BÜYÜKBAÞ, KÜÇÜKBAÞ
Tuzlukçu;ÇÖÐÜRLÜ;BÜYÜKBAÞ, KÜÇÜKBAÞ
Tuzlukçu;TURSUNLU;BÜYÜKBAÞ, KÜÇÜKBAÞ
Tuzlukçu;KUNDULLU;BÜYÜKBAÞ, KÜÇÜKBAÞ
Tuzlukçu;PAZARKAYA;BÜYÜKBAÞ
Tuzlukçu;SUBATAN;BÜYÜKBAÞ, KÜÇÜKBAÞ
Tuzlukçu;GÜRSU;BÜYÜKBAÞ, KÜÇÜKBAÞ
Tuzlukçu;ERDOÐDU;BÜYÜKBAÞ, KÜÇÜKBAÞ
Tuzlukçu;KÖKLÜCE;BÜYÜKBAÞ, KÜÇÜKBAÞ
Yalýhüyük;SARAY;BÜYÜKBAÞ, KÜÇÜKBAÞ
Yalýhüyük;ARASÖÐÜT;BÜYÜKBAÞ, KÜÇÜKBAÞ
Yunak;KUZÖREN;BÜYÜKBAÞ, KÜÇÜKBAÞ
Yunak;KOÇYAZI;BÜYÜKBAÞ, KÜÇÜKBAÞ
Yunak;TURGUT;BÜYÜKBAÞ, KÜÇÜKBAÞ
Yunak;PÝRÝBEYLÝ;BÜYÜKBAÞ, KÜÇÜKBAÞ
Yunak;SÜLÜKLÜ;BÜYÜKBAÞ, KÜÇÜKBAÞ
Yunak;ALTINÖZ;BÜYÜKBAÞ, KÜÇÜKBAÞ
Yunak;AYRITEPE;BÜYÜKBAÞ, KÜÇÜKBAÞ
Yunak;BEÞIÞIKLI;BÜYÜKBAÞ
Yunak;CEBRAÝL;BÜYÜKBAÞ
Yunak;ÇAYIRBAÞI;BÜYÜKBAÞ, KÜÇÜKBAÞ
Yunak;EÐRÝKUYU;BÜYÜKBAÞ, KÜÇÜKBAÞ
Yunak;HACIÖMEROÐLU;BÜYÜKBAÞ, KÜÇÜKBAÞ
Yunak;HATIRLI;BÜYÜKBAÞ, KÜÇÜKBAÞ
Yunak;HACIFAKILI;KÜÇÜKBAÞ
Yunak;HARUNLAR;BÜYÜKBAÞ, KÜÇÜKBAÞ
Yunak;HURSUNLU;BÜYÜKBAÞ, KÜÇÜKBAÞ
Yunak;ÝMAMOÐLU;BÜYÜKBAÞ, KÜÇÜKBAÞ
Yunak;KARGALI;BÜYÜKBAÞ, KÜÇÜKBAÞ, KANATLI HAYVAN
Yunak;KARAYAYLA;BÜYÜKBAÞ, KÜÇÜKBAÞ
Yunak;KILLAR;BÜYÜKBAÞ, KÜÇÜKBAÞ
Yunak;KURTUÞAÐI;BÜYÜKBAÞ, KÜÇÜKBAÞ
Yunak;KUYUBAÞI;BÜYÜKBAÞ, KÜÇÜKBAÞ
Yunak;MEÞELÝK;BÜYÜKBAÞ, KÜÇÜKBAÞ
Yunak;ODABAÞI;BÜYÜKBAÞ, KÜÇÜKBAÞ
Yunak;ORTAKIÞLA;BÜYÜKBAÞ, KÜÇÜKBAÞ
Yunak;ÖZYAYLA;BÜYÜKBAÞ, KÜÇÜKBAÞ
Yunak;SERTLER;BÜYÜKBAÞ, KÜÇÜKBAÞ
Yunak;SEVÝNÇ;BÜYÜKBAÞ, KÜÇÜKBAÞ
Yunak;SIRAM;BÜYÜKBAÞ, KÜÇÜKBAÞ
Yunak;SÝNANLI;BÜYÜKBAÞ, KÜÇÜKBAÞ
Yunak;YAVAÞLI;BÜYÜKBAÞ, KÜÇÜKBAÞ
Yunak;YEÞÝLOBA;BÜYÜKBAÞ, KÜÇÜKBAÞ
Yunak;YEÞÝLYAYLA;BÜYÜKBAÞ, KÜÇÜKBAÞ
Yunak;YIÐAR;KÜÇÜKBAÞ
Yunak;SARAY;BÜYÜKBAÞ, KÜÇÜKBAÞ
;;
