ÝLÇE ADI;MAHALLE ADI;SULAMA SUYU KAYNAÐI YÖNETÝMÝ
Ahýrlý;ALÝÇERÇÝ;YOK
Ahýrlý;BADEMLÝ;YOK
Ahýrlý;BALIKLAVA;SULAMA BÝRLÝÐÝ
Ahýrlý;BÜYÜKÖZ;ÞAHSÝ KUYULAR
Ahýrlý;ÇÝFTLÝK;ÞAHSÝ KUYULAR
Ahýrlý;ERDOÐAN;ÞAHSÝ KUYULAR
Ahýrlý;KARACAKUYU;ÞAHSÝ KUYULAR
Ahýrlý;KAYACIK;ÞAHSÝ KUYULAR
Ahýrlý;KURUÇAY;ÞAHSÝ KUYULAR
Ahýrlý;KÜÇÜKÖZ;ÞAHSÝ KUYULAR
Akören;AVDAN;ÞAHSÝ KUYULAR
Akören;KAYASU;SULAMA KOOPERATÝFÝ
Akören;AHMEDÝYE;SULAMA KOOPERATÝFÝ
Akören;ALAN;YOK
Akören;BELKUYU;ÞAHSÝ KUYULAR
Akören;ÇATÖREN;SULAMA KOOPERATÝFÝ
Akören;DUTLU;YOK
Akören;ORHANÝYE;SULAMA KOOPERATÝFÝ
Akören;SÜLEYMANÝYE;SULAMA KOOPERATÝFÝ
Akören;TÜLCE;SULAMA KOOPERATÝFÝ
Akören;KARAHÜYÜK;SULAMA KOOPERATÝFÝ
Akþehir;ÇAKILLAR;ÞAHSÝ KUYULAR, SULAMA KOOPERATÝFÝ
Akþehir;GEDÝL;SULAMA KOOPERATÝFÝ
Akþehir;KARAHÜYÜK;ÞAHSÝ KUYULAR, SULAMA KOOPERATÝFÝ
Akþehir;ADSIZ;SULAMA KOOPERATÝFÝ
Akþehir;ALANYURT;ÞAHSÝ KUYULAR, SULAMA KOOPERATÝFÝ
Akþehir;ALTUNTAÞ;SULAMA KOOPERATÝFÝ
Akþehir;ATAKENT;SULAMA KOOPERATÝFÝ
Akþehir;BOZLAÐAN;SULAMA KOOPERATÝFÝ
Akþehir;CANKURTARAN;ÞAHSÝ KUYULAR
Akþehir;ÇAMLI;SULAMA BÝRLÝÐÝ
Akþehir;ÇÝMENDERE;SULAMA BÝRLÝÐÝ, SULAMA KOOPERATÝFÝ
Akþehir;DEÐÝRMENKÖY;SULAMA KOOPERATÝFÝ
Akþehir;DOÐRUGÖZ;ÞAHSÝ KUYULAR, SULAMA KOOPERATÝFÝ
Akþehir;ENGÝLÝ;ÞAHSÝ KUYULAR, SULAMA KOOPERATÝFÝ
Akþehir;GÖLÇAYIR;SULAMA KOOPERATÝFÝ
Akþehir;GÖZPINARI;SULAMA KOOPERATÝFÝ
Akþehir;ILICAK;ÞAHSÝ KUYULAR, SULAMA KOOPERATÝFÝ
Akþehir;KARABULUT;SULAMA KOOPERATÝFÝ
Akþehir;ORTACA;ÞAHSÝ KUYULAR
Akþehir;ORTAKÖY;ÞAHSÝ KUYULAR
Akþehir;REÝS;ÞAHSÝ KUYULAR
Akþehir;SAVAÞ;SULAMA KOOPERATÝFÝ
Akþehir;SORKUN;SULAMA KOOPERATÝFÝ
Akþehir;SÖÐÜTLÜ;ÞAHSÝ KUYULAR, SULAMA KOOPERATÝFÝ
Akþehir;TEKKE;ÞAHSÝ KUYULAR
Akþehir;TÝPÝKÖY;ÞAHSÝ KUYULAR
Akþehir;ULUPINAR;ÞAHSÝ KUYULAR, SULAMA KOOPERATÝFÝ
Akþehir;ÜÇHÜYÜK;ÞAHSÝ KUYULAR
Akþehir;YAÞARLAR;ÞAHSÝ KUYULAR
Akþehir;YAYLABELEN;SULAMA KOOPERATÝFÝ
Akþehir;YAZLA;SULAMA KOOPERATÝFÝ
Akþehir;YENÝKÖY;ÞAHSÝ KUYULAR
Akþehir;YEÞÝLKÖY;ÞAHSÝ KUYULAR
Akþehir;SARAY;SULAMA KOOPERATÝFÝ
Altýnekin;OÐUZELÝ;ÞAHSÝ KUYULAR
Altýnekin;AKCAÞAR;ÞAHSÝ KUYULAR
Altýnekin;AYIÞIÐI;YOK
Altýnekin;AKKÖY;ÞAHSÝ KUYULAR
Altýnekin;BORUKKUYU;SULAMA KOOPERATÝFÝ
Altýnekin;HACINUMAN;ÞAHSÝ KUYULAR, SULAMA KOOPERATÝFÝ
Altýnekin;KARAKAYA;ÞAHSÝ KUYULAR
Altýnekin;KOÇAÞ;SULAMA KOOPERATÝFÝ
Altýnekin;KOÇYAKA;ÞAHSÝ KUYULAR
Altýnekin;MANTAR;SULAMA KOOPERATÝFÝ
Altýnekin;YENÝÖLMEZ;ÞAHSÝ KUYULAR
Altýnekin;SARNIÇ;ÞAHSÝ KUYULAR
Altýnekin;TOPRAKLIK;ÞAHSÝ KUYULAR, SULAMA KOOPERATÝFÝ
Altýnekin;YENÝKUYU;SULAMA KOOPERATÝFÝ
Altýnekin;YENÝYAYLA;ÞAHSÝ KUYULAR
Altýnekin;DEDELER;ÞAHSÝ KUYULAR
Altýnekin;AKINCILAR;ÞAHSÝ KUYULAR
Beyþehir;ADAKÖY;ÞAHSÝ KUYULAR
Beyþehir;AÐILÖNÜ;ÞAHSÝ KUYULAR
Beyþehir;AKBURUN;ÞAHSÝ KUYULAR
Beyþehir;AKÇABELEN;SULAMA KOOPERATÝFÝ
Beyþehir;AVDANCIK;SULAMA BÝRLÝÐÝ
Beyþehir;BADEMLÝ;YOK
Beyþehir;BAYAT;SULAMA BÝRLÝÐÝ
Beyþehir;BAYAVÞAR;SULAMA BÝRLÝÐÝ
Beyþehir;BAYINDIR;SULAMA BÝRLÝÐÝ
Beyþehir;BAÞGÖZE;SULAMA BÝRLÝÐÝ
Beyþehir;BEKDEMÝR;SULAMA BÝRLÝÐÝ
Beyþehir;DAMLAPINAR;SULAMA BÝRLÝÐÝ
Beyþehir;DOÐANBEY;SULAMA BÝRLÝÐÝ
Beyþehir;DOÐANCIK;SULAMA KOOPERATÝFÝ
Beyþehir;DUMANLI;SULAMA BÝRLÝÐÝ
Beyþehir;EMEN;ÞAHSÝ KUYULAR, SULAMA KOOPERATÝFÝ
Beyþehir;ESENCE;ÞAHSÝ KUYULAR
Beyþehir;EYLÝKLER;ÞAHSÝ KUYULAR
Beyþehir;EÐÝRLER;ÞAHSÝ KUYULAR
Beyþehir;FASILLAR;ÞAHSÝ KUYULAR
Beyþehir;GÖKÇEKUYU;ÞAHSÝ KUYULAR, SULAMA BÝRLÝÐÝ
Beyþehir;GÖKÇÝMEN;ÞAHSÝ KUYULAR
Beyþehir;GÖLKAÞI;SULAMA KOOPERATÝFÝ
Beyþehir;GÖLYAKA;ÞAHSÝ KUYULAR
Beyþehir;GÖNEN;ÞAHSÝ KUYULAR, SULAMA BÝRLÝÐÝ
Beyþehir;GÖÇÜ;ÞAHSÝ KUYULAR, SULAMA KOOPERATÝFÝ
Beyþehir;GÜNDOÐDU;ÞAHSÝ KUYULAR
Beyþehir;HUÐLU;ÞAHSÝ KUYULAR
Beyþehir;HÜSEYÝNLER;ÞAHSÝ KUYULAR
Beyþehir;ÝSAKÖY;ÞAHSÝ KUYULAR, SULAMA BÝRLÝÐÝ
Beyþehir;KARAALÝ;ÞAHSÝ KUYULAR, SULAMA KOOPERATÝFÝ
Beyþehir;KARABAYAT;ÞAHSÝ KUYULAR, SULAMA KOOPERATÝFÝ
Beyþehir;KARADÝKEN;ÞAHSÝ KUYULAR
Beyþehir;KARAHÝSAR;SULAMA BÝRLÝÐÝ
Beyþehir;KAYABAÞI;ÞAHSÝ KUYULAR
Beyþehir;KURUCUOVA;ÞAHSÝ KUYULAR, SULAMA BÝRLÝÐÝ
Beyþehir;KUÞLUCA;ÞAHSÝ KUYULAR
Beyþehir;KÜÇÜKAVÞAR;ÞAHSÝ KUYULAR
Beyþehir;MESUTLAR;ÞAHSÝ KUYULAR
Beyþehir;SADIKHACI;SULAMA KOOPERATÝFÝ
Beyþehir;SARIKÖY;ÞAHSÝ KUYULAR, SULAMA BÝRLÝÐÝ
Beyþehir;SEVÝNDÝK;SULAMA KOOPERATÝFÝ
Beyþehir;ÞAMLAR;ÞAHSÝ KUYULAR
Beyþehir;ÜÇPINAR;ÞAHSÝ KUYULAR
Beyþehir;ÜSTÜNLER;ÞAHSÝ KUYULAR, SULAMA BÝRLÝÐÝ
Beyþehir;ÜZÜMLÜ;ÞAHSÝ KUYULAR
Beyþehir;YAZYURDU;ÞAHSÝ KUYULAR
Beyþehir;YENÝDOÐAN;SULAMA KOOPERATÝFÝ
Beyþehir;YEÞÝLDAÐ;ÞAHSÝ KUYULAR, SULAMA BÝRLÝÐÝ
Beyþehir;YUKARIESENCE;SULAMA BÝRLÝÐÝ
Beyþehir;YUNUSLAR;ÞAHSÝ KUYULAR, SULAMA BÝRLÝÐÝ
Beyþehir;ÇÝFTLÝK;SULAMA BÝRLÝÐÝ
Beyþehir;ÇÝVRÝL;SULAMA BÝRLÝÐÝ
Beyþehir;ÇUKURAÐIL;ÞAHSÝ KUYULAR, SULAMA KOOPERATÝFÝ
Bozkýr;ÇAÐLAYAN;ÞAHSÝ KUYULAR
Bozkýr;HAMZALAR;ÞAHSÝ KUYULAR
Bozkýr;AKÇAPINAR;SULAMA KOOPERATÝFÝ
Bozkýr;ARMUTLU;ÞAHSÝ KUYULAR
Bozkýr;ARSLANTAÞ;ÞAHSÝ KUYULAR
Bozkýr;AYDINKIÞLA;ÞAHSÝ KUYULAR
Bozkýr;AYVALCA;ÞAHSÝ KUYULAR
Bozkýr;BAÐYURDU;ÞAHSÝ KUYULAR
Bozkýr;BAYBAÐAN;SULAMA KOOPERATÝFÝ
Bozkýr;BOZDAM;ÞAHSÝ KUYULAR
Bozkýr;DEREÝÇÝ;ÞAHSÝ KUYULAR, SULAMA BÝRLÝÐÝ
Bozkýr;DEREKÖY;ÞAHSÝ KUYULAR, SULAMA BÝRLÝÐÝ, BELEDÝYE
Bozkýr;ELMAAÐAÇ;YOK
Bozkýr;HACILAR;ÞAHSÝ KUYULAR
Bozkýr;HACIYUNUSLAR;ÞAHSÝ KUYULAR
Bozkýr;HARMANPINAR;ÞAHSÝ KUYULAR
Bozkýr;HÝSARLIK;ÞAHSÝ KUYULAR
Bozkýr;IÞIKLAR;ÞAHSÝ KUYULAR, SULAMA BÝRLÝÐÝ, BELEDÝYE
Bozkýr;KARABAYIR;ÞAHSÝ KUYULAR
Bozkýr;KARACAARDIÇ;ÞAHSÝ KUYULAR
Bozkýr;KARACAHÝSAR;ÞAHSÝ KUYULAR
Bozkýr;KARAYAHYA;YOK
Bozkýr;KAYACILAR;ÞAHSÝ KUYULAR
Bozkýr;KAYAPINAR;ÞAHSÝ KUYULAR
Bozkýr;KINIK;ÞAHSÝ KUYULAR
Bozkýr;KIZILÇAKIR;YOK
Bozkýr;KÝLDERE;ÞAHSÝ KUYULAR
Bozkýr;KOVANLIK;ÞAHSÝ KUYULAR, SULAMA BÝRLÝÐÝ
Bozkýr;KOZAÐAÇ;ÞAHSÝ KUYULAR
Bozkýr;KUÞÇA;ÞAHSÝ KUYULAR
Bozkýr;KÜÇÜKHÝSARLIK;ÞAHSÝ KUYULAR
Bozkýr;PINARCIK;ÞAHSÝ KUYULAR
Bozkýr;SARIOÐLAN;ÞAHSÝ KUYULAR
Bozkýr;SAZLI;ÞAHSÝ KUYULAR
Bozkýr;SOÐUCAK;ÞAHSÝ KUYULAR
Bozkýr;SORKUN;ÞAHSÝ KUYULAR
Bozkýr;SÖÐÜT;ÞAHSÝ KUYULAR
Bozkýr;TARLABAÞI;ÞAHSÝ KUYULAR
Bozkýr;TAÞBAÞI;YOK
Bozkýr;TEPEARASI;ÞAHSÝ KUYULAR
Bozkýr;TEPELÝCE;ÞAHSÝ KUYULAR
Bozkýr;ULUPINAR;ÞAHSÝ KUYULAR
Bozkýr;ÜÇPINAR;ÞAHSÝ KUYULAR
Bozkýr;YALNIZCA;ÞAHSÝ KUYULAR
Bozkýr;YAZDAMI;ÞAHSÝ KUYULAR
Bozkýr;YELBEYÝ;ÞAHSÝ KUYULAR
Bozkýr;YENÝKÖY;ÞAHSÝ KUYULAR
Bozkýr;YOLÖREN;ÞAHSÝ KUYULAR
Çeltik;GÖKPINAR;ÞAHSÝ KUYULAR, SULAMA KOOPERATÝFÝ
Çeltik;ADAKASIM;ÞAHSÝ KUYULAR
Çeltik;DOÐANYURT;ÞAHSÝ KUYULAR, SULAMA KOOPERATÝFÝ
Çeltik;KAÞÖREN;ÞAHSÝ KUYULAR, SULAMA KOOPERATÝFÝ
Çeltik;KÜÇÜKHASAN;ÞAHSÝ KUYULAR, SULAMA KOOPERATÝFÝ
Çeltik;TORUNLAR;ÞAHSÝ KUYULAR, SULAMA KOOPERATÝFÝ
Çeltik;ÝSHAKUÞAÐI;ÞAHSÝ KUYULAR, SULAMA KOOPERATÝFÝ
Çeltik;HONAMLI;ÞAHSÝ KUYULAR, SULAMA KOOPERATÝFÝ
Cihanbeyli;BÖÐRÜDELÝK;SULAMA KOOPERATÝFÝ
Cihanbeyli;YAPALI;ÞAHSÝ KUYULAR
Cihanbeyli;YENÝCEOBA;ÞAHSÝ KUYULAR, SULAMA KOOPERATÝFÝ
Cihanbeyli;CUMHURÝYET;YOK
Cihanbeyli;GEMECÝK;ÞAHSÝ KUYULAR
Cihanbeyli;GÖKTEPE;ÞAHSÝ KUYULAR
Cihanbeyli;AÐABEYLÝ;ÞAHSÝ KUYULAR
Cihanbeyli;HODOÐLU;YOK
Cihanbeyli;KAYI;ÞAHSÝ KUYULAR
Cihanbeyli;KIRKIÞLA;ÞAHSÝ KUYULAR
Cihanbeyli;KORKMAZLAR;ÞAHSÝ KUYULAR
Cihanbeyli;KÜÇÜKBEÞKAVAK;ÞAHSÝ KUYULAR
Cihanbeyli;MUTLUKONAK;ÞAHSÝ KUYULAR
Cihanbeyli;SAÐLIK;YOK
Cihanbeyli;SIÐIRCIK;SULAMA KOOPERATÝFÝ
Cihanbeyli;TURANLAR;YOK
Cihanbeyli;TÜFEKÇÝPINAR;ÞAHSÝ KUYULAR
Cihanbeyli;UZUNCAYAYLA;ÞAHSÝ KUYULAR
Cihanbeyli;YÜNLÜKUYU;YOK
Cihanbeyli;ZAFERÝYE;ÞAHSÝ KUYULAR
Cihanbeyli;GÖLYAZI;ÞAHSÝ KUYULAR
Cihanbeyli;GÜNYÜZÜ;ÞAHSÝ KUYULAR
Cihanbeyli;ÝNSUYU;ÞAHSÝ KUYULAR
Cihanbeyli;KANDÝL;ÞAHSÝ KUYULAR
Cihanbeyli;KARABAÐ;YOK
Cihanbeyli;KELHASAN;ÞAHSÝ KUYULAR
Cihanbeyli;KUÞCA;ÞAHSÝ KUYULAR
Cihanbeyli;KÜTÜKUÞAÐI;ÞAHSÝ KUYULAR
Cihanbeyli;TAÞPINAR;ÞAHSÝ KUYULAR
Cihanbeyli;BEYLÝOVA;ÞAHSÝ KUYULAR
Cihanbeyli;ÇÝMEN;ÞAHSÝ KUYULAR
Cihanbeyli;ÇÖL;ÞAHSÝ KUYULAR
Cihanbeyli;DAMLAKUYU;YOK
Cihanbeyli;BULDUK;ÞAHSÝ KUYULAR
Cihanbeyli;BÜYÜKBEÞKAVAK;YOK
Cihanbeyli;KARATEPE;YOK
Çumra;ARIKÖREN;SULAMA KOOPERATÝFÝ
Çumra;DEDEMOÐLU;ÞAHSÝ KUYULAR, SULAMA BÝRLÝÐÝ
Çumra;TÜRKMENCAMÝLÝ;ÞAHSÝ KUYULAR, SULAMA KOOPERATÝFÝ
Çumra;A.B.HÜYÜÐÜ;SULAMA KOOPERATÝFÝ
Çumra;DÝNEK;SULAMA KOOPERATÝFÝ
Çumra;ÝÇERÝÇUMRA;ÞAHSÝ KUYULAR, SULAMA KOOPERATÝFÝ
Çumra;GÜVERCÝNLÝK;ÞAHSÝ KUYULAR
Çumra;KARKIN;ÞAHSÝ KUYULAR
Çumra;OKÇU;SULAMA KOOPERATÝFÝ
Çumra;YENÝSU;ÞAHSÝ KUYULAR, SULAMA KOOPERATÝFÝ
Çumra;APA;SULAMA KOOPERATÝFÝ
Çumra;ABDÝTOLU;SULAMA KOOPERATÝFÝ
Çumra;ADAKALE;ÞAHSÝ KUYULAR
Çumra;ALEMDAR;ÞAHSÝ KUYULAR
Çumra;APASARAYCIK;ÞAHSÝ KUYULAR
Çumra;AFÞAR;YOK
Çumra;AVDUL;SULAMA KOOPERATÝFÝ
Çumra;BALÇIKHÝSAR;SULAMA KOOPERATÝFÝ
Çumra;BEYLERCE;SULAMA KOOPERATÝFÝ
Çumra;B.AÞLAMA;ÞAHSÝ KUYULAR
Çumra;CÝCEK;SULAMA KOOPERATÝFÝ
Çumra;ÇUKURKAVAK;ÞAHSÝ KUYULAR
Çumra;DÝNLENDÝK;ÞAHSÝ KUYULAR
Çumra;DÝNEKSARAY;SULAMA KOOPERATÝFÝ
Çumra;DOÐANLI;ÞAHSÝ KUYULAR
Çumra;FETHÝYE;SULAMA KOOPERATÝFÝ
Çumra;GÖKHÜYÜK;ÞAHSÝ KUYULAR
Çumra;ERENTEPE;ÞAHSÝ KUYULAR
Çumra;ÝNLÝ;ÞAHSÝ KUYULAR, SULAMA KOOPERATÝFÝ
Çumra;KUZUCU;ÞAHSÝ KUYULAR, SULAMA KOOPERATÝFÝ
Çumra;KÜÇÜKKÖY;ÞAHSÝ KUYULAR, SULAMA KOOPERATÝFÝ
Çumra;SEÇME;ÞAHSÝ KUYULAR, SULAMA KOOPERATÝFÝ
Çumra;SÜRGÜÇ;SULAMA KOOPERATÝFÝ
Çumra;TAHTALI;ÞAHSÝ KUYULAR
Çumra;T.KARAHÜYÜK;SULAMA KOOPERATÝFÝ
Çumra;TAÞAÐIL;ÞAHSÝ KUYULAR, SULAMA KOOPERATÝFÝ
Çumra;UZUNKUYU;SULAMA KOOPERATÝFÝ
Çumra;ÜÇHÜYÜK;ÞAHSÝ KUYULAR
Çumra;ÜRÜNLÜ;ÞAHSÝ KUYULAR
Çumra;YÖRÜKCAMÝLÝ;ÞAHSÝ KUYULAR, SULAMA KOOPERATÝFÝ
Çumra;ÇAYBAÞI;SULAMA KOOPERATÝFÝ
Derbent;ÇÝFTLÝKÖZÜ;SULAMA KOOPERATÝFÝ
Derbent;DEÐÝÞ;YOK
Derbent;TEKKE;ÞAHSÝ KUYULAR
Derbent;GÜNEYKÖY;ÞAHSÝ KUYULAR
Derbent;MÜLAYÝM;YOK
Derbent;SARAYPINAR;ÞAHSÝ KUYULAR
Derbent;YASSIÖREN;ÞAHSÝ KUYULAR
Derbent;SÜLEYMAN;ÞAHSÝ KUYULAR
Derbent;KARALAR;ÞAHSÝ KUYULAR
Derebucak;ÇAMLIK;ÞAHSÝ KUYULAR, SULAMA BÝRLÝÐÝ
Derebucak;DURAK;YOK
Derebucak;GENCEK;SULAMA KOOPERATÝFÝ
Derebucak;GÖYNEM;SULAMA KOOPERATÝFÝ
Derebucak;PINARBAÞI;SULAMA BÝRLÝÐÝ
Derebucak;TAÞLIPINAR;YOK
Derebucak;TEPEARASI;ÞAHSÝ KUYULAR
Derebucak;UÐURLU;YOK
Doðanhisar;BAÞKÖY;SULAMA BÝRLÝÐÝ, SULAMA KOOPERATÝFÝ
Doðanhisar;YAZLICA;SULAMA KOOPERATÝFÝ
Doðanhisar;AYASLAR;SULAMA KOOPERATÝFÝ
Doðanhisar;ÇINAROBA;SULAMA KOOPERATÝFÝ
Doðanhisar;DEÞTÝÐÝN;SULAMA KOOPERATÝFÝ
Doðanhisar;FIRINLI;BELEDÝYE
Doðanhisar;GÜVENDÝK;YOK
Doðanhisar;ÝLYASLAR;SULAMA KOOPERATÝFÝ
Doðanhisar;KARAAÐA;SULAMA KOOPERATÝFÝ
Doðanhisar;KEMER;YOK
Doðanhisar;KOÇAÞ;ÞAHSÝ KUYULAR
Doðanhisar;KONAKKALE;SULAMA KOOPERATÝFÝ
Doðanhisar;TEKKE;ÞAHSÝ KUYULAR
Doðanhisar;UNCULAR;SULAMA KOOPERATÝFÝ
Doðanhisar;YAZIR;SULAMA KOOPERATÝFÝ
Doðanhisar;YENÝCE;SULAMA KOOPERATÝFÝ
Emirgazi;EKÝZLÝ;ÞAHSÝ KUYULAR
Emirgazi;AKMESCÝT;SULAMA KOOPERATÝFÝ
Emirgazi;BESCÝ;ÞAHSÝ KUYULAR, SULAMA KOOPERATÝFÝ
Emirgazi;DEMÝRCÝ;ÞAHSÝ KUYULAR
Emirgazi;GÖLÖREN;ÞAHSÝ KUYULAR, SULAMA KOOPERATÝFÝ
Emirgazi;IÞIKLAR;SULAMA KOOPERATÝFÝ
Emirgazi;KARAÖREN;ÞAHSÝ KUYULAR
Emirgazi;MEÞELÝ;ÞAHSÝ KUYULAR
Emirgazi;ÖBEKTAÞ;YOK
Emirgazi;YAMAÇ;ÞAHSÝ KUYULAR, SULAMA KOOPERATÝFÝ
Ereðli;ZENGEN;SULAMA BÝRLÝÐÝ, SULAMA KOOPERATÝFÝ
Ereðli;ACIPINAR;SULAMA BÝRLÝÐÝ
Ereðli;ADABAÐ;SULAMA BÝRLÝÐÝ
Ereðli;AKHÜYÜK;SULAMA BÝRLÝÐÝ
Ereðli;ALHAN;SULAMA BÝRLÝÐÝ
Ereðli;AÞAÐI GÖNDELEN;ÞAHSÝ KUYULAR, SULAMA BÝRLÝÐÝ
Ereðli;AÞIKLAR;SULAMA KOOPERATÝFÝ
Ereðli;AZÝZÝYE;SULAMA BÝRLÝÐÝ
Ereðli;BAHÇELÝ;SULAMA BÝRLÝÐÝ
Ereðli;BELCEAÐAÇ;SULAMA BÝRLÝÐÝ
Ereðli;BELKAYA;SULAMA KOOPERATÝFÝ
Ereðli;BEYKÖY;SULAMA BÝRLÝÐÝ
Ereðli;BEYÖREN;ÞAHSÝ KUYULAR, SULAMA KOOPERATÝFÝ
Ereðli;BULGURLUK;SULAMA BÝRLÝÐÝ
Ereðli;BURHANÝYE;SULAMA BÝRLÝÐÝ
Ereðli;BÜYÜKDEDE;SULAMA KOOPERATÝFÝ
Ereðli;ÇAKMAK;SULAMA BÝRLÝÐÝ, SULAMA KOOPERATÝFÝ
Ereðli;ÇAYHAN;SULAMA KOOPERATÝFÝ
Ereðli;ÇÝLLER;ÞAHSÝ KUYULAR, SULAMA BÝRLÝÐÝ
Ereðli;ÇÝMENCÝK;ÞAHSÝ KUYULAR, SULAMA BÝRLÝÐÝ
Ereðli;GAYBÝ;SULAMA BÝRLÝÐÝ
Ereðli;GÖKÇEYAZI;SULAMA BÝRLÝÐÝ
Ereðli;GÖKTÖME;SULAMA BÝRLÝÐÝ
Ereðli;HACIMEMÝÞ;SULAMA BÝRLÝÐÝ
Ereðli;KAMIÞLIKUYU;SULAMA BÝRLÝÐÝ
Ereðli;KARABURUN;SULAMA BÝRLÝÐÝ
Ereðli;KARGACI;ÞAHSÝ KUYULAR, SULAMA BÝRLÝÐÝ
Ereðli;KIZILGEDÝK;SULAMA BÝRLÝÐÝ
Ereðli;KUSKUNCUK;SULAMA BÝRLÝÐÝ
Ereðli;KUTÖREN;SULAMA KOOPERATÝFÝ
Ereðli;KUZUKUYU;SULAMA BÝRLÝÐÝ
Ereðli;MELÝCEK;ÞAHSÝ KUYULAR, SULAMA BÝRLÝÐÝ
Ereðli;ORHANÝYE;SULAMA BÝRLÝÐÝ
Ereðli;ÖZGÜRLER;SULAMA BÝRLÝÐÝ
Ereðli;PINARÖZÜ;ÞAHSÝ KUYULAR
Ereðli;SARICA;SULAMA BÝRLÝÐÝ
Ereðli;SARITOPALLI;ÞAHSÝ KUYULAR
Ereðli;SELVÝLÝ;ÞAHSÝ KUYULAR
Ereðli;TAÞAÐIL;SULAMA KOOPERATÝFÝ
Ereðli;TAÞBUDAK;ÞAHSÝ KUYULAR, SULAMA KOOPERATÝFÝ
Ereðli;TATLIKUYU;ÞAHSÝ KUYULAR
Ereðli;TÜRKMEN;SULAMA BÝRLÝÐÝ
Ereðli;ULUMEÞE;ÞAHSÝ KUYULAR, SULAMA BÝRLÝÐÝ
Ereðli;YAZLIK;SULAMA BÝRLÝÐÝ
Ereðli;YELLÝCE;SULAMA BÝRLÝÐÝ
Ereðli;YENÝKÖY;ÞAHSÝ KUYULAR
Ereðli;YILDIZLI;SULAMA BÝRLÝÐÝ
Ereðli;YUKARIGÖNDELEN;SULAMA BÝRLÝÐÝ
Ereðli;HORTU;SULAMA KOOPERATÝFÝ
Ereðli;ACIKUYU;SULAMA BÝRLÝÐÝ
Güneysýnýr;GÜRAÐAÇ;YOK
Güneysýnýr;AÐAÇOBA;ÞAHSÝ KUYULAR
Güneysýnýr;ALANÖZÜ;ÞAHSÝ KUYULAR
Güneysýnýr;AVCITEPE;YOK
Güneysýnýr;AYDOÐMUÞ;YOK
Güneysýnýr;HABÝLLER;SULAMA KOOPERATÝFÝ
Güneysýnýr;KARAGÜNEY;ÞAHSÝ KUYULAR
Güneysýnýr;KAYAAÐZI;ÞAHSÝ KUYULAR
Güneysýnýr;KIZILÖZ;YOK
Güneysýnýr;KURUKAVAK;ÞAHSÝ KUYULAR
Güneysýnýr;MEHMET ALÝ;BELEDÝYE
Güneysýnýr;ÖMEROÐLU;YOK
Güneysýnýr;ÖRENBOYALI;ÞAHSÝ KUYULAR
Güneysýnýr;SARIHACI;SULAMA KOOPERATÝFÝ
Hadim;AÞAÐIEÞENLER;SULAMA KOOPERATÝFÝ
Hadim;AÞAÐIKIZILKAYA;ÞAHSÝ KUYULAR
Hadim;BADEMLÝ;SULAMA BÝRLÝÐÝ
Hadim;BAÐBAÞI;ÞAHSÝ KUYULAR
Hadim;BEYRELÝ;ÞAHSÝ KUYULAR
Hadim;BOLAT;ÞAHSÝ KUYULAR
Hadim;ÇÝFTEPINAR;SULAMA KOOPERATÝFÝ
Hadim;DEDEMLÝ;ÞAHSÝ KUYULAR, SULAMA KOOPERATÝFÝ
Hadim;DÜLGERLER;ÞAHSÝ KUYULAR
Hadim;FAKILAR;ÞAHSÝ KUYULAR
Hadim;GAZÝLER;ÞAHSÝ KUYULAR
Hadim;GÖYNÜKKIÞLA;SULAMA BÝRLÝÐÝ
Hadim;GÜLPINAR;SULAMA BÝRLÝÐÝ
Hadim;ÝÐDEÖREN;YOK
Hadim;KALINAÐIL;ÞAHSÝ KUYULAR
Hadim;KAPLANLI;ÞAHSÝ KUYULAR
Hadim;GEZLEVÝ;SULAMA BÝRLÝÐÝ
Hadim;KÜPLÜCE;BELEDÝYE
Hadim;ODUNCU;ÞAHSÝ KUYULAR
Hadim;SARNIÇ;ÞAHSÝ KUYULAR
Hadim;SELAHATTÝN;BELEDÝYE
Hadim;UMURLAR;ÞAHSÝ KUYULAR
Hadim;YAÐCI;SULAMA KOOPERATÝFÝ
Hadim;YALINÇEVRE;ÞAHSÝ KUYULAR
Hadim;YELMEZ;SULAMA KOOPERATÝFÝ
Hadim;YENÝKONAK;ÞAHSÝ KUYULAR
Hadim;YUKARIEÞENLER;ÞAHSÝ KUYULAR, SULAMA BÝRLÝÐÝ
Halkapýnar;ÝVRÝZ;SULAMA KOOPERATÝFÝ
Halkapýnar;BÜYÜKDOÐAN;SULAMA KOOPERATÝFÝ
Halkapýnar;DEDELÝ;SULAMA BÝRLÝÐÝ
Halkapýnar;DELÝMAHMUTLU;BELEDÝYE
Halkapýnar;ESKÝHÝSAR;SULAMA KOOPERATÝFÝ
Halkapýnar;KARAYUSUFLU;ÞAHSÝ KUYULAR
Halkapýnar;KAYASARAY;SULAMA KOOPERATÝFÝ
Halkapýnar;KÖRLÜ;ÞAHSÝ KUYULAR
Halkapýnar;KÜSERE;SULAMA BÝRLÝÐÝ
Halkapýnar;OSMANKÖSELÝ;YOK
Halkapýnar;SEYDÝFAKILI;BELEDÝYE
Halkapýnar;YASSIKAYA;BELEDÝYE
Halkapýnar;YAYIKLI;SULAMA KOOPERATÝFÝ
Halkapýnar;YEÞÝLYURT;ÞAHSÝ KUYULAR
Halkapýnar;ÇAKILLAR;ÞAHSÝ KUYULAR
Hüyük;BAÞLAMIÞ;SULAMA KOOPERATÝFÝ
Hüyük;BUDAK;SULAMA BÝRLÝÐÝ
Hüyük;BURUNSUZ;SULAMA KOOPERATÝFÝ
Hüyük;ÇAMLICA;SULAMA KOOPERATÝFÝ
Hüyük;ÇAVUÞ;SULAMA KOOPERATÝFÝ
Hüyük;ÇUKURKENT;SULAMA BÝRLÝÐÝ
Hüyük;DEÐÝRMENALTI;SULAMA KOOPERATÝFÝ
Hüyük;GÖÇERÝ;SULAMA KOOPERATÝFÝ
Hüyük;GÖRÜNMEZ;ÞAHSÝ KUYULAR
Hüyük;ÝLMEN;SULAMA KOOPERATÝFÝ
Hüyük;ÝMRENLER;SULAMA KOOPERATÝFÝ
Hüyük;KIRELÝ;SULAMA BÝRLÝÐÝ
Hüyük;KÖÞK;ÞAHSÝ KUYULAR, SULAMA BÝRLÝÐÝ
Hüyük;MUTLU;ÞAHSÝ KUYULAR, SULAMA KOOPERATÝFÝ
Hüyük;PINARBAÞI;SULAMA KOOPERATÝFÝ
Hüyük;SELKÝ;SULAMA KOOPERATÝFÝ
Hüyük;SULUDERE;SULAMA KOOPERATÝFÝ
Hüyük;TOLCA;SULAMA BÝRLÝÐÝ
Hüyük;YENÝCE;SULAMA BÝRLÝÐÝ, SULAMA KOOPERATÝFÝ
Ilgýn;ARGITHANI;ÞAHSÝ KUYULAR, SULAMA KOOPERATÝFÝ
Ilgýn;BEYKONAK;ÞAHSÝ KUYULAR, SULAMA BÝRLÝÐÝ, SULAMA KOOPERATÝFÝ
Ilgýn;ÇAVUÞÇUGÖL;SULAMA KOOPERATÝFÝ
Ilgýn;AÐALAR;ÞAHSÝ KUYULAR, SULAMA BÝRLÝÐÝ, SULAMA KOOPERATÝFÝ
Ilgýn;BALKI;SULAMA BÝRLÝÐÝ
Ilgýn;BARAKMUSLU;YOK
Ilgýn;BELEKLER;SULAMA KOOPERATÝFÝ
Ilgýn;BOÐAZKENT;SULAMA KOOPERATÝFÝ
Ilgýn;BULCUK;SULAMA KOOPERATÝFÝ
Ilgýn;BÜYÜKOBA;ÞAHSÝ KUYULAR
Ilgýn;ÇÝÐÝL;SULAMA KOOPERATÝFÝ
Ilgýn;ÇATAK;YOK
Ilgýn;ÇOBANKAYA;YOK
Ilgýn;ÇÖMLEKCÝ;YOK
Ilgýn;DEREKÖY;YOK
Ilgýn;DIÐRAK;YOK
Ilgýn;DÜÐER;ÞAHSÝ KUYULAR
Ilgýn;ELDEÞ;SULAMA BÝRLÝÐÝ
Ilgýn;GEÇÝT;ÞAHSÝ KUYULAR
Ilgýn;GEDÝKÖREN;SULAMA BÝRLÝÐÝ
Ilgýn;GÖSTERE;SULAMA BÝRLÝÐÝ
Ilgýn;GÖKÇEYURT;SULAMA BÝRLÝÐÝ
Ilgýn;GÖLYAKA;ÞAHSÝ KUYULAR
Ilgýn;GÖKBUDAK;YOK
Ilgýn;GÜNEYPINAR;ÞAHSÝ KUYULAR
Ilgýn;HARMANYAZI;SULAMA KOOPERATÝFÝ
Ilgýn;ÝHSANÝYE;SULAMA BÝRLÝÐÝ
Ilgýn;KAPAKLI;ÞAHSÝ KUYULAR
Ilgýn;KARAKÖY;SULAMA BÝRLÝÐÝ
Ilgýn;KALEKÖY;ÞAHSÝ KUYULAR
Ilgýn;MAHMUTHÝSAR;SULAMA BÝRLÝÐÝ, SULAMA KOOPERATÝFÝ
Ilgýn;MECÝDÝYE;ÞAHSÝ KUYULAR
Ilgýn;MÝSAFÝRLÝ;ÞAHSÝ KUYULAR
Ilgýn;OLUKPINAR;SULAMA KOOPERATÝFÝ
Ilgýn;ORHANÝYE;ÞAHSÝ KUYULAR, SULAMA KOOPERATÝFÝ
Ilgýn;ORMANÖZÜ;ÞAHSÝ KUYULAR
Ilgýn;SADIKKÖY;SULAMA BÝRLÝÐÝ
Ilgýn;SEBÝLLER;BELEDÝYE
Ilgýn;TEKELER;YOK
Ilgýn;YUKARIÇÝÐÝL;SULAMA KOOPERATÝFÝ
Ilgýn;YORAZLAR;ÞAHSÝ KUYULAR
Ilgýn;ZAFERÝYE;SULAMA BÝRLÝÐÝ
Ilgýn;AVDAN;ÞAHSÝ KUYULAR
Kadýnhaný;OSMANCIK;SULAMA KOOPERATÝFÝ
Kadýnhaný;AFÞARLI;ÞAHSÝ KUYULAR
Kadýnhaný;ALABAÐ;ÞAHSÝ KUYULAR
Kadýnhaný;ATLANTI;ÞAHSÝ KUYULAR, SULAMA BÝRLÝÐÝ
Kadýnhaný;BAKIRPINAR;ÞAHSÝ KUYULAR
Kadýnhaný;BAÞKUYU;SULAMA KOOPERATÝFÝ
Kadýnhaný;BAYRAMLI;ÞAHSÝ KUYULAR
Kadýnhaný;BEYKAVAÐI;SULAMA KOOPERATÝFÝ
Kadýnhaný;BULGURPINAR;ÞAHSÝ KUYULAR
Kadýnhaný;ÇAVDAR;ÞAHSÝ KUYULAR
Kadýnhaný;ÇEÞMECÝK;YOK
Kadýnhaný;ÇUBUK;YOK
Kadýnhaný;DEMÝROLUK;ÞAHSÝ KUYULAR
Kadýnhaný;HACIMEHMETLÝ;ÞAHSÝ KUYULAR
Kadýnhaný;HACIOFLAZLAR;ÞAHSÝ KUYULAR
Kadýnhaný;HACIPÝRLÝ;ÞAHSÝ KUYULAR
Kadýnhaný;KABACALI;YOK
Kadýnhaný;KAMIÞLIÖZÜ;SULAMA KOOPERATÝFÝ
Kadýnhaný;KARAHÝSARLI;ÞAHSÝ KUYULAR
Kadýnhaný;KARAKURTLU;ÞAHSÝ KUYULAR
Kadýnhaný;KARASEVÝNÇ;YOK
Kadýnhaný;KARAYÜRÜKLÜ;ÞAHSÝ KUYULAR
Kadýnhaný;KIZILKUYU;ÞAHSÝ KUYULAR
Kadýnhaný;KOLUKISA;ÞAHSÝ KUYULAR, SULAMA KOOPERATÝFÝ
Kadýnhaný;KONURÖREN;ÞAHSÝ KUYULAR
Kadýnhaný;KÖKEZ;ÞAHSÝ KUYULAR
Kadýnhaný;KÖYLÜTOLU;ÞAHSÝ KUYULAR
Kadýnhaný;KURTHASANLI;ÞAHSÝ KUYULAR
Kadýnhaný;KÜÇÜKKUYU;ÞAHSÝ KUYULAR
Kadýnhaný;MAHMUDÝYE;SULAMA BÝRLÝÐÝ
Kadýnhaný;MEYDANLI;ÞAHSÝ KUYULAR, SULAMA KOOPERATÝFÝ
Kadýnhaný;ÖRNEK;ÞAHSÝ KUYULAR
Kadýnhaný;PÝRALÝ;YOK
Kadýnhaný;PUSAT;YOK
Kadýnhaný;SAÇIKARA;SULAMA KOOPERATÝFÝ
Kadýnhaný;SARIKAYA;YOK
Kadýnhaný;SÖÐÜTÖZÜ;ÞAHSÝ KUYULAR
Kadýnhaný;ÞAHÖREN;SULAMA BÝRLÝÐÝ
Kadýnhaný;TOSUNOÐLU;ÞAHSÝ KUYULAR
Kadýnhaný;YAÐLICA;YOK
Kadýnhaný;YAYLAYAKA;ÞAHSÝ KUYULAR
Karapýnar;HOTAMIÞ;ÞAHSÝ KUYULAR, SULAMA KOOPERATÝFÝ
Karapýnar;KESMEZ;SULAMA KOOPERATÝFÝ
Karapýnar;AKÇAYAZI;ÞAHSÝ KUYULAR
Karapýnar;AKÖREN;ÞAHSÝ KUYULAR, SULAMA KOOPERATÝFÝ
Karapýnar;ÇÝÐÝL;ÞAHSÝ KUYULAR
Karapýnar;HASANOBA;SULAMA KOOPERATÝFÝ
Karapýnar;ÝSLÝK;ÞAHSÝ KUYULAR
Karapýnar;KARAKIÞLA;ÞAHSÝ KUYULAR, SULAMA KOOPERATÝFÝ
Karapýnar;KAYACIK;ÞAHSÝ KUYULAR, SULAMA KOOPERATÝFÝ
Karapýnar;KAYALI;ÞAHSÝ KUYULAR, SULAMA KOOPERATÝFÝ
Karapýnar;KAZANHÜYÜÐÜ;SULAMA KOOPERATÝFÝ
Karapýnar;KÜÇÜKAÞLAMA;ÞAHSÝ KUYULAR, SULAMA KOOPERATÝFÝ
Karapýnar;ORTAOBA;ÞAHSÝ KUYULAR, SULAMA KOOPERATÝFÝ
Karapýnar;OYMALI;ÞAHSÝ KUYULAR, SULAMA KOOPERATÝFÝ
Karapýnar;SAZLIPINAR;ÞAHSÝ KUYULAR, SULAMA KOOPERATÝFÝ
Karapýnar;YAÐMAPINAR;ÞAHSÝ KUYULAR, SULAMA KOOPERATÝFÝ
Karapýnar;YENÝKUYU;ÞAHSÝ KUYULAR, SULAMA KOOPERATÝFÝ
Karapýnar;YEÞÝLYURT;ÞAHSÝ KUYULAR
Karatay;YARMA;ÞAHSÝ KUYULAR
Karatay;ACIDORT;ÞAHSÝ KUYULAR
Karatay;AÐSAKLI;ÞAHSÝ KUYULAR
Karatay;AKBAÞ;ÞAHSÝ KUYULAR
Karatay;AKÖRENKIÞLA;ÞAHSÝ KUYULAR, SULAMA KOOPERATÝFÝ
Karatay;BAKIRTOLU;ÞAHSÝ KUYULAR, SULAMA BÝRLÝÐÝ
Karatay;BAÞGÖTÜREN;ÞAHSÝ KUYULAR, SULAMA KOOPERATÝFÝ
Karatay;BEÞAÐIL;ÞAHSÝ KUYULAR, SULAMA KOOPERATÝFÝ
Karatay;BÜYÜKBURNAK;SULAMA KOOPERATÝFÝ
Karatay;ÇENGÝLTÝ;ÞAHSÝ KUYULAR, SULAMA KOOPERATÝFÝ
Karatay;DÝVANLAR;YOK
Karatay;ESENTEPE;ÞAHSÝ KUYULAR
Karatay;GÖÇÜ;ÞAHSÝ KUYULAR, SULAMA BÝRLÝÐÝ
Karatay;HAYIROÐLU MERKEZ;ÞAHSÝ KUYULAR
Karatay;ÝPEKLER;ÞAHSÝ KUYULAR, SULAMA KOOPERATÝFÝ
Karatay;ÝSMÝL;SULAMA BÝRLÝÐÝ
Karatay;KARADONA;ÞAHSÝ KUYULAR
Karatay;KARAKAYA;YOK
Karatay;KATRANCI;ÞAHSÝ KUYULAR, SULAMA KOOPERATÝFÝ
Karatay;KIZÖREN;ÞAHSÝ KUYULAR, SULAMA KOOPERATÝFÝ
Karatay;KÖSEALÝ;ÞAHSÝ KUYULAR
Karatay;OBRUK;ÞAHSÝ KUYULAR, SULAMA KOOPERATÝFÝ
Karatay;OVAKAVAÐI;ÞAHSÝ KUYULAR, SULAMA BÝRLÝÐÝ
Karatay;SAKYATAN;SULAMA BÝRLÝÐÝ
Karatay;SÜRÜÇ;ÞAHSÝ KUYULAR, SULAMA KOOPERATÝFÝ
Karatay;ÞATIR;SULAMA KOOPERATÝFÝ
Karatay;YAÐLIBAYAT;ÞAHSÝ KUYULAR
Karatay;YAVÞANKUYU;ÞAHSÝ KUYULAR
Karatay;YENÝCE;ÞAHSÝ KUYULAR
Karatay;YENÝKENT;ÞAHSÝ KUYULAR
Karatay;ZÝNCÝRLÝ;ÞAHSÝ KUYULAR
Kulu;ACIKUYU;ÞAHSÝ KUYULAR
Kulu;AÐILBAÞI;ÞAHSÝ KUYULAR
Kulu;ALTILAR;ÞAHSÝ KUYULAR
Kulu;ARÞINCA;ÞAHSÝ KUYULAR
Kulu;BEÞKARDEÞ;YOK
Kulu;BOÐAZÖREN;YOK
Kulu;BOZAN;ÞAHSÝ KUYULAR
Kulu;BURUNAÐIL;ÞAHSÝ KUYULAR
Kulu;CANIMANA;ÞAHSÝ KUYULAR
Kulu;CELEP;ÞAHSÝ KUYULAR
Kulu;DÝPDEDE;YOK
Kulu;DOÐUTEPE;ÞAHSÝ KUYULAR
Kulu;FEVZÝYE;ÞAHSÝ KUYULAR
Kulu;GÖKLER;YOK
Kulu;GÜZELYAYLA;ÞAHSÝ KUYULAR
Kulu;HÝSAR;YOK
Kulu;KARACADAÐ;SULAMA KOOPERATÝFÝ
Kulu;KARACADERE;YOK
Kulu;KIRKKUYU;YOK
Kulu;KIRKPINAR;YOK
Kulu;KOZANLI;SULAMA KOOPERATÝFÝ
Kulu;KÖMÜÞÝNÝ;YOK
Kulu;KÖÞKER;YOK
Kulu;SARIYAYLA;SULAMA KOOPERATÝFÝ
Kulu;SEYÝTAHMETLÝ;ÞAHSÝ KUYULAR
Kulu;SOÐUKKUYU;ÞAHSÝ KUYULAR
Kulu;ÞEREFLÝ;ÞAHSÝ KUYULAR
Kulu;TAVLIÖREN;ÞAHSÝ KUYULAR
Kulu;ÖMERANLI;ÞAHSÝ KUYULAR
Kulu;TUZYAKA;ÞAHSÝ KUYULAR
Kulu;YARAÞLI;YOK
Kulu;YAZIÇAYIR;YOK
Kulu;YEÞÝLTEPE;ÞAHSÝ KUYULAR
Kulu;YEÞÝLYURT;ÞAHSÝ KUYULAR
Kulu;ZÝNCÝRLÝKUYU;BELEDÝYE
Kulu;BAHADIRLI;ÞAHSÝ KUYULAR
Kulu;DEÐÝRMENÖZÜ;ÞAHSÝ KUYULAR
Meram;ERENKAYA;YOK
Meram;YATAÐAN;ÞAHSÝ KUYULAR
Meram;GÖKYURT;ÞAHSÝ KUYULAR, SULAMA KOOPERATÝFÝ
Meram;BAYAT;ÞAHSÝ KUYULAR
Meram;BORUKTOLU;ÞAHSÝ KUYULAR
Meram;BOTSA;SULAMA KOOPERATÝFÝ
Meram;ÇAYIRBAÐI;SULAMA KOOPERATÝFÝ
Meram;ÇOMAKLAR;ÞAHSÝ KUYULAR
Meram;ÇUKURÇÝMEN;SULAMA KOOPERATÝFÝ
Meram;EVLÝYATEKKE;SULAMA KOOPERATÝFÝ
Meram;HATUNSARAY;SULAMA KOOPERATÝFÝ
Meram;ÝKÝPINAR;ÞAHSÝ KUYULAR
Meram;ÝLYASBABA;SULAMA KOOPERATÝFÝ
Meram;ÝNLÝCE;SULAMA KOOPERATÝFÝ
Meram;KARAAÐAÇ;YOK
Meram;KAVAK;SULAMA KOOPERATÝFÝ
Meram;KAYADÝBÝ;SULAMA KOOPERATÝFÝ
Meram;KAYALI;ÞAHSÝ KUYULAR
Meram;KAYHÜYÜK;ÞAHSÝ KUYULAR
Meram;KIZILÖREN;SULAMA KOOPERATÝFÝ
Meram;KUMRALI;ÞAHSÝ KUYULAR
Meram;SADIKLAR;ÞAHSÝ KUYULAR
Meram;SAÐLIK;ÞAHSÝ KUYULAR
Meram;SARIKIZ;YOK
Meram;SEFAKÖY;SULAMA KOOPERATÝFÝ
Meram;YEÞÝLDERE;SULAMA KOOPERATÝFÝ
Meram;YEÞÝLTEKKE;SULAMA KOOPERATÝFÝ
Meram;KAÞINHANI;ÞAHSÝ KUYULAR
Sarayönü;LADÝK;SULAMA KOOPERATÝFÝ
Sarayönü;BAHÇESARAY;SULAMA KOOPERATÝFÝ
Sarayönü;BAÞHÜYÜK;ÞAHSÝ KUYULAR
Sarayönü;BOYALI;ÞAHSÝ KUYULAR
Sarayönü;BÜYÜKZENGÝ;ÞAHSÝ KUYULAR
Sarayönü;ÇEÞMELÝSEBÝL;ÞAHSÝ KUYULAR
Sarayönü;DEÐÝRMENLÝ;ÞAHSÝ KUYULAR
Sarayönü;ERTUÐRUL;ÞAHSÝ KUYULAR
Sarayönü;GÖZLÜ;ÞAHSÝ KUYULAR
Sarayönü;KADIOÐLU;ÞAHSÝ KUYULAR
Sarayönü;KARABIYIK;YOK
Sarayönü;KARATEPE;ÞAHSÝ KUYULAR
Sarayönü;KAYIÖREN;ÞAHSÝ KUYULAR
Sarayönü;KONAR;ÞAHSÝ KUYULAR
Sarayönü;KURÞUNLU;YOK
Sarayönü;KUYULUSEBÝL;ÞAHSÝ KUYULAR
Sarayönü;ÖZKENT;ÞAHSÝ KUYULAR
Sarayönü;YENÝCEKAYA;ÞAHSÝ KUYULAR
Selçuklu;BAÞARAKAVAK;SULAMA KOOPERATÝFÝ
Selçuklu;hasan;
Selçuklu;SARAYKÖY;YOK
Selçuklu;SULUTAS;YOK
Selçuklu;TATKÖY;YOK
Selçuklu;AKPINAR;ÞAHSÝ KUYULAR
Selçuklu;BAÐRIKURT;YOK
Selçuklu;BÝÇER;ÞAHSÝ KUYULAR
Selçuklu;ÇALDERE;ÞAHSÝ KUYULAR
Selçuklu;ÇALTI;ÞAHSÝ KUYULAR
Selçuklu;ÇANDIR;YOK
Selçuklu;DAÐDERE;ÞAHSÝ KUYULAR
Selçuklu;EÐRÝBAYAT;ÞAHSÝ KUYULAR
Selçuklu;GÜVENÇ;ÞAHSÝ KUYULAR
Selçuklu;KALE;ÞAHSÝ KUYULAR
Selçuklu;KARAÖMERLER;ÞAHSÝ KUYULAR
Selçuklu;KERVAN;YOK
Selçuklu;KINIK;ÞAHSÝ KUYULAR
Selçuklu;KIZILCAKUYU;YOK
Selçuklu;MEYDAN;YOK
Selçuklu;SELAHATTÝN;ÞAHSÝ KUYULAR
Selçuklu;SIZMA;YOK
Selçuklu;TEPEKENT;ÞAHSÝ KUYULAR
Selçuklu;ULUMUHSÝNE;SULAMA BÝRLÝÐÝ
Selçuklu;YAZIBELEN;ÞAHSÝ KUYULAR
Selçuklu;SÝLLE;SULAMA KOOPERATÝFÝ
Selçuklu;ARDIÇLI;SULAMA BÝRLÝÐÝ
Selçuklu;AÞAÐIPINARBAÞI;ÞAHSÝ KUYULAR
Selçuklu;YUKARIPINARBAÞI;ÞAHSÝ KUYULAR, SULAMA KOOPERATÝFÝ
Selçuklu;KÜÇÜKMUHSÝNE;ÞAHSÝ KUYULAR
Selçuklu;SARICALAR;ÞAHSÝ KUYULAR, SULAMA KOOPERATÝFÝ
Selçuklu;TÖMEK;ÞAHSÝ KUYULAR
Selçuklu;YÜKSELEN;SULAMA KOOPERATÝFÝ
Selçuklu;Mehmet Fatih;
Seydiþehir;KESECÝK;ÞAHSÝ KUYULAR, SULAMA KOOPERATÝFÝ
Seydiþehir;AKÇALAR;ÞAHSÝ KUYULAR
Seydiþehir;AÞAÐIKARAÖREN;ÞAHSÝ KUYULAR
Seydiþehir;BAÞKARAÖREN;SULAMA BÝRLÝÐÝ
Seydiþehir;BOSTANDERE;SULAMA KOOPERATÝFÝ
Seydiþehir;BOYALI;ÞAHSÝ KUYULAR, SULAMA KOOPERATÝFÝ
Seydiþehir;BÜKÇE;ÞAHSÝ KUYULAR
Seydiþehir;ÇAT;ÞAHSÝ KUYULAR
Seydiþehir;ÇATMAKAYA;ÞAHSÝ KUYULAR
Seydiþehir;ÇAVUÞ;ÞAHSÝ KUYULAR
Seydiþehir;DÝKÝLÝTAÞ;SULAMA KOOPERATÝFÝ
Seydiþehir;GEVREKLÝ;ÞAHSÝ KUYULAR
Seydiþehir;GÖKÇEHÜYÜK;SULAMA KOOPERATÝFÝ
Seydiþehir;GÖKHÜYÜK;SULAMA KOOPERATÝFÝ
Seydiþehir;GÖLYÜZÜ;ÞAHSÝ KUYULAR
Seydiþehir;IRMAKLI;ÞAHSÝ KUYULAR
Seydiþehir;ÝNCESU;ÞAHSÝ KUYULAR
Seydiþehir;KARABULAK;ÞAHSÝ KUYULAR
Seydiþehir;KARACAÖREN;ÞAHSÝ KUYULAR
Seydiþehir;KAVAK;ÞAHSÝ KUYULAR
Seydiþehir;KETENLÝ;ÞAHSÝ KUYULAR
Seydiþehir;KIZILCA;ÞAHSÝ KUYULAR
Seydiþehir;KOZLU;ÞAHSÝ KUYULAR
Seydiþehir;KUMLUCA;SULAMA KOOPERATÝFÝ
Seydiþehir;KURAN;SULAMA KOOPERATÝFÝ
Seydiþehir;MADENLÝ;YOK
Seydiþehir;MESUDÝYE;SULAMA KOOPERATÝFÝ
Seydiþehir;MURADÝYE;SULAMA KOOPERATÝFÝ
Seydiþehir;OÐLAKÇI;SULAMA KOOPERATÝFÝ
Seydiþehir;ORTAKARAÖREN;SULAMA KOOPERATÝFÝ
Seydiþehir;SARAYCIK;ÞAHSÝ KUYULAR
Seydiþehir;SUSUZ;SULAMA KOOPERATÝFÝ
Seydiþehir;TARAÞÇI;SULAMA KOOPERATÝFÝ
Seydiþehir;TAÞAÐIL;SULAMA KOOPERATÝFÝ
Seydiþehir;TEPECÝK;YOK
Seydiþehir;TOL;SULAMA KOOPERATÝFÝ
Seydiþehir;UFACIK;YOK
Seydiþehir;YAYLACIK;SULAMA KOOPERATÝFÝ
Seydiþehir;YENÝCE;SULAMA KOOPERATÝFÝ
Taþkent;AFÞAR;ÞAHSÝ KUYULAR
Taþkent;BALCILAR;ÞAHSÝ KUYULAR
Taþkent;BOLAY;ÞAHSÝ KUYULAR
Taþkent;ÇETMÝ;ÞAHSÝ KUYULAR
Taþkent;KECÝMEN;ÞAHSÝ KUYULAR
Taþkent;KONGUL;ÞAHSÝ KUYULAR
Taþkent;SAZAK;ÞAHSÝ KUYULAR
Taþkent;ILICAPINAR;ÞAHSÝ KUYULAR
Tuzlukçu;KONARI;YOK
Tuzlukçu;MEVLÜTLÜ;YOK
Tuzlukçu;KORAÞI;YOK
Tuzlukçu;ÇÖÐÜRLÜ;ÞAHSÝ KUYULAR
Tuzlukçu;TURSUNLU;ÞAHSÝ KUYULAR
Tuzlukçu;KUNDULLU;ÞAHSÝ KUYULAR
Tuzlukçu;PAZARKAYA;YOK
Tuzlukçu;SUBATAN;ÞAHSÝ KUYULAR
Tuzlukçu;GÜRSU;ÞAHSÝ KUYULAR
Tuzlukçu;ERDOÐDU;ÞAHSÝ KUYULAR
Tuzlukçu;KÖKLÜCE;ÞAHSÝ KUYULAR
Yalýhüyük;SARAY;YOK
Yalýhüyük;ARASÖÐÜT;YOK
Yunak;KUZÖREN;ÞAHSÝ KUYULAR, SULAMA KOOPERATÝFÝ
Yunak;KOÇYAZI;ÞAHSÝ KUYULAR
Yunak;TURGUT;ÞAHSÝ KUYULAR
Yunak;PÝRÝBEYLÝ;YOK
Yunak;SÜLÜKLÜ;ÞAHSÝ KUYULAR
Yunak;ALTINÖZ;ÞAHSÝ KUYULAR
Yunak;AYRITEPE;YOK
Yunak;BEÞIÞIKLI;ÞAHSÝ KUYULAR
Yunak;CEBRAÝL;YOK
Yunak;ÇAYIRBAÞI;ÞAHSÝ KUYULAR
Yunak;EÐRÝKUYU;ÞAHSÝ KUYULAR
Yunak;HACIÖMEROÐLU;ÞAHSÝ KUYULAR
Yunak;HATIRLI;ÞAHSÝ KUYULAR
Yunak;HACIFAKILI;ÞAHSÝ KUYULAR
Yunak;HARUNLAR;YOK
Yunak;HURSUNLU;ÞAHSÝ KUYULAR
Yunak;ÝMAMOÐLU;ÞAHSÝ KUYULAR
Yunak;KARGALI;YOK
Yunak;KARAYAYLA;ÞAHSÝ KUYULAR
Yunak;KILLAR;ÞAHSÝ KUYULAR, SULAMA KOOPERATÝFÝ
Yunak;KURTUÞAÐI;YOK
Yunak;KUYUBAÞI;ÞAHSÝ KUYULAR
Yunak;MEÞELÝK;YOK
Yunak;ODABAÞI;ÞAHSÝ KUYULAR
Yunak;ORTAKIÞLA;ÞAHSÝ KUYULAR
Yunak;ÖZYAYLA;ÞAHSÝ KUYULAR
Yunak;SERTLER;ÞAHSÝ KUYULAR
Yunak;SEVÝNÇ;YOK
Yunak;SIRAM;YOK
Yunak;SÝNANLI;ÞAHSÝ KUYULAR
Yunak;YAVAÞLI;ÞAHSÝ KUYULAR
Yunak;YEÞÝLOBA;ÞAHSÝ KUYULAR
Yunak;YEÞÝLYAYLA;ÞAHSÝ KUYULAR
Yunak;YIÐAR;ÞAHSÝ KUYULAR
Yunak;SARAY;ÞAHSÝ KUYULAR
;;
