"ILCE","MAHALLE","MAH_CD_SK_SAYISI","ILCE_CDSK_SAYI","YAPI","EK_BINA","GECICI","INSAAT","ISYERI_SAYISI","KAMU_ISYERI","KONUT","NUFUS","OZEL_ISYERI","YAZLIK_MEVSIMLIK"
"AHIRLI","AKKISE","21","289","177","0","0","6","4","2","185","518","8","1"
"AHIRLI","ALICERCI","16","289","130","0","0","2","","2","136","106","1","0"
"AHIRLI","BADEMLI","21","289","252","0","0","0","3","4","266","313","5","2"
"AHIRLI","BALIKLAVA","18","289","133","0","0","3","","3","137","186","2","9"
"AHIRLI","BUYUKOZ","9","289","55","0","1","0","","1","57","47","0","2"
"AHIRLI","CIFTLIK","19","289","145","0","0","4","3","3","150","221","3","2"
"AHIRLI","CUKURBUCAK","20","289","173","0","0","0","4","5","190","510","5","1"
"AHIRLI","ERDOGAN","15","289","81","0","0","1","","5","79","67","0","0"
"AHIRLI","HAMZALAR","32","289","343","0","0","6","48","7","369","609","60","11"
"AHIRLI","HENGEME","39","289","306","0","0","19","37","8","435","882","44","1"
"AHIRLI","KARACAKUYU","17","289","53","0","0","0","","2","52","49","1","1"
"AHIRLI","KAYACIK","19","289","114","0","0","7","1","3","126","108","4","5"
"AHIRLI","KURUCAY","52","289","665","0","3","3","2","9","687","87","2","24"
"AHIRLI","KUCUKOZ","9","289","25","0","0","0","","1","25","21","0","1"
"AHIRLI","MERKEZ","61","289","505","0","0","15","54","29","608","1,023","64","2"
"AKOREN","AGALAR","64","372","505","0","0","8","123","33","704","955","148","17"
"AKOREN","AHMEDIYE","15","372","33","0","0","1","1","9","34","74","6","1"
"AKOREN","ALANKOY","28","372","179","0","0","5","7","7","185","293","18","5"
"AKOREN","AVDAN","48","372","421","0","0","2","30","12","432","800","41","2"
"AKOREN","BELKUYU","16","372","95","0","0","2","2","4","96","288","4","0"
"AKOREN","CATOREN","29","372","138","0","0","10","3","7","153","259","6","32"
"AKOREN","DUTLU","12","372","37","0","0","2","","3","37","36","0","0"
"AKOREN","HACILAR","30","372","174","0","0","5","61","12","183","281","71","1"
"AKOREN","KARAHUYUK","32","372","170","0","0","14","5","6","182","346","12","9"
"AKOREN","KAYASU","38","372","338","0","0","7","12","11","352","510","13","23"
"AKOREN","ORHANIYE","30","372","180","0","0","6","4","7","190","290","22","6"
"AKOREN","SULEYMANIYE","18","372","95","0","0","6","2","7","97","185","12","3"
"AKOREN","TULCE","52","372","403","0","0","4","38","10","432","751","45","13"
"AKOREN","YENI","17","372","101","0","0","25","9","12","380","585","14","2"
"AKSEHIR","ADSIZ","89","2,162","1,149","0","0","9","105","25","1,270","2,764","107","1"
"AKSEHIR","AHICELAL","12","2,162","120","0","0","0","31","3","149","236","37","0"
"AKSEHIR","ALANYURT","36","2,162","171","0","0","10","6","3","197","326","10","0"
"AKSEHIR","ALTUNKALEM","32","2,162","549","0","0","4","42","12","2,256","4,791","49","0"
"AKSEHIR","ALTUNTAS","88","2,162","832","0","0","28","125","16","957","1,811","121","0"
"AKSEHIR","ANIT","22","2,162","296","0","0","1","3","8","348","719","3","0"
"AKSEHIR","ATAKENT","57","2,162","498","0","0","11","91","18","610","1,065","92","1"
"AKSEHIR","BOZLAGAN","21","2,162","136","0","0","1","5","5","144","268","4","0"
"AKSEHIR","CANKURTARAN","12","2,162","118","0","0","9","","5","135","135","1","0"
"AKSEHIR","CAKILLAR","80","2,162","841","0","0","35","76","18","940","2,634","95","0"
"AKSEHIR","CAMLI","33","2,162","353","0","0","16","25","5","401","1,020","21","2"
"AKSEHIR","CAY","9","2,162","93","0","0","0","1","2","106","178","1","0"
"AKSEHIR","CIMENDERE","15","2,162","55","0","0","0","","4","56","168","1","0"
"AKSEHIR","CIMENLI","23","2,162","212","0","0","1","2","5","223","453","4","0"
"AKSEHIR","DEGIRMENKOY","26","2,162","283","0","0","5","27","9","331","726","38","0"
"AKSEHIR","DOGRUGOZ","116","2,162","1,244","0","0","49","108","22","1,469","3,528","212","1"
"AKSEHIR","ENGILI","52","2,162","439","0","0","5","32","18","458","903","21","0"
"AKSEHIR","ESKIKALE","10","2,162","102","0","0","0","2","4","110","272","2","0"
"AKSEHIR","GAZI","138","2,162","1,333","0","0","19","92","22","2,686","6,171","87","1"
"AKSEHIR","GEDIL","30","2,162","208","0","0","10","5","13","245","573","6","1"
"AKSEHIR","GOLCAYIR","37","2,162","436","0","0","5","50","12","502","818","49","1"
"AKSEHIR","GOZPINARI","37","2,162","247","0","0","6","9","8","272","469","8","0"
"AKSEHIR","ILICAK","29","2,162","299","0","0","6","7","5","311","840","7","0"
"AKSEHIR","ISTASYON","119","2,162","1,124","0","0","112","667","63","3,877","7,963","672","0"
"AKSEHIR","KARABULUT","48","2,162","571","0","0","4","66","8","572","1,019","61","0"
"AKSEHIR","KARAHUYUK","88","2,162","528","0","0","22","55","23","640","1,908","57","0"
"AKSEHIR","KIZILCA","20","2,162","218","0","0","0","10","9","434","808","10","0"
"AKSEHIR","KILECI","63","2,162","905","0","0","29","125","33","2,384","4,996","118","0"
"AKSEHIR","KOZAGAC","48","2,162","291","0","0","4","22","24","734","1,314","25","0"
"AKSEHIR","KURUCAY","40","2,162","213","0","0","9","16","13","553","990","15","1"
"AKSEHIR","KUSCU","35","2,162","152","0","0","1","316","9","193","361","345","0"
"AKSEHIR","MEYDAN","38","2,162","162","0","0","14","821","7","613","967","708","0"
"AKSEHIR","NASREDDIN","16","2,162","166","0","0","0","139","3","247","447","104","0"
"AKSEHIR","ORTACA","32","2,162","220","0","0","2","6","3","225","292","5","0"
"AKSEHIR","ORTAKOY","93","2,162","807","0","0","5","36","14","846","1,419","43","0"
"AKSEHIR","REIS","59","2,162","455","0","0","26","95","11","502","760","104","0"
"AKSEHIR","SARAY","18","2,162","207","0","0","15","16","6","225","468","19","0"
"AKSEHIR","SAVAS","43","2,162","305","0","0","17","12","11","342","629","17","0"
"AKSEHIR","SELCUK","31","2,162","338","0","0","12","915","35","1,129","2,006","552","0"
"AKSEHIR","SEYRAN","138","2,162","694","0","0","21","1,187","54","1,834","3,897","1,263","1"
"AKSEHIR","SORKUN","17","2,162","207","0","0","5","7","8","227","489","13","3"
"AKSEHIR","SOGUTLU","23","2,162","126","0","0","6","6","5","138","238","10","0"
"AKSEHIR","TEKKEKOY","7","2,162","32","0","0","0","2","3","33","46","2","0"
"AKSEHIR","TIPI","24","2,162","195","0","0","2","33","4","217","539","61","0"
"AKSEHIR","TIPIKOY","19","2,162","163","0","0","9","3","3","173","276","4","0"
"AKSEHIR","ULUPINAR","22","2,162","92","0","0","2","19","4","106","186","17","0"
"AKSEHIR","UCHUYUK","32","2,162","314","0","0","6","7","8","326","456","10","0"
"AKSEHIR","YARENLER","89","2,162","1,047","0","0","113","56","28","4,852","11,305","61","0"
"AKSEHIR","YASARLAR","21","2,162","113","0","0","0","4","3","127","256","5","0"
"AKSEHIR","YAYLABELEN","37","2,162","263","0","0","7","7","7","268","615","9","0"
"AKSEHIR","YAZLA","40","2,162","509","0","0","11","26","12","632","1,266","27","0"
"AKSEHIR","YENI","152","2,162","2,053","0","0","109","300","47","6,478","14,203","307","0"
"AKSEHIR","YENIKOY","24","2,162","222","0","0","6","8","6","231","471","4","1"
"AKSEHIR","YESILKOY","24","2,162","154","0","0","6","9","4","160","344","5","0"
"AKSEHIR","YILDIRIM","30","2,162","379","0","0","9","15","9","858","1,844","12","0"
"ALTINEKIN","AKCASAR","19","738","122","0","0","7","1","5","160","179","89","1"
"ALTINEKIN","AKINCILAR","104","738","846","0","0","38","46","16","1,015","3,190","466","0"
"ALTINEKIN","AKKOY","25","738","91","0","0","17","14","5","171","193","109","0"
"ALTINEKIN","AYISIGI","12","738","83","0","0","9","1","3","95","89","41","0"
"ALTINEKIN","BORUKKUYU","13","738","72","0","0","3","","4","82","127","45","0"
"ALTINEKIN","DEDELER","68","738","625","0","0","28","52","16","755","1,761","533","1"
"ALTINEKIN","HACINUMAN","20","738","118","0","0","8","1","4","135","208","29","0"
"ALTINEKIN","KALE","77","738","357","0","0","39","11","7","473","960","177","1"
"ALTINEKIN","KARAKAYA","11","738","87","0","0","13","","2","110","80","48","1"
"ALTINEKIN","KOCAS","8","738","40","0","0","3","","5","58","75","25","0"
"ALTINEKIN","KOCYAKA","24","738","193","0","0","10","5","5","264","387","153","0"
"ALTINEKIN","MANTAR","37","738","251","0","0","10","7","9","338","505","143","0"
"ALTINEKIN","OGUZELI","118","738","840","0","0","70","56","28","1,037","1,687","268","0"
"ALTINEKIN","OLMEZ","105","738","458","0","0","60","189","54","1,074","2,202","455","1"
"ALTINEKIN","SARNIC","32","738","212","0","0","15","8","6","273","616","163","2"
"ALTINEKIN","TOPRAKLIK","34","738","121","0","0","16","","5","161","312","30","1"
"ALTINEKIN","YENI OLMEZ","18","738","145","0","0","3","12","4","162","448","107","1"
"ALTINEKIN","YENICE","38","738","227","0","0","15","9","7","271","690","96","1"
"ALTINEKIN","YENIKUYU","31","738","243","0","0","22","5","7","296","480","102","0"
"ALTINEKIN","YENIYAYLA","13","738","111","0","0","12","1","2","135","249","70","0"
"BEYSEHIR","ADAKOY","41","2,948","229","0","0","6","18","8","261","302","16","6"
"BEYSEHIR","AGILONU","19","2,948","105","0","0","5","3","3","131","270","4","5"
"BEYSEHIR","AKBURUN","39","2,948","257","0","0","1","4","3","279","378","7","9"
"BEYSEHIR","AKCABELEN","103","2,948","589","0","0","8","45","9","714","710","68","10"
"BEYSEHIR","AVDANCIK","38","2,948","154","0","0","5","1","6","190","221","4","21"
"BEYSEHIR","AVSAR","18","2,948","52","0","0","3","13","3","1,005","2,281","5","0"
"BEYSEHIR","BADEMLI","19","2,948","192","0","0","5","2","13","250","284","10","26"
"BEYSEHIR","BAHCELIEVLER","126","2,948","890","0","0","59","184","23","2,846","5,185","217","72"
"BEYSEHIR","BASGOZE","42","2,948","214","0","0","4","1","4","242","207","5","18"
"BEYSEHIR","BAYAT","9","2,948","60","0","0","0","","2","67","83","1","6"
"BEYSEHIR","BAYAVSAR","66","2,948","442","0","0","58","82","9","525","627","108","6"
"BEYSEHIR","BAYINDIR","36","2,948","232","0","0","0","15","8","255","406","39","16"
"BEYSEHIR","BEKDEMIR","14","2,948","128","0","0","2","","4","143","188","5","11"
"BEYSEHIR","BEYTEPE","27","2,948","310","0","0","50","42","7","1,483","2,918","38","8"
"BEYSEHIR","CICEKLER","33","2,948","202","0","0","3","7","6","220","503","20","4"
"BEYSEHIR","CIFTLIK","19","2,948","82","0","0","6","","2","122","200","1","7"
"BEYSEHIR","CIVRIL","13","2,948","33","0","0","3","1","2","42","54","8","7"
"BEYSEHIR","CUKURAGIL","26","2,948","203","0","0","8","12","7","233","210","16","28"
"BEYSEHIR","DALYAN","23","2,948","208","0","0","43","468","6","1,094","1,911","452","0"
"BEYSEHIR","DAMLAPINAR","58","2,948","367","0","0","6","6","6","407","389","15","36"
"BEYSEHIR","DOGANBEY","122","2,948","1,279","0","0","67","183","30","1,473","1,550","222","45"
"BEYSEHIR","DOGANCIK","19","2,948","91","0","0","4","","2","108","107","0","8"
"BEYSEHIR","DUMANLI","20","2,948","150","0","0","15","1","4","278","147","4","112"
"BEYSEHIR","EGIRLER","33","2,948","187","0","0","9","4","4","191","286","6","8"
"BEYSEHIR","EMEN","66","2,948","341","0","0","18","5","7","394","470","17","6"
"BEYSEHIR","ESENCE","65","2,948","580","0","0","13","10","10","653","1,296","23","26"
"BEYSEHIR","ESENTEPE","39","2,948","245","0","0","9","25","23","1,016","2,173","37","11"
"BEYSEHIR","EVSAT","26","2,948","233","0","0","8","541","21","937","1,937","548","7"
"BEYSEHIR","EYLIKLER","25","2,948","134","0","0","4","2","3","153","193","6","11"
"BEYSEHIR","FASILLAR","15","2,948","113","0","0","0","1","6","118","186","3","1"
"BEYSEHIR","GOCU","54","2,948","269","0","0","3","9","6","290","343","17","5"
"BEYSEHIR","GOKCEKUYU","19","2,948","57","0","0","0","","3","60","113","2","1"
"BEYSEHIR","GOKCIMEN","50","2,948","359","0","0","7","20","3","403","546","85","13"
"BEYSEHIR","GOLKASI","37","2,948","155","0","0","9","2","6","198","301","20","37"
"BEYSEHIR","GOLYAKA","59","2,948","418","0","0","1","28","5","479","537","38","19"
"BEYSEHIR","GONEN","18","2,948","109","0","0","1","3","3","121","37","3","1"
"BEYSEHIR","GUNDOGDU","26","2,948","86","0","0","2","1","3","90","84","1","1"
"BEYSEHIR","HACIAKIF","58","2,948","575","0","0","17","43","13","1,799","3,640","68","2"
"BEYSEHIR","HACIARMAGAN","26","2,948","224","0","0","17","343","14","769","1,044","318","4"
"BEYSEHIR","HAMIDIYE","122","2,948","910","0","0","174","985","18","2,644","5,141","1,076","15"
"BEYSEHIR","HUGLU","60","2,948","751","0","0","36","438","25","1,252","2,671","494","4"
"BEYSEHIR","HUSEYINLER","13","2,948","85","0","0","0","1","6","90","127","1","2"
"BEYSEHIR","ICERISEHIR","29","2,948","305","0","0","4","23","21","364","537","35","4"
"BEYSEHIR","ISAKOY","23","2,948","132","0","0","1","1","6","138","122","4","4"
"BEYSEHIR","KARAALI","79","2,948","602","0","0","37","26","11","633","2,364","43","11"
"BEYSEHIR","KARABAYAT","20","2,948","95","0","0","2","3","3","103","87","6","4"
"BEYSEHIR","KARADIKEN","20","2,948","263","0","0","1","8","4","312","315","17","35"
"BEYSEHIR","KARAHISAR","17","2,948","240","0","0","1","2","5","254","280","15","2"
"BEYSEHIR","KAYABASI","43","2,948","418","0","0","4","36","11","480","373","44","8"
"BEYSEHIR","KURUCUOVA","93","2,948","866","0","0","41","57","18","1,041","679","95","75"
"BEYSEHIR","KUSLUCA","10","2,948","107","0","0","0","1","3","123","170","4","3"
"BEYSEHIR","KUCUKAVSAR","6","2,948","21","0","0","2","","1","24","52","0","1"
"BEYSEHIR","MESUTLAR","12","2,948","60","0","0","0","","1","62","90","1","1"
"BEYSEHIR","MUFTU","98","2,948","887","0","0","88","130","31","4,578","10,162","192","15"
"BEYSEHIR","SADIKHACI","95","2,948","667","0","0","31","42","14","776","1,545","59","17"
"BEYSEHIR","SARIKOY","27","2,948","183","0","0","11","11","10","218","222","29","10"
"BEYSEHIR","SEVINDIK","67","2,948","350","0","0","11","16","8","386","658","20","20"
"BEYSEHIR","SAMLAR","12","2,948","163","0","0","4","","4","167","82","2","0"
"BEYSEHIR","UCPINAR","63","2,948","268","0","0","13","34","10","337","437","78","24"
"BEYSEHIR","USTUNLER","113","2,948","607","0","0","15","53","13","732","482","73","55"
"BEYSEHIR","UZUMLU","181","2,948","1,653","0","0","159","688","33","2,780","4,980","812","171"
"BEYSEHIR","YAZYURDU","17","2,948","138","0","0","1","1","3","143","259","11","3"
"BEYSEHIR","YENI","103","2,948","955","0","0","75","138","29","5,397","10,519","166","3"
"BEYSEHIR","YENIDOGAN","137","2,948","687","0","0","25","70","21","747","850","112","25"
"BEYSEHIR","YESILDAG","99","2,948","1,035","0","0","19","46","27","1,255","1,293","82","9"
"BEYSEHIR","YUKARIESENCE","9","2,948","51","0","0","0","","4","57","87","1","0"
"BEYSEHIR","YUNUSLAR","24","2,948","159","0","0","3","5","5","183","168","7","20"
"BOZKIR","AKCAPINAR","28","1,442","372","0","0","7","2","4","391","269","2","0"
"BOZKIR","ARMUTLU","35","1,442","280","0","0","11","5","7","300","599","11","13"
"BOZKIR","ARSLANTAS","22","1,442","182","0","0","0","","4","184","127","1","0"
"BOZKIR","AYDINKISLA","15","1,442","61","0","0","0","","2","61","118","0","0"
"BOZKIR","AYVALCA","20","1,442","127","0","0","10","4","3","130","240","10","4"
"BOZKIR","BAGYURDU","43","1,442","368","0","0","13","4","10","371","290","5","0"
"BOZKIR","BAYBAGAN","21","1,442","123","0","0","1","","3","123","141","0","2"
"BOZKIR","BOZDAM","11","1,442","61","0","0","0","","2","61","87","0","0"
"BOZKIR","CUMHURIYET","42","1,442","522","0","0","19","151","21","1,102","2,189","176","1"
"BOZKIR","CAGLAYAN","61","1,442","857","0","0","13","32","10","856","791","43","7"
"BOZKIR","DEMIRASAF","57","1,442","599","0","0","39","175","28","1,377","2,688","232","2"
"BOZKIR","DEREICI","45","1,442","548","0","0","20","15","12","574","1,306","19","14"
"BOZKIR","DEREKOY","39","1,442","680","0","0","2","48","11","677","579","71","0"
"BOZKIR","DEREKOY-SARIOT YAYLASI","3","1,442","27","0","0","0","","0","27","","0","0"
"BOZKIR","ELMAAGAC","7","1,442","30","0","0","9","","3","31","54","0","0"
"BOZKIR","HACILAR","39","1,442","374","0","0","13","6","10","379","469","7","0"
"BOZKIR","HACIYUNUSLAR","3","1,442","30","0","0","0","","1","31","28","0","1"
"BOZKIR","HAMZALAR","67","1,442","622","0","0","17","23","8","635","1,073","34","9"
"BOZKIR","HARMANPINAR","61","1,442","466","0","0","5","8","10","487","362","14","3"
"BOZKIR","HISARLIK","46","1,442","645","0","0","28","16","11","805","1,074","19","0"
"BOZKIR","ISIKLAR","16","1,442","165","0","0","2","1","4","168","291","1","0"
"BOZKIR","KARABAYIR","17","1,442","85","0","0","2","1","4","83","102","0","1"
"BOZKIR","KARACAARDIC","45","1,442","245","0","0","12","1","6","250","229","1","1"
"BOZKIR","KARACAHISAR","12","1,442","94","0","0","1","","3","91","110","0","0"
"BOZKIR","KARAYAHYA","15","1,442","99","0","0","4","","3","100","267","0","0"
"BOZKIR","KAYACILAR","20","1,442","146","0","0","4","1","3","152","200","3","5"
"BOZKIR","KAYAPINAR","35","1,442","294","0","0","0","1","5","295","307","3","1"
"BOZKIR","KINIK","20","1,442","165","0","0","2","1","2","168","248","1","1"
"BOZKIR","KIZILCAKIR","21","1,442","129","0","0","1","","3","138","195","2","1"
"BOZKIR","KILDERE","21","1,442","200","0","0","12","3","4","198","405","7","2"
"BOZKIR","KOVANLIK","25","1,442","83","0","0","0","","2","83","139","0","1"
"BOZKIR","KOZAGAC","21","1,442","173","0","0","5","4","4","182","204","4","0"
"BOZKIR","KUSCA","23","1,442","224","0","0","2","1","10","229","382","1","1"
"BOZKIR","KUZOREN","26","1,442","273","0","0","11","4","6","306","630","5","8"
"BOZKIR","KUCUKHISARLIK","28","1,442","275","0","0","8","1","5","290","168","0","0"
"BOZKIR","PINARCIK","23","1,442","150","0","0","0","2","5","151","195","3","0"
"BOZKIR","SARIOGLAN","84","1,442","653","0","0","52","97","23","849","1,461","122","65"
"BOZKIR","SAZLI","18","1,442","216","0","0","3","2","5","219","294","3","7"
"BOZKIR","SOGUCAK","23","1,442","227","0","0","2","6","10","229","628","6","0"
"BOZKIR","SOGUCAK YAYLASI","7","1,442","27","0","0","0","","0","27","","0","0"
"BOZKIR","SORKUN","71","1,442","828","0","0","2","18","16","825","709","32","1"
"BOZKIR","SOGUT","28","1,442","232","0","0","1","8","6","234","446","8","3"
"BOZKIR","TARLABASI","9","1,442","32","0","0","0","","2","32","47","0","0"
"BOZKIR","TARLABASI YAYLASI","2","1,442","3","0","0","0","","0","3","","0","0"
"BOZKIR","TASBASI","20","1,442","140","0","0","9","6","4","150","179","6","1"
"BOZKIR","TEPEARASI","14","1,442","98","0","0","2","","2","97","90","0","0"
"BOZKIR","TEPELICE","16","1,442","64","0","0","0","","3","64","73","0","0"
"BOZKIR","ULUPINAR","17","1,442","273","0","0","10","1","6","287","254","1","0"
"BOZKIR","UCPINAR","47","1,442","565","0","0","11","28","15","602","618","32","0"
"BOZKIR","UCPINAR-BABUSCU YAYLASI","5","1,442","23","0","0","0","","0","23","","0","0"
"BOZKIR","UCPINAR-HOCAKOY YAYLASI","8","1,442","46","0","0","0","","0","46","","0","0"
"BOZKIR","YALNIZCA","6","1,442","47","0","0","0","","3","47","42","0","0"
"BOZKIR","YAZDAMI","34","1,442","332","0","0","16","3","4","350","413","5","0"
"BOZKIR","YELBEGI","31","1,442","220","0","0","8","2","4","225","315","1","1"
"BOZKIR","YENIKOY","16","1,442","77","0","0","2","1","2","83","166","3","5"
"BOZKIR","YOLOREN","27","1,442","198","0","0","0","1","3","204","224","6","0"
"BOZKIR","YUKARI","55","1,442","764","0","0","49","319","36","1,424","2,659","397","9"
"CIHANBEYLI","AGABEYLI","53","3,079","303","0","0","30","29","11","319","724","39","1"
"CIHANBEYLI","AHIRIGUZEL","17","3,079","66","0","0","2","2","1","65","167","9","0"
"CIHANBEYLI","ATCEKEN","59","3,079","522","0","0","46","488","24","1,101","2,779","383","1"
"CIHANBEYLI","BAHCELIEVLER","94","3,079","432","0","0","25","15","19","1,042","2,119","27","0"
"CIHANBEYLI","BEYLIOVA","24","3,079","76","0","0","40","2","4","90","98","11","1"
"CIHANBEYLI","BOGRUDELIK","34","3,079","315","0","0","13","10","7","319","367","25","0"
"CIHANBEYLI","BULDUK","126","3,079","1,010","0","0","25","51","8","1,072","1,358","67","0"
"CIHANBEYLI","BUYUKBESKAVAK","85","3,079","590","0","0","9","47","7","626","1,345","60","0"
"CIHANBEYLI","CUMHURIYET","36","3,079","264","0","0","34","164","11","1,475","3,487","180","0"
"CIHANBEYLI","CIMEN","27","3,079","193","0","0","0","10","4","203","446","15","0"
"CIHANBEYLI","COL","33","3,079","369","0","0","3","29","5","374","916","42","0"
"CIHANBEYLI","DAMLAKUYU","31","3,079","199","0","0","6","7","6","213","379","20","0"
"CIHANBEYLI","GEMECIK","27","3,079","119","0","0","16","4","5","124","305","14","0"
"CIHANBEYLI","GOKTEPE","56","3,079","173","0","0","13","49","6","930","1,715","62","0"
"CIHANBEYLI","GOLYAZI","199","3,079","1,521","0","0","115","173","28","1,598","2,730","279","0"
"CIHANBEYLI","GUNYUZU","192","3,079","653","0","0","80","57","19","669","1,796","107","0"
"CIHANBEYLI","HODOGLU","35","3,079","232","0","0","4","11","8","233","841","12","0"
"CIHANBEYLI","INSUYU","65","3,079","328","0","0","16","28","20","346","806","59","0"
"CIHANBEYLI","KALE","11","3,079","21","0","0","5","2","2","21","82","9","0"
"CIHANBEYLI","KANDIL","97","3,079","660","0","0","23","116","15","710","1,881","159","0"
"CIHANBEYLI","KARABAG","136","3,079","799","0","0","42","60","17","832","2,941","90","0"
"CIHANBEYLI","KARATEPE","36","3,079","162","0","0","10","2","4","167","318","17","0"
"CIHANBEYLI","KARSIYAKA","90","3,079","453","0","0","48","37","27","876","2,162","90","0"
"CIHANBEYLI","KAYI","16","3,079","70","0","0","4","3","5","74","141","6","0"
"CIHANBEYLI","KELHASAN","97","3,079","681","0","0","10","28","12","698","1,026","40","0"
"CIHANBEYLI","KIRKISLA","54","3,079","344","0","0","29","24","9","367","751","52","0"
"CIHANBEYLI","KOCATEPE","7","3,079","14","0","0","0","2","0","14","38","4","0"
"CIHANBEYLI","KORKMAZLAR","19","3,079","111","0","0","4","","4","118","120","2","0"
"CIHANBEYLI","KOPRUBASI","69","3,079","650","0","0","61","325","11","1,485","3,519","316","0"
"CIHANBEYLI","KUSCA","112","3,079","998","0","0","56","46","12","1,116","1,139","81","0"
"CIHANBEYLI","KUCUKBESKAVAK","30","3,079","242","0","0","4","5","6","265","511","10","0"
"CIHANBEYLI","KUTUKUSAGI","103","3,079","928","0","0","31","77","8","1,060","1,369","95","0"
"CIHANBEYLI","MUTLUKONAK","11","3,079","84","0","0","0","","4","85","126","1","0"
"CIHANBEYLI","PINARBASI","45","3,079","303","0","0","13","16","11","314","598","38","0"
"CIHANBEYLI","SAGLIK","27","3,079","284","0","0","2","4","5","279","605","19","0"
"CIHANBEYLI","SIGIRCIK","10","3,079","44","0","0","1","","2","44","156","2","0"
"CIHANBEYLI","TASPINAR","229","3,079","989","1","0","146","71","22","1,067","3,417","118","0"
"CIHANBEYLI","TURANLAR","56","3,079","353","0","0","0","5","4","363","302","7","0"
"CIHANBEYLI","TUFEKCIPINAR","15","3,079","107","0","0","6","14","0","111","128","21","0"
"CIHANBEYLI","UZUNCAYAYLA","16","3,079","44","0","0","6","2","3","50","130","14","0"
"CIHANBEYLI","UZERLIKTEPE","18","3,079","42","0","0","7","2","2","45","78","10","0"
"CIHANBEYLI","YAPALI","156","3,079","520","0","0","66","37","9","517","1,245","66","0"
"CIHANBEYLI","YENICEOBA","394","3,079","2,572","0","0","149","651","36","3,178","5,650","745","0"
"CIHANBEYLI","YENIYAYLA","8","3,079","34","0","0","0","","1","38","129","0","0"
"CIHANBEYLI","YESILOZ","106","3,079","452","0","0","26","270","13","647","1,444","394","0"
"CIHANBEYLI","YUNLUKUYU","18","3,079","68","0","0","10","2","2","72","80","3","0"
"CIHANBEYLI","ZAFERIYE","39","3,079","221","0","0","25","6","6","235","298","12","0"
"CELTIK","ADAKASIM","29","551","176","0","0","4","4","5","175","326","4","0"
"CELTIK","BAHCE SARAY","23","551","329","0","0","8","30","9","441","977","35","0"
"CELTIK","BAHCELIEVLER","41","551","349","0","0","14","37","6","423","948","42","0"
"CELTIK","DOGANYURT","22","551","77","0","0","8","1","3","77","106","4","0"
"CELTIK","FATIH","60","551","363","0","0","147","200","17","571","946","186","0"
"CELTIK","GOKPINAR","68","551","568","0","0","8","54","14","591","1,464","61","0"
"CELTIK","HONAMLI","57","551","551","0","0","9","100","9","570","1,320","110","0"
"CELTIK","ISHAKUSAGI","66","551","349","0","0","64","21","10","354","509","36","0"
"CELTIK","KARSIYAKA","62","551","310","0","0","10","20","7","316","511","32","0"
"CELTIK","KASOREN","33","551","183","0","0","10","10","8","187","291","10","0"
"CELTIK","KUCUKHASAN","48","551","340","0","0","14","25","9","364","566","26","0"
"CELTIK","SELCUK","62","551","489","0","0","37","140","13","691","1,440","145","0"
"CELTIK","TORUNLAR","30","551","272","0","0","3","14","9","278","511","11","0"
"CELTIK","YUKARIALICOMAK","20","551","80","0","0","4","1","3","89","196","4","0"
"CUMRA","ABDITOLU","46","3,171","179","0","0","15","8","5","229","635","25","23"
"CUMRA","ADAKALE","31","3,171","162","0","0","3","3","7","170","481","3","2"
"CUMRA","AFSAR","13","3,171","47","0","0","1","","2","51","60","0","4"
"CUMRA","ALEMDAR","42","3,171","151","0","0","15","3","4","196","471","17","2"
"CUMRA","ALISSA","32","3,171","119","0","0","5","","3","126","175","5","2"
"CUMRA","ALIBEYHUYUGU","240","3,171","1,137","0","0","97","111","35","1,409","2,637","169","129"
"CUMRA","APA","66","3,171","338","0","0","76","10","10","432","566","24","21"
"CUMRA","APASARAYCIK","26","3,171","194","0","0","2","4","5","201","481","4","4"
"CUMRA","ARIKOREN","86","3,171","381","0","1","14","26","11","475","789","33","21"
"CUMRA","AVDUL","50","3,171","208","0","0","17","10","6","244","459","15","9"
"CUMRA","BAGLAR","45","3,171","820","0","0","26","30","17","1,479","3,795","38","8"
"CUMRA","BAKKALBASI","84","3,171","932","0","0","19","50","19","1,752","4,494","59","5"
"CUMRA","BALCIKHISAR","27","3,171","124","0","0","4","","2","144","319","5","8"
"CUMRA","BARAJ","67","3,171","876","0","0","27","21","26","1,074","2,809","31","4"
"CUMRA","BARDAKCI","45","3,171","1,081","0","0","25","154","22","1,924","4,785","197","0"
"CUMRA","BEYLERCE","18","3,171","45","0","0","8","1","4","54","101","5","1"
"CUMRA","BUYUKASLAMA","57","3,171","378","0","0","35","19","9","423","854","33","10"
"CUMRA","CUMHURIYET","67","3,171","427","0","0","36","19","15","1,035","2,197","38","13"
"CUMRA","CAYBASI","83","3,171","413","0","0","71","415","35","1,052","2,619","574","5"
"CUMRA","CICEKKOY","27","3,171","185","0","0","5","3","5","201","537","2","6"
"CUMRA","CUKURKAVAK","23","3,171","135","0","0","3","2","5","155","260","3","4"
"CUMRA","DEDEMOGLU","36","3,171","89","0","0","2","4","4","100","353","6","2"
"CUMRA","DINEK","59","3,171","282","0","2","2","30","12","310","350","32","7"
"CUMRA","DINEKSARAY","27","3,171","126","0","0","4","5","3","143","237","5","8"
"CUMRA","DINLENDIK","26","3,171","39","0","0","17","4","2","62","114","17","9"
"CUMRA","DOGANLI","27","3,171","154","0","0","9","","2","172","450","6","2"
"CUMRA","ERENTEPE","34","3,171","104","0","0","6","2","5","120","149","19","7"
"CUMRA","FETHIYE","58","3,171","116","0","0","31","17","4","174","295","69","13"
"CUMRA","GOKHUYUK","73","3,171","313","0","0","28","14","10","387","850","26","19"
"CUMRA","GUVERCINLIK","86","3,171","431","0","0","27","20","8","523","1,398","57","8"
"CUMRA","HURRIYET","34","3,171","197","0","0","13","16","6","329","889","18","11"
"CUMRA","ICERICUMRA","422","3,171","2,391","0","1","213","395","65","3,156","6,734","622","262"
"CUMRA","INLI","56","3,171","64","0","0","21","1","3","106","139","18","27"
"CUMRA","ISTIKLAL","18","3,171","45","0","0","3","10","2","65","116","14","4"
"CUMRA","IZZETBEY","60","3,171","616","0","0","58","1,070","69","2,554","5,523","1,046","0"
"CUMRA","KARKIN","169","3,171","1,109","3","0","28","76","19","1,297","3,287","167","53"
"CUMRA","KUZUCU","50","3,171","119","0","0","19","12","6","156","216","14","19"
"CUMRA","KUCUKKOY","57","3,171","254","0","0","12","6","5","303","795","15","23"
"CUMRA","MEYDAN","72","3,171","641","0","0","10","81","14","1,695","4,767","125","3"
"CUMRA","OKCU","154","3,171","1,031","0","0","212","80","31","1,489","2,643","177","27"
"CUMRA","SECME","17","3,171","63","0","0","3","9","7","68","115","16","2"
"CUMRA","SURGUC","33","3,171","182","0","0","2","1","6","186","377","3","1"
"CUMRA","TAHTALI","12","3,171","80","0","0","0","","2","83","167","0","0"
"CUMRA","TASAGIL","96","3,171","473","0","0","5","8","8","534","1,414","31","3"
"CUMRA","TURKMENCAMILI","130","3,171","355","0","0","16","24","11","421","787","37","16"
"CUMRA","TURKMENKARAHUYUK","46","3,171","248","0","0","9","5","9","292","739","9","8"
"CUMRA","UZUNKUYU","63","3,171","300","0","0","5","1","10","322","599","16","2"
"CUMRA","UCHUYUK","59","3,171","285","0","0","11","3","6","314","799","5","5"
"CUMRA","URUNLU","41","3,171","145","1","0","17","12","5","186","387","15","4"
"CUMRA","YENI","32","3,171","194","0","0","15","47","23","292","651","98","5"
"CUMRA","YENIDOGAN","76","3,171","962","0","0","11","22","11","1,129","3,200","37","3"
"CUMRA","YENISU","73","3,171","439","0","0","14","29","12","525","1,135","40","11"
"CUMRA","YORUKCAMILI","26","3,171","68","0","0","5","","4","87","131","8","9"
"DERBENT","ARAPOZU","16","241","132","0","0","0","4","3","133","209","5","4"
"DERBENT","CAMIIKEBIR","70","241","470","0","0","24","98","31","622","846","205","29"
"DERBENT","CIFTLIKOZU","32","241","332","0","0","3","45","14","360","523","57","19"
"DERBENT","DEGIS","20","241","148","0","0","3","2","6","162","261","3","36"
"DERBENT","DERBENTTEKKE","12","241","154","0","0","4","","5","165","172","1","20"
"DERBENT","GUNEY","36","241","252","0","0","8","3","4","265","324","17","24"
"DERBENT","GUNEYKOY","7","241","49","0","0","1","2","5","55","64","2","13"
"DERBENT","HACI AHMET","36","241","442","0","0","4","6","11","457","683","40","18"
"DERBENT","KARALAR","9","241","42","0","0","0","","3","42","73","1","5"
"DERBENT","MULAYIM","17","241","219","0","0","4","7","5","225","455","10","4"
"DERBENT","SARAYPINAR","14","241","131","0","0","17","11","4","145","211","23","11"
"DERBENT","SULEYMAN","10","241","73","0","0","0","1","2","73","168","6","0"
"DERBENT","YUKARI","13","241","154","0","0","1","2","1","156","295","9","0"
"DEREBUCAK","CAMLIK","76","403","707","0","0","11","72","15","958","982","98","6"
"DEREBUCAK","DURAK","35","403","254","0","0","4","9","5","315","302","10","2"
"DEREBUCAK","GENCEK","59","403","486","0","0","12","57","9","632","960","85","7"
"DEREBUCAK","GOYNEM","57","403","340","0","0","12","29","10","552","985","42","5"
"DEREBUCAK","KENANKUYU","22","403","212","0","0","0","66","11","375","359","83","0"
"DEREBUCAK","MUSALLA","30","403","223","0","0","1","37","8","375","379","50","0"
"DEREBUCAK","PINARBASI","27","403","268","0","0","2","11","6","330","559","21","1"
"DEREBUCAK","SARAYONU","46","403","303","0","0","2","50","19","652","574","64","0"
"DEREBUCAK","TASLIPINAR","16","403","154","0","0","6","9","2","179","154","14","4"
"DEREBUCAK","TEPEARASI","21","403","118","0","0","3","5","3","129","168","7","4"
"DEREBUCAK","UGURLU","10","403","63","0","0","0","","4","66","40","0","2"
"DEREBUCAK","YENI","38","403","275","0","0","1","51","3","554","493","53","2"
"DOGANHISAR","AGA","14","739","125","0","0","5","3","5","220","211","3","0"
"DOGANHISAR","AYASLAR","54","739","646","0","0","15","29","10","763","1,187","40","3"
"DOGANHISAR","BAS","22","739","186","0","0","4","4","2","273","379","3","1"
"DOGANHISAR","BASKOY","80","739","872","0","0","18","75","15","1,011","2,045","109","0"
"DOGANHISAR","CUMA","8","739","85","0","0","2","22","1","149","178","25","0"
"DOGANHISAR","CINAROBA","30","739","486","0","0","19","27","12","524","648","40","0"
"DOGANHISAR","DESTIGIN","54","739","542","0","0","20","35","15","701","1,007","40","5"
"DOGANHISAR","FIRINLI","16","739","104","0","0","6","","3","111","214","0","0"
"DOGANHISAR","GUVENDIK","11","739","134","0","0","4","","5","134","335","0","0"
"DOGANHISAR","HARMAN","66","739","604","0","0","34","130","20","999","1,321","159","1"
"DOGANHISAR","ILYASLAR","28","739","197","0","0","7","6","6","214","505","10","0"
"DOGANHISAR","KARAAGA","63","739","875","0","0","31","56","16","1,008","1,242","76","0"
"DOGANHISAR","KEMER","30","739","215","0","0","11","2","5","258","389","14","1"
"DOGANHISAR","KOCAS","42","739","440","0","0","10","4","6","465","562","7","0"
"DOGANHISAR","KONAKKALE","30","739","300","0","0","10","6","7","349","544","10","0"
"DOGANHISAR","KUZ","28","739","332","0","0","16","69","23","690","956","70","0"
"DOGANHISAR","PAZAR","43","739","348","1","0","7","146","39","712","979","175","0"
"DOGANHISAR","SIH","54","739","289","0","0","16","45","9","540","739","51","5"
"DOGANHISAR","TEKKEKOY","7","739","37","0","0","2","","3","45","90","0","0"
"DOGANHISAR","UNCULAR","38","739","195","0","0","8","5","9","215","491","9","0"
"DOGANHISAR","YAZIR","14","739","68","0","0","1","","3","73","87","0","0"
"DOGANHISAR","YAZLICA","34","739","309","0","0","18","4","9","350","617","8","0"
"DOGANHISAR","YEGIN","12","739","157","0","0","1","","6","213","250","3","0"
"DOGANHISAR","YENICE","54","739","392","0","0","2","17","6","526","736","22","0"
"EMIRGAZI","AKMESCIT","40","510","253","0","0","8","63","14","362","924","74","0"
"EMIRGAZI","BESCI","29","510","134","0","0","29","1","2","143","354","13","0"
"EMIRGAZI","CAMIKEBIR","24","510","72","0","0","2","117","10","107","163","136","1"
"EMIRGAZI","CUMHURIYET","22","510","188","0","0","11","32","4","204","560","35","0"
"EMIRGAZI","DEMIRCI","74","510","377","0","0","26","8","14","394","1,377","11","0"
"EMIRGAZI","EKIZLI","14","510","136","0","0","3","1","4","145","243","8","1"
"EMIRGAZI","FATIH","63","510","302","0","0","56","42","12","336","735","39","3"
"EMIRGAZI","GOLOREN","20","510","105","0","0","13","4","3","109","131","5","0"
"EMIRGAZI","ISIKLAR","85","510","417","0","0","50","12","16","447","1,165","32","2"
"EMIRGAZI","KALE","95","510","478","0","0","109","35","6","517","1,204","37","1"
"EMIRGAZI","KARAOREN","11","510","71","0","0","1","8","2","71","115","8","1"
"EMIRGAZI","MESELI","5","510","40","0","0","1","1","2","44","26","1","1"
"EMIRGAZI","OBEKTAS","8","510","58","0","0","1","","2","59","93","0","0"
"EMIRGAZI","TURBE","30","510","193","0","0","7","8","3","195","614","7","0"
"EMIRGAZI","YAMAC","16","510","96","0","0","36","2","3","124","453","8","0"
"EMIRGAZI","YENI","35","510","156","0","0","14","2","2","160","506","3","1"
"EREGLI","500 EVLER","35","3,186","564","0","1","6","46","8","595","972","47","1"
"EREGLI","ACIKUYU","20","3,186","97","0","0","24","5","4","114","207","9","1"
"EREGLI","ACIPINAR","17","3,186","52","2","0","7","10","3","58","174","15","3"
"EREGLI","ADABAG","16","3,186","98","0","0","2","8","1","101","269","9","1"
"EREGLI","AKHUYUK","11","3,186","86","0","0","9","1","1","93","186","5","1"
"EREGLI","ALHAN","51","3,186","431","0","0","10","9","10","453","1,347","22","2"
"EREGLI","ALPASLAN","13","3,186","73","0","0","10","387","2","483","1,038","458","0"
"EREGLI","ASAGIGONDELEN","27","3,186","169","0","0","38","11","3","189","494","32","7"
"EREGLI","ASIKLAR","9","3,186","59","0","0","0","3","2","62","186","13","0"
"EREGLI","ATAKENT","33","3,186","339","4","0","15","39","9","649","1,043","37","1"
"EREGLI","AYDINLAR","88","3,186","1,063","1","0","13","53","9","1,823","4,557","58","7"
"EREGLI","AZIZIYE","74","3,186","940","2","0","76","81","13","1,036","2,870","181","13"
"EREGLI","BAHCELI","22","3,186","59","0","3","8","27","4","66","154","57","0"
"EREGLI","BARBAROS","100","3,186","1,019","4","0","24","104","12","2,425","6,161","126","0"
"EREGLI","BATIALAGOZLU","36","3,186","403","1","0","8","26","5","1,194","2,720","25","0"
"EREGLI","BELCEAGAC","25","3,186","426","0","0","5","15","9","459","714","32","8"
"EREGLI","BELKAYA","136","3,186","1,449","1","0","87","125","34","1,487","4,111","190","7"
"EREGLI","BEYKOY","26","3,186","219","0","0","15","7","4","229","628","19","1"
"EREGLI","BEYOREN","24","3,186","105","0","0","26","2","6","122","293","9","1"
"EREGLI","BOYACIALI","26","3,186","45","0","0","21","770","8","458","736","693","0"
"EREGLI","BULGURLUK","46","3,186","288","0","1","16","20","6","303","683","64","4"
"EREGLI","BURHANIYE","10","3,186","116","0","0","2","2","4","126","253","8","5"
"EREGLI","BUYUKDEDE","17","3,186","125","0","0","3","10","4","131","181","12","3"
"EREGLI","CAHI","121","3,186","1,257","3","0","10","183","16","2,194","5,757","188","4"
"EREGLI","CAMIKEBIR","18","3,186","129","0","0","17","32","12","519","1,259","35","0"
"EREGLI","CINLER","79","3,186","769","6","0","40","56","5","1,324","3,004","58","3"
"EREGLI","CAKMAK","29","3,186","177","1","0","8","21","11","198","407","35","5"
"EREGLI","CAYHAN","58","3,186","989","1","0","50","71","17","1,060","1,791","125","25"
"EREGLI","CILLER","18","3,186","144","7","0","31","12","2","149","390","23","1"
"EREGLI","CIMENCIK","38","3,186","402","0","0","9","8","6","431","1,146","19","0"
"EREGLI","COMLEKCI","86","3,186","1,021","0","0","5","95","8","1,826","3,857","98","6"
"EREGLI","DALMAZ","17","3,186","153","0","0","2","76","5","828","2,039","85","2"
"EREGLI","DOGUALAGOZLU","51","3,186","687","3","0","4","37","6","1,009","2,086","44","0"
"EREGLI","ETI","53","3,186","449","0","0","19","156","15","2,541","6,111","175","0"
"EREGLI","FATIH","57","3,186","528","1","0","58","70","3","1,535","2,897","75","0"
"EREGLI","GAYBI","24","3,186","216","9","0","1","23","16","222","216","22","8"
"EREGLI","GOKCEYAZI","66","3,186","373","0","0","32","31","7","413","611","77","16"
"EREGLI","GOKTOME","8","3,186","58","1","0","1","1","4","59","147","10","0"
"EREGLI","GULBAHCE","38","3,186","376","1","0","18","86","10","1,402","3,246","97","0"
"EREGLI","HACIMEMIS","37","3,186","702","1","0","29","35","10","795","1,959","66","5"
"EREGLI","HACIMUSTAFA","29","3,186","291","0","0","7","128","15","1,518","3,694","116","0"
"EREGLI","HACIMUTAHIR","30","3,186","288","1","0","66","995","10","2,397","5,006","569","1"
"EREGLI","HAMIDIYE","23","3,186","156","0","0","1","237","4","1,022","2,400","226","0"
"EREGLI","HIDIRLI","34","3,186","292","0","0","1","260","7","904","2,261","310","0"
"EREGLI","HORTU","87","3,186","546","1","0","39","39","9","559","1,481","66","6"
"EREGLI","KAMISLIKUYU","21","3,186","175","0","0","10","10","4","184","485","16","2"
"EREGLI","KARABURUN","22","3,186","147","0","0","2","4","2","153","432","10","2"
"EREGLI","KARGACI","42","3,186","263","2","0","65","82","3","297","677","120","2"
"EREGLI","KAZANCI","21","3,186","244","0","0","2","87","11","1,381","3,111","101","0"
"EREGLI","KIZILGEDIK","3","3,186","9","0","0","0","","1","8","25","0","0"
"EREGLI","KUSKUNCUK","27","3,186","169","0","0","11","8","5","174","477","21","1"
"EREGLI","KUTOREN","65","3,186","526","0","0","31","37","9","559","1,483","82","8"
"EREGLI","KUZUKUYU","30","3,186","92","1","0","18","7","5","107","288","28","2"
"EREGLI","MEHMET AKIF","30","3,186","338","0","0","32","39","5","1,827","4,299","46","0"
"EREGLI","MELICEK","33","3,186","237","2","0","2","11","5","244","447","30","3"
"EREGLI","MIMAR SINAN","41","3,186","368","3","0","25","39","8","807","1,948","43","0"
"EREGLI","NAMIK KEMAL","103","3,186","1,398","1","0","29","336","21","2,190","5,517","313","6"
"EREGLI","ORHANGAZI","79","3,186","923","0","0","19","130","7","2,002","4,856","147","0"
"EREGLI","ORHANIYE","54","3,186","1,216","2","0","2","46","17","1,683","4,129","65","1"
"EREGLI","OZGURLER","18","3,186","168","0","0","1","6","4","171","603","7","0"
"EREGLI","PINAROZU","16","3,186","88","0","0","4","5","3","93","233","10","0"
"EREGLI","PIROMER","26","3,186","106","0","0","10","498","6","828","2,097","375","0"
"EREGLI","SARICA","14","3,186","194","0","0","12","5","4","225","250","26","10"
"EREGLI","SARITOPALLI","21","3,186","183","0","0","35","16","7","526","490","32","1"
"EREGLI","SELCUKLU","19","3,186","24","0","0","8","585","6","149","227","482","5"
"EREGLI","SERVILI","41","3,186","265","0","0","8","9","5","276","835","37","5"
"EREGLI","SUMER","12","3,186","26","1","0","2","152","50","405","864","104","1"
"EREGLI","SINASI","81","3,186","977","9","0","40","42","8","1,546","3,770","55","2"
"EREGLI","TALATPASA","70","3,186","570","1","0","51","334","5","1,207","2,718","394","2"
"EREGLI","TASAGIL","40","3,186","226","3","0","40","8","7","249","467","33","5"
"EREGLI","TASBUDAK","16","3,186","81","0","0","13","2","7","93","271","5","5"
"EREGLI","TATLIKUYU","20","3,186","140","0","0","5","4","3","147","406","12","4"
"EREGLI","TOROS","50","3,186","125","5","0","45","91","31","1,436","2,797","111","4"
"EREGLI","TURBE","59","3,186","919","4","0","8","91","22","2,624","5,785","107","0"
"EREGLI","TURKMEN","20","3,186","240","0","0","1","13","4","248","635","23","0"
"EREGLI","ULUMESE","19","3,186","123","0","0","2","","3","136","238","5","1"
"EREGLI","UCGOZ","30","3,186","261","0","0","4","74","5","1,223","2,646","82","0"
"EREGLI","YAZLIK","51","3,186","416","0","0","33","8","4","479","720","16","6"
"EREGLI","YELLICE","23","3,186","261","0","0","2","5","6","270","623","21","3"
"EREGLI","YENIBAGLAR","44","3,186","657","0","0","5","15","6","725","1,964","22","0"
"EREGLI","YENIKOY","52","3,186","251","0","1","60","16","3","266","578","32","1"
"EREGLI","YILDIRIMBEYAZIT","38","3,186","602","2","0","6","21","2","667","1,516","23","3"
"EREGLI","YILDIZLI","37","3,186","292","1","0","10","8","5","315","305","25","13"
"EREGLI","YUKARIGONDELEN","27","3,186","105","0","0","17","8","2","119","278","15","3"
"EREGLI","YUNUSLU","58","3,186","507","0","0","30","51","6","1,656","4,469","68","0"
"EREGLI","ZENGEN","120","3,186","793","0","0","181","115","34","909","1,877","169","21"
"EREGLI","ZIYA GOKALP","134","3,186","908","0","0","40","723","17","1,692","4,111","834","5"
"GUNEYSINIR","AGRAS","15","534","124","0","0","2","1","4","130","348","0","0"
"GUNEYSINIR","AVCITEPE","11","534","40","0","0","5","2","3","42","72","3","2"
"GUNEYSINIR","AYDOGMUS","26","534","208","0","0","4","10","8","231","320","13","2"
"GUNEYSINIR","BARDAS","40","534","370","0","0","7","34","15","402","611","42","5"
"GUNEYSINIR","DURAYDA","27","534","236","0","0","1","2","8","248","315","4","3"
"GUNEYSINIR","EMIRHAN","5","534","44","0","0","1","","3","48","75","0","2"
"GUNEYSINIR","GUNEYBAG","82","534","833","0","0","24","117","13","1,040","1,966","179","12"
"GUNEYSINIR","GURAGAC","32","534","511","0","0","47","70","13","621","1,430","93","3"
"GUNEYSINIR","HABILLER","26","534","203","0","0","4","","6","224","198","0","7"
"GUNEYSINIR","KARASINIR","126","534","811","0","0","29","219","23","1,119","1,978","334","8"
"GUNEYSINIR","KAYAAGZI","14","534","139","0","0","0","3","5","145","292","2","1"
"GUNEYSINIR","KIZILOZ","21","534","199","0","0","8","2","5","208","305","7","4"
"GUNEYSINIR","KURUKAVAK","14","534","73","0","0","1","","2","75","61","0","0"
"GUNEYSINIR","MEHMET ALI","19","534","144","0","0","8","2","5","156","323","4","6"
"GUNEYSINIR","MEVLANA","70","534","129","0","0","31","122","47","344","588","95","5"
"GUNEYSINIR","OMEROGLU","20","534","114","0","0","1","","3","117","156","0","0"
"GUNEYSINIR","ORENBOYALI","16","534","96","0","0","1","2","4","110","148","6","11"
"GUNEYSINIR","SARIHACI","12","534","152","0","0","2","13","6","167","226","13","4"
"HADIM","ARMAGANLAR","24","814","193","0","0","11","7","12","287","486","11","2"
"HADIM","ASAGI HADIM","62","814","429","0","0","33","4","7","496","364","9","6"
"HADIM","ASAGI MERNEK","4","814","25","0","0","0","","2","25","45","0","0"
"HADIM","ASAGIESENLER","44","814","458","0","0","2","11","10","503","544","13","8"
"HADIM","BADEMLI","21","814","331","0","0","6","24","12","352","444","32","0"
"HADIM","BEYRELI","89","814","940","0","0","1","6","9","1,112","193","8","168"
"HADIM","BOLAT","38","814","399","0","0","0","13","11","460","897","17","62"
"HADIM","CIFTEPINAR","13","814","85","0","0","0","1","1","85","61","2","0"
"HADIM","DEDEMLI","80","814","997","0","0","8","48","17","1,048","1,052","64","15"
"HADIM","DOLHANLAR","15","814","186","0","0","0","2","2","193","264","2","5"
"HADIM","DULGERLER","38","814","199","0","0","0","2","8","201","143","0","5"
"HADIM","EGISTE","46","814","434","0","0","3","23","13","464","791","28","8"
"HADIM","FAKILAR","10","814","33","0","0","0","","2","35","89","0","0"
"HADIM","GAZILER","22","814","154","0","0","0","","3","156","203","0","1"
"HADIM","GEREZ","28","814","274","0","0","0","11","6","288","456","14","5"
"HADIM","GEZLEVI","57","814","893","0","0","21","30","14","976","1,413","37","27"
"HADIM","GOYNUKKISLA","22","814","266","0","0","0","10","6","276","625","12","3"
"HADIM","HOCALAR","46","814","205","0","0","1","2","3","217","166","3","8"
"HADIM","IGDEOREN","7","814","35","0","0","0","","2","38","34","0","2"
"HADIM","KALINAGIL","12","814","134","0","0","2","1","2","142","117","1","2"
"HADIM","KAPLANLI","18","814","88","0","0","0","5","2","88","64","5","1"
"HADIM","KUPLUCE","19","814","84","0","0","0","","3","84","110","0","0"
"HADIM","MERNEK","33","814","213","0","0","0","2","3","223","125","3","11"
"HADIM","ODUNCU","5","814","63","0","0","1","","2","64","52","0","0"
"HADIM","SARNIC","12","814","91","0","0","0","","4","91","114","0","0"
"HADIM","SELAHATTIN","8","814","45","0","0","0","","1","44","91","0","0"
"HADIM","TASPINAR","37","814","646","0","0","32","219","29","1,053","1,832","243","2"
"HADIM","UMURLAR","12","814","56","0","0","0","","2","56","75","0","0"
"HADIM","YAGCI","15","814","208","0","0","2","2","4","212","287","4","3"
"HADIM","YELMEZ","17","814","138","0","0","5","3","2","140","156","1","1"
"HADIM","YENIKONAK","32","814","170","0","0","1","","2","174","274","0","3"
"HADIM","YUKARIESENLER","18","814","185","0","0","1","","2","204","205","0","2"
"HALKAPINAR","BAHCELIEVLER","75","280","614","0","0","44","71","24","965","1,208","107","17"
"HALKAPINAR","BUYUKDOGAN","16","280","151","0","0","1","5","5","154","271","10","0"
"HALKAPINAR","CUMHURIYET","20","280","197","0","1","0","16","5","219","242","20","1"
"HALKAPINAR","CAKILLAR","21","280","126","0","0","1","10","6","129","235","18","0"
"HALKAPINAR","DEDELI","12","280","65","0","0","1","3","2","66","118","3","1"
"HALKAPINAR","DELIMAHMUTLU","9","280","120","0","0","0","6","3","118","280","3","0"
"HALKAPINAR","ESKIHISAR","13","280","83","0","0","0","2","1","81","153","3","0"
"HALKAPINAR","IVRIZ","30","280","257","0","0","2","17","3","281","190","26","7"
"HALKAPINAR","KARAYUSUFLU","10","280","62","0","0","0","1","1","62","85","1","0"
"HALKAPINAR","KAYASARAY","14","280","72","0","0","0","2","3","74","102","2","1"
"HALKAPINAR","KORLU","15","280","64","0","0","0","6","3","66","92","7","1"
"HALKAPINAR","KUSERE","12","280","129","0","0","1","6","2","131","218","7","1"
"HALKAPINAR","NERNEK","15","280","101","0","0","1","5","2","103","132","9","2"
"HALKAPINAR","OSMANKOSELI","14","280","127","0","0","4","8","2","134","215","8","1"
"HALKAPINAR","SEYDIFAKILI","19","280","145","0","0","7","5","4","153","340","12","9"
"HALKAPINAR","YASSIKAYA","7","280","68","0","0","0","","3","68","97","0","0"
"HALKAPINAR","YESILYURT","7","280","40","0","0","0","8","1","42","83","11","2"
"HUYUK","AKDAG","28","946","219","0","0","30","3","2","498","933","9","1"
"HUYUK","BAHCELI EVLER","66","946","381","0","0","31","239","34","799","1,258","339","20"
"HUYUK","BASLAMIS","17","946","153","0","0","6","2","1","179","204","3","14"
"HUYUK","BUDAK","26","946","320","0","0","8","11","7","372","457","14","4"
"HUYUK","BURUNSUZ","72","946","419","0","0","5","21","6","477","598","28","5"
"HUYUK","CUMHURIYET","13","946","101","0","0","1","4","5","165","360","10","1"
"HUYUK","CAMLICA","48","946","458","0","0","20","15","13","496","1,106","16","5"
"HUYUK","CAVUS","70","946","556","0","0","38","23","6","638","584","41","19"
"HUYUK","CUKURKENT","21","946","164","0","0","0","6","2","182","261","17","3"
"HUYUK","DEGIRMENALTI","24","946","190","0","0","4","7","2","239","241","11","1"
"HUYUK","GOCERI","50","946","371","0","0","10","13","12","415","449","21","14"
"HUYUK","GORUNMEZ","23","946","298","0","0","19","8","6","355","366","10","4"
"HUYUK","ILMEN","49","946","428","0","0","14","24","10","492","736","35","1"
"HUYUK","IMRENLER","127","946","975","0","0","31","61","18","1,163","1,217","106","4"
"HUYUK","KIRELI","75","946","764","0","0","18","82","19","1,068","1,755","131","4"
"HUYUK","KOSK","61","946","516","0","0","10","22","8","551","627","27","13"
"HUYUK","MUTLU","55","946","498","0","0","25","27","9","566","635","32","14"
"HUYUK","PINARBASI","25","946","247","0","0","17","4","5","307","307","7","1"
"HUYUK","SELKI","57","946","723","0","0","37","37","17","811","1,439","76","13"
"HUYUK","SULUDERE","51","946","392","0","0","35","14","7","502","907","23","11"
"HUYUK","TOLCA","22","946","288","0","0","9","14","6","364","510","18","5"
"HUYUK","ULUPINAR","37","946","339","0","0","1","31","8","429","760","39","2"
"HUYUK","YENICE","14","946","89","0","0","4","3","1","103","133","12","0"
"ILGIN","AGALAR","46","1,968","257","0","0","13","6","7","259","658","15","1"
"ILGIN","ARGITHANI","243","1,968","1,460","0","0","46","159","34","1,763","2,621","211","4"
"ILGIN","AVDAN","21","1,968","138","0","0","4","","4","135","245","1","0"
"ILGIN","AYVATDEDE","41","1,968","505","0","0","41","71","15","1,085","2,639","79","0"
"ILGIN","BALKI","43","1,968","307","0","0","8","14","9","317","756","25","0"
"ILGIN","BARAKMUSLU","21","1,968","137","0","0","0","1","6","136","283","3","0"
"ILGIN","BEHLULBEY","38","1,968","354","0","0","45","30","12","1,129","2,795","19","0"
"ILGIN","BELEKLER","11","1,968","251","0","0","3","5","5","254","431","10","0"
"ILGIN","BEYKONAK","56","1,968","503","0","0","6","33","20","524","1,031","38","0"
"ILGIN","BOGAZKENT","24","1,968","136","0","0","5","4","3","136","169","8","0"
"ILGIN","BULCUK","34","1,968","235","0","0","24","3","9","215","366","15","0"
"ILGIN","BUYUKOBA","32","1,968","208","0","0","10","10","8","191","339","11","0"
"ILGIN","CAMIIATIK","79","1,968","474","0","0","63","1,057","33","1,440","3,111","1,046","0"
"ILGIN","CATAK","15","1,968","123","0","0","12","","3","128","208","0","0"
"ILGIN","CAVUSCUGOL","66","1,968","408","0","0","7","33","15","436","855","40","0"
"ILGIN","CIGIL","60","1,968","1,295","0","0","14","159","22","1,439","2,918","196","0"
"ILGIN","COBANKAYA","28","1,968","133","0","0","0","","6","138","200","1","0"
"ILGIN","COMLEKCI","13","1,968","71","0","0","1","1","3","71","111","0","0"
"ILGIN","DEREKOY","6","1,968","48","0","0","1","","3","46","98","0","0"
"ILGIN","DIGRAK","5","1,968","22","0","0","3","","2","23","74","0","0"
"ILGIN","DUGER","18","1,968","166","0","0","1","4","7","169","424","3","0"
"ILGIN","ELDES","26","1,968","226","0","0","2","2","6","228","406","1","0"
"ILGIN","ESENTEPE","42","1,968","452","0","0","6","14","5","542","1,304","16","0"
"ILGIN","FAHRETTIN ALTAY","46","1,968","399","0","0","10","47","18","534","1,244","53","0"
"ILGIN","FATIH","56","1,968","705","0","0","30","115","16","1,511","3,780","135","1"
"ILGIN","GECITKOY","25","1,968","172","0","0","0","1","4","169","310","3","0"
"ILGIN","GEDIKOREN","19","1,968","112","0","0","7","1","4","116","309","2","0"
"ILGIN","GOKBUDAK","11","1,968","93","0","0","2","1","3","97","183","3","0"
"ILGIN","GOKCEYURT","37","1,968","381","0","0","1","6","8","362","492","9","0"
"ILGIN","GOLYAKA","18","1,968","117","0","0","0","3","5","118","212","9","0"
"ILGIN","GOSTERE","29","1,968","255","0","0","2","9","3","260","496","10","0"
"ILGIN","GUNEYPINAR","8","1,968","62","0","0","0","","2","60","136","0","0"
"ILGIN","HARMANYAZI","25","1,968","239","0","0","6","11","7","255","783","13","1"
"ILGIN","ILICA","74","1,968","770","0","0","21","170","45","1,038","2,363","68","0"
"ILGIN","IHSANIYE","37","1,968","164","0","0","12","1","4","147","234","2","1"
"ILGIN","ISTASYON","39","1,968","370","0","0","17","66","21","427","936","88","0"
"ILGIN","KALEKOY","11","1,968","50","0","0","2","2","2","50","60","2","0"
"ILGIN","KAPAKLI","25","1,968","331","0","0","3","8","8","330","279","10","0"
"ILGIN","KARAKOY","26","1,968","195","0","0","6","1","6","196","364","2","1"
"ILGIN","MAHMUTHISAR","47","1,968","315","0","0","16","15","4","302","501","21","0"
"ILGIN","MECIDIYE","39","1,968","179","0","1","11","16","8","176","359","18","0"
"ILGIN","MILLI EGEMENLIK","50","1,968","639","0","0","31","64","5","2,040","5,563","67","0"
"ILGIN","MISAFIRLI","16","1,968","69","0","0","0","1","2","69","129","1","0"
"ILGIN","OLUKPINAR","23","1,968","72","0","0","9","3","3","75","228","9","1"
"ILGIN","ORHANIYE","39","1,968","325","0","0","13","31","21","424","988","32","0"
"ILGIN","ORMANOZU","12","1,968","54","0","0","1","1","2","49","54","1","0"
"ILGIN","SADIKKOY","22","1,968","107","0","0","2","5","5","110","187","4","0"
"ILGIN","SAHIP ATA","19","1,968","156","0","0","2","7","1","339","774","8","0"
"ILGIN","SEBILLER","14","1,968","42","0","0","1","","3","42","98","0","0"
"ILGIN","SIHBEDRETTIN","74","1,968","719","0","0","41","53","11","1,084","2,396","66","2"
"ILGIN","SIHCARULLAH","105","1,968","1,079","0","0","32","159","27","1,463","3,242","180","1"
"ILGIN","TEKELER","21","1,968","84","0","0","0","2","2","84","181","1","2"
"ILGIN","UCARI","91","1,968","968","0","0","43","197","15","1,554","3,329","214","0"
"ILGIN","YORAZLAR","25","1,968","132","0","0","0","1","4","132","343","3","1"
"ILGIN","YUKARICIGIL","42","1,968","775","0","0","10","70","14","853","2,119","86","0"
"ILGIN","ZAFERIYE","21","1,968","121","0","0","23","23","4","122","302","27","0"
"KADINHANI","AFSARLI","9","1,354","42","0","0","1","1","1","43","64","4","0"
"KADINHANI","ALABAG","21","1,354","83","0","0","26","4","3","101","177","15","1"
"KADINHANI","ATLANTI","119","1,354","983","0","0","50","49","19","1,038","2,446","125","2"
"KADINHANI","BAKIRPINAR","12","1,354","43","0","0","2","","1","42","72","5","0"
"KADINHANI","BASKUYU","64","1,354","433","0","0","2","34","21","437","616","46","7"
"KADINHANI","BAYRAMLI","18","1,354","107","0","0","9","1","2","129","238","78","0"
"KADINHANI","BEYKAVAGI","16","1,354","193","0","0","7","6","4","204","327","11","3"
"KADINHANI","BULGURPINARI","8","1,354","47","0","0","0","","2","46","69","1","0"
"KADINHANI","CAVDAR","27","1,354","83","0","0","2","1","3","89","165","5","3"
"KADINHANI","CESMECIK","28","1,354","325","0","0","16","7","9","344","1,213","25","0"
"KADINHANI","CUBUK","9","1,354","41","0","0","3","","3","40","126","4","0"
"KADINHANI","DEMIROLUK","14","1,354","141","0","0","7","","5","148","284","7","9"
"KADINHANI","DOGANLAR","43","1,354","512","0","0","11","157","16","725","1,691","283","0"
"KADINHANI","GUNGOREN","41","1,354","269","0","0","8","144","17","435","879","226","0"
"KADINHANI","HACIMEHMETLI","28","1,354","200","0","0","24","1","5","223","401","9","0"
"KADINHANI","HACIOFLAZLAR","25","1,354","156","0","0","1","1","3","158","356","8","0"
"KADINHANI","HACIPIRLI","20","1,354","110","0","0","7","2","2","117","182","5","0"
"KADINHANI","ISTIKLAL","39","1,354","399","0","0","12","124","26","455","1,099","227","0"
"KADINHANI","KABACALI","13","1,354","37","0","0","3","5","2","39","34","6","0"
"KADINHANI","KAMISLIOZU","21","1,354","87","0","0","31","1","3","118","183","7","2"
"KADINHANI","KARAHISARLI","16","1,354","85","0","0","4","1","2","88","135","1","0"
"KADINHANI","KARAKAYA","53","1,354","554","0","0","14","50","17","577","1,405","97","0"
"KADINHANI","KARAKURTLU","20","1,354","71","0","0","1","1","1","70","125","2","2"
"KADINHANI","KARASEVINC","19","1,354","101","0","0","3","","1","111","177","16","0"
"KADINHANI","KARAYURUKLU","14","1,354","50","0","0","1","3","1","56","74","15","1"
"KADINHANI","KAYABASI","44","1,354","516","0","0","13","38","5","715","1,668","111","2"
"KADINHANI","KIZILKUYU","22","1,354","79","0","0","0","4","4","79","167","17","0"
"KADINHANI","KOLUKISA BERATLI","67","1,354","574","0","0","55","62","16","665","1,714","148","24"
"KADINHANI","KOLUKISA MESCIT","66","1,354","477","0","0","62","15","1","560","1,029","127","46"
"KADINHANI","KONUROREN","15","1,354","129","0","0","5","1","2","134","304","12","0"
"KADINHANI","KOKEZ","23","1,354","184","0","0","6","1","7","194","407","24","1"
"KADINHANI","KOYLUTOLU","17","1,354","83","0","0","2","5","4","86","101","10","0"
"KADINHANI","KURTHASANLI","24","1,354","96","0","0","7","5","7","109","144","12","0"
"KADINHANI","KUCUKKUYU","6","1,354","22","0","0","9","1","1","28","30","6","0"
"KADINHANI","MAHMUDIYE","25","1,354","156","0","0","0","3","2","157","236","9","0"
"KADINHANI","MEYDANLI","40","1,354","201","0","0","10","6","6","219","412","22","0"
"KADINHANI","OSMANCIK","40","1,354","396","0","0","22","55","11","409","1,172","87","0"
"KADINHANI","ORNEK","35","1,354","418","0","0","8","7","7","427","689","31","0"
"KADINHANI","PINARBASI","70","1,354","716","0","0","24","22","13","789","1,754","43","0"
"KADINHANI","PIRALI","8","1,354","75","0","0","2","","3","76","249","11","0"
"KADINHANI","PUSAT","33","1,354","208","0","0","20","3","6","229","534","33","0"
"KADINHANI","SACIKARA","38","1,354","351","0","0","18","22","6","373","868","51","0"
"KADINHANI","SARIKAYA","47","1,354","488","0","0","9","16","7","495","503","58","2"
"KADINHANI","SOGUTOZU","22","1,354","243","0","0","13","11","6","261","519","26","3"
"KADINHANI","SAHOREN","18","1,354","156","0","0","15","4","3","171","224","17","1"
"KADINHANI","TEPEBASI","77","1,354","701","0","0","54","235","43","1,335","3,137","427","1"
"KADINHANI","TOSUNOGLU","13","1,354","32","0","0","1","1","2","31","105","3","0"
"KADINHANI","TURGUTLU","47","1,354","434","0","0","8","67","7","473","1,005","123","0"
"KADINHANI","UNVEREN","33","1,354","200","0","0","4","107","5","231","449","219","0"
"KADINHANI","YAGLICA","18","1,354","238","0","0","5","6","4","248","388","19","2"
"KADINHANI","YAYLAYAKA","11","1,354","29","0","0","5","5","3","36","55","4","1"
"KADINHANI","YENI","28","1,354","407","0","0","27","35","9","418","1,151","68","0"
"KADINHANI","ZAFER","22","1,354","292","0","0","9","33","7","288","802","42","0"
"KARAPINAR","ADALET","103","2,585","684","2","0","47","369","16","1,051","2,883","503","2"
"KARAPINAR","AKCAYAZI","53","2,585","289","0","0","20","7","10","301","705","49","1"
"KARAPINAR","AKOREN","93","2,585","240","1","0","56","11","9","263","516","40","3"
"KARAPINAR","ALAADDIN","22","2,585","222","0","0","22","163","9","703","1,865","193","0"
"KARAPINAR","APAK","18","2,585","151","0","0","22","158","12","409","1,051","211","0"
"KARAPINAR","CUMHURIYET","100","2,585","879","3","0","39","21","6","969","3,081","45","0"
"KARAPINAR","CETMI","52","2,585","183","0","1","52","11","5","253","600","21","0"
"KARAPINAR","CIGIL","10","2,585","30","0","0","2","","1","31","60","2","0"
"KARAPINAR","FATIH","50","2,585","524","1","0","26","7","6","627","1,808","26","9"
"KARAPINAR","FEVZI PASA","271","2,585","1,339","1","0","215","17","15","1,377","1,916","279","15"
"KARAPINAR","GAZI OSMAN PASA","108","2,585","401","0","0","68","13","14","417","568","98","2"
"KARAPINAR","HACI ISA","33","2,585","219","0","1","15","116","2","361","906","158","0"
"KARAPINAR","HACI OMERLI","13","2,585","54","0","0","19","149","4","203","424","206","1"
"KARAPINAR","HANKAPI","27","2,585","274","0","0","3","130","19","525","1,306","181","1"
"KARAPINAR","HASANOBA","29","2,585","108","0","0","11","","5","110","246","8","0"
"KARAPINAR","HOTAMIS","131","2,585","727","0","0","33","34","15","750","1,913","101","1"
"KARAPINAR","IPEKCI","126","2,585","428","1","0","236","157","39","697","1,824","264","0"
"KARAPINAR","ISLIK","107","2,585","589","0","0","19","4","12","602","1,082","16","0"
"KARAPINAR","ISMET PASA","24","2,585","171","0","0","2","54","5","251","571","80","0"
"KARAPINAR","KALE","21","2,585","113","0","0","21","173","3","282","595","219","0"
"KARAPINAR","KARAKISLA","22","2,585","106","0","0","5","1","3","111","238","38","1"
"KARAPINAR","KAYACIK","32","2,585","156","0","0","17","","4","162","375","7","0"
"KARAPINAR","KAYALI","177","2,585","807","0","0","24","21","25","836","2,480","61","2"
"KARAPINAR","KAZANHUYUGU","35","2,585","61","0","0","12","1","2","64","206","4","0"
"KARAPINAR","KESMEZ","83","2,585","368","0","0","35","3","6","390","1,798","24","2"
"KARAPINAR","KUCUKASLAMA","23","2,585","155","0","0","2","2","3","154","228","3","0"
"KARAPINAR","KULLU","11","2,585","95","0","0","1","12","3","153","323","23","0"
"KARAPINAR","ORTAOBA","30","2,585","189","0","0","8","","6","201","548","11","0"
"KARAPINAR","OYMALI","31","2,585","143","1","0","23","18","5","158","319","59","12"
"KARAPINAR","PINARBASI","71","2,585","315","1","0","48","15","9","621","1,518","33","1"
"KARAPINAR","RESADIYE","238","2,585","1,076","1","0","129","102","20","1,218","2,209","282","8"
"KARAPINAR","SANDIKLI","150","2,585","941","0","0","79","26","18","2,044","5,257","122","2"
"KARAPINAR","SAZLIPINAR","86","2,585","384","0","0","16","7","6","401","1,050","28","5"
"KARAPINAR","SELIMIYE","20","2,585","133","0","0","0","124","2","229","381","165","0"
"KARAPINAR","TURUDIYE","26","2,585","311","0","2","11","70","2","470","1,188","96","0"
"KARAPINAR","ULUS","136","2,585","347","0","0","89","52","13","548","1,184","122","1"
"KARAPINAR","YAGMAPINAR","5","2,585","57","0","0","3","1","4","59","147","1","0"
"KARAPINAR","YENI","22","2,585","254","0","0","11","53","2","362","1,108","56","0"
"KARAPINAR","YENIKUYU","21","2,585","120","0","0","8","1","4","123","229","7","0"
"KARAPINAR","YESILYURT","89","2,585","935","0","0","64","13","21","909","2,717","59","1"
"KARAPINAR","YUNUS EMRE","103","2,585","532","0","0","31","8","11","630","1,774","18","1"
"KARAPINAR","ZAFER","22","2,585","314","0","0","21","99","7","742","2,195","106","0"
"KARATAY","ACIDORT","49","5,141","115","0","0","10","24","4","116","159","60","20"
"KARATAY","AGSAKLI","32","5,141","177","0","0","17","39","4","175","429","53","2"
"KARATAY","AKABE","101","5,141","1,111","1","0","182","1,542","100","7,077","19,876","587","5"
"KARATAY","AKBAS","15","5,141","42","0","0","11","3","2","44","101","30","6"
"KARATAY","AKCESME","39","5,141","195","0","0","5","463","17","342","746","229","0"
"KARATAY","AKIFPASA","21","5,141","199","0","0","10","48","9","1,352","4,167","43","2"
"KARATAY","AKORENKISLA","116","5,141","559","0","0","55","49","13","513","731","120","29"
"KARATAY","AZIZIYE","97","5,141","596","0","0","108","1,894","45","1,354","3,602","874","1"
"KARATAY","BAKIRTOLU","25","5,141","95","0","0","9","25","5","95","215","47","2"
"KARATAY","BASAK","99","5,141","621","0","0","206","78","8","707","3,581","74","15"
"KARATAY","BASGOTUREN","22","5,141","123","0","0","1","1","5","124","170","40","2"
"KARATAY","BESAGIL","42","5,141","355","0","0","50","61","11","359","651","84","33"
"KARATAY","BUYUK SINAN","35","5,141","210","0","0","12","254","16","2,997","8,923","185","1"
"KARATAY","BUYUKBURNAK","35","5,141","173","0","0","13","23","5","170","274","71","3"
"KARATAY","CATALHUYUK","217","5,141","2,497","0","1","188","213","26","4,571","14,090","193","33"
"KARATAY","CATALTOMEK","34","5,141","287","0","0","30","71","9","1,436","4,498","49","1"
"KARATAY","CELEBI","39","5,141","238","0","0","111","146","9","1,616","4,313","135","0"
"KARATAY","CENGILTI","24","5,141","111","0","0","21","7","4","122","241","25","24"
"KARATAY","CIMENLIK","27","5,141","234","0","0","96","76","7","646","1,729","67","0"
"KARATAY","DIVANLAR","37","5,141","187","0","0","17","25","9","190","275","76","15"
"KARATAY","DOGUS","69","5,141","744","0","0","79","365","14","4,146","11,879","377","0"
"KARATAY","ELMACI","60","5,141","568","0","1","27","240","7","1,107","3,036","161","12"
"KARATAY","EMIRGAZI","50","5,141","432","0","0","34","148","6","1,512","4,535","149","0"
"KARATAY","ERENLER","61","5,141","559","0","0","53","218","9","3,229","10,379","223","0"
"KARATAY","ERLER","231","5,141","1,460","0","5","324","108","12","1,772","7,948","139","124"
"KARATAY","ESENTEPE","18","5,141","88","0","1","12","15","4","76","180","30","2"
"KARATAY","FETIH","78","5,141","549","0","0","73","402","31","5,418","16,652","391","1"
"KARATAY","FEVZICAKMAK","446","5,141","231","0","4","1,124","11,344","50","2,546","8,840","11,377","5"
"KARATAY","GAZIOSMANPASA","54","5,141","637","0","0","31","189","13","2,867","9,613","161","1"
"KARATAY","GOCU","70","5,141","371","0","0","28","74","10","406","900","160","53"
"KARATAY","HACI HASAN","56","5,141","903","0","0","69","174","11","2,922","9,053","164","1"
"KARATAY","HACI SADIK","46","5,141","593","0","0","39","111","6","1,622","5,134","104","0"
"KARATAY","HACI YUSUF MESCIT","162","5,141","670","0","0","178","1,451","22","3,236","9,790","1,460","0"
"KARATAY","HACIIBALI","57","5,141","822","0","0","3","50","6","1,224","3,966","34","1"
"KARATAY","HACIVEYISZADE","30","5,141","258","0","0","24","170","15","2,343","7,749","149","0"
"KARATAY","HAMZAOGLU","82","5,141","627","0","0","64","253","8","3,571","10,010","257","0"
"KARATAY","HASANDEDEMESCIT","48","5,141","405","0","0","65","124","5","1,613","4,499","114","1"
"KARATAY","HAYIROGLU","91","5,141","394","1","0","43","57","14","449","1,295","88","49"
"KARATAY","IPEKLER","20","5,141","112","0","0","4","6","3","109","243","26","1"
"KARATAY","ISMIL","249","5,141","2,303","0","0","74","410","47","2,417","5,950","461","175"
"KARATAY","ISTIKLAL","153","5,141","1,178","0","2","99","42","19","1,890","5,999","39","11"
"KARATAY","KALENDERHANE","22","5,141","306","0","0","7","223","7","2,063","5,765","137","0"
"KARATAY","KARAASLANDEDE","166","5,141","1,528","0","0","165","239","20","3,642","10,926","202","12"
"KARATAY","KARAASLANUZUMCU","170","5,141","1,449","0","2","103","50","22","1,987","6,050","54","78"
"KARATAY","KARACIGAN","29","5,141","221","0","0","13","142","7","1,961","6,057","99","0"
"KARATAY","KARADONA","17","5,141","94","0","0","10","21","2","99","234","37","10"
"KARATAY","KARAKAYA","60","5,141","369","0","0","11","20","7","376","805","75","53"
"KARATAY","KARAKULAK","94","5,141","1,355","0","1","32","117","10","3,148","10,142","109","5"
"KARATAY","KATRANCI","23","5,141","120","0","0","2","3","6","116","176","32","3"
"KARATAY","KAYACIKARAPLAR","34","5,141","270","0","0","29","170","7","2,102","6,099","131","0"
"KARATAY","KECECILER","45","5,141","333","0","0","20","121","8","2,017","5,874","114","0"
"KARATAY","KERIM DEDE","49","5,141","366","0","0","64","60","10","1,170","2,848","60","1"
"KARATAY","KEYKUBAT","54","5,141","442","0","0","55","157","10","2,377","7,037","161","1"
"KARATAY","KIZOREN","18","5,141","121","0","0","7","23","13","136","188","47","8"
"KARATAY","KOPRUBASI","61","5,141","557","0","1","135","159","16","3,026","7,946","156","2"
"KARATAY","KOSEALI","17","5,141","91","0","0","0","3","3","93","221","5","1"
"KARATAY","KUMKOPRU","38","5,141","381","0","0","8","68","7","1,066","3,357","49","0"
"KARATAY","MENGENE","72","5,141","723","0","0","84","214","13","3,109","8,466","175","0"
"KARATAY","NAKIPOGLU","49","5,141","519","0","0","19","403","21","2,963","9,166","192","1"
"KARATAY","OBRUK","65","5,141","353","0","0","22","15","14","372","571","39","17"
"KARATAY","ORHANGAZI","64","5,141","1,075","0","0","17","128","9","1,889","6,312","86","0"
"KARATAY","ORTAKONAK","45","5,141","123","0","1","31","89","5","132","267","118","21"
"KARATAY","OVAKAVAGI","82","5,141","715","0","0","21","78","12","714","2,056","147","32"
"KARATAY","SAKYATAN","12","5,141","174","0","2","29","31","6","185","450","53","14"
"KARATAY","SARACOGLU","226","5,141","1,462","0","4","207","190","17","1,974","7,237","216","64"
"KARATAY","SARIYAKUP","50","5,141","466","0","0","13","530","8","2,324","6,792","277","1"
"KARATAY","SELIMSULTAN","100","5,141","1,022","0","0","24","110","18","1,485","4,188","104","10"
"KARATAY","SULTAN MESUD","28","5,141","432","0","0","8","126","14","1,151","3,450","56","0"
"KARATAY","SURUC","42","5,141","244","0","0","11","12","6","219","353","26","7"
"KARATAY","SATIR","36","5,141","125","0","0","26","17","4","148","243","24","57"
"KARATAY","SEMSITEBRIZI","65","5,141","499","0","0","6","2,446","47","2,625","8,419","650","1"
"KARATAY","TATLICAK","117","5,141","1,040","1","8","138","747","35","1,121","4,365","757","23"
"KARATAY","ULUBATLIHASAN","90","5,141","579","0","0","100","396","24","7,372","24,008","369","1"
"KARATAY","YAGLIBAYAT","29","5,141","341","0","0","7","19","10","349","461","53","19"
"KARATAY","YARMA","62","5,141","496","1","0","25","73","18","529","1,232","119","18"
"KARATAY","YAVSANKUYU","15","5,141","71","0","0","6","14","2","72","142","19","4"
"KARATAY","YEDILER","39","5,141","361","0","0","63","104","6","1,311","3,570","103","0"
"KARATAY","YENICE","15","5,141","58","0","0","3","1","2","59","104","1","0"
"KARATAY","YENIKENT","26","5,141","231","0","0","19","7","8","258","604","23","4"
"KARATAY","ZINCIRLI","41","5,141","144","0","0","44","40","3","155","416","86","11"
"KULU","ACIKUYU","32","2,332","405","0","0","17","14","5","414","550","19","0"
"KULU","ALPARSLAN","92","2,332","602","0","0","27","66","4","1,844","3,063","173","0"
"KULU","ALTILAR","45","2,332","382","0","0","21","11","8","408","634","19","0"
"KULU","ARSINCI","16","2,332","194","0","0","4","4","4","204","393","6","0"
"KULU","BAHADIRLI","13","2,332","71","0","0","0","3","2","70","389","10","0"
"KULU","BESKARDES","66","2,332","820","0","0","20","6","4","865","879","18","0"
"KULU","BOZAN","40","2,332","347","0","0","10","4","6","359","598","37","0"
"KULU","BURUNAGIL","11","2,332","95","0","0","1","","2","96","160","6","0"
"KULU","CAMIKEBIR","54","2,332","510","0","0","93","1,065","31","2,639","3,684","1,108","0"
"KULU","CANIMANA","25","2,332","390","0","0","24","13","6","447","958","18","0"
"KULU","CELEP","111","2,332","830","0","0","11","26","8","932","1,686","38","0"
"KULU","CUMHURIYET","63","2,332","733","0","0","11","41","9","899","1,965","47","0"
"KULU","DEGIRMENOZU","16","2,332","93","0","0","3","3","1","102","224","12","0"
"KULU","DINEK","22","2,332","146","0","0","11","6","2","176","347","9","0"
"KULU","DIPDEDE","15","2,332","245","0","0","0","5","4","252","958","17","0"
"KULU","DOGUTEPE","11","2,332","38","0","0","6","","1","41","98","8","0"
"KULU","FATIH SULTAN MEHMET","90","2,332","562","0","0","58","262","10","1,912","2,970","386","0"
"KULU","FEVZIYE","13","2,332","53","0","0","2","2","3","51","92","10","0"
"KULU","GOKLER","10","2,332","45","0","0","4","","3","48","28","5","0"
"KULU","GUZELYAYLA","13","2,332","104","0","0","2","2","2","108","230","9","0"
"KULU","HISARKOY","9","2,332","34","0","0","9","3","2","36","102","7","0"
"KULU","KARACADAG","150","2,332","1,096","1","0","27","37","13","1,147","1,759","123","0"
"KULU","KARACADERE","12","2,332","176","0","0","6","1","4","187","604","7","0"
"KULU","KARAPINAR","62","2,332","375","0","0","24","5","12","440","1,372","8","0"
"KULU","KARSIYAKA","98","2,332","825","0","0","65","157","8","2,378","4,335","183","0"
"KULU","KEMALIYE","90","2,332","1,006","0","0","27","174","16","2,053","3,506","221","0"
"KULU","KIRKKUYU","41","2,332","310","0","0","11","","1","334","287","1","0"
"KULU","KIRKPINAR","84","2,332","551","0","0","26","13","7","687","1,226","21","0"
"KULU","KOZANLI","146","2,332","969","1","0","9","72","24","1,042","1,811","152","1"
"KULU","KOMUSINI","27","2,332","442","0","0","17","11","7","523","246","51","2"
"KULU","KOSTENGIL","18","2,332","107","0","0","2","","3","113","154","5","0"
"KULU","KOSKER","13","2,332","84","0","0","1","","1","85","126","16","0"
"KULU","MANDIRA","25","2,332","130","0","0","3","1","3","136","216","8","0"
"KULU","OMERANLI","298","2,332","3,329","0","0","124","397","24","3,778","4,619","482","0"
"KULU","SARIYAYLA","9","2,332","76","0","0","0","","2","82","192","5","0"
"KULU","SEYITAHMETLI","6","2,332","20","0","0","0","","1","20","38","3","0"
"KULU","SOGUKKUYU","14","2,332","104","0","0","0","","2","105","218","2","0"
"KULU","SEREFLI","20","2,332","171","0","0","2","2","3","187","299","19","0"
"KULU","TAVLIOREN","11","2,332","102","0","0","7","","1","105","299","1","0"
"KULU","TUZYAKA","115","2,332","561","0","0","0","17","14","550","1,684","69","0"
"KULU","YARASLI","37","2,332","528","2","0","17","7","8","649","722","20","0"
"KULU","YAZICAYIR","39","2,332","515","0","0","17","21","10","549","978","59","0"
"KULU","YENI","122","2,332","1,156","2","0","74","230","17","2,633","4,779","289","0"
"KULU","YESILTEPE","19","2,332","237","0","0","17","3","1","260","202","17","0"
"KULU","YESILYURT","31","2,332","415","0","0","11","16","7","524","877","48","0"
"KULU","ZINCIRLIKUYU","186","2,332","1,032","0","0","13","61","17","1,087","1,949","99","0"
"MERAM","ALAKOVA","441","6,146","2,593","0","1","346","193","35","4,096","13,406","203","265"
"MERAM","ALAVARDI","159","6,146","1,702","1","0","37","450","20","6,657","18,814","446","3"
"MERAM","ALI ULVI KURUCU","36","6,146","649","0","0","7","27","3","717","2,132","26","34"
"MERAM","ALPASLAN","119","6,146","1,598","0","0","48","184","23","3,198","9,662","184","3"
"MERAM","ASKAN","139","6,146","1,926","0","11","42","466","34","6,228","15,640","443","12"
"MERAM","ATESBAZ VELI","108","6,146","976","0","0","26","903","21","1,611","4,989","922","16"
"MERAM","AYANBEY","94","6,146","1,423","0","0","62","78","29","1,735","3,745","61","41"
"MERAM","AYDOGDU","103","6,146","1,707","0","0","16","337","19","4,853","14,729","362","1"
"MERAM","AYMANAS","145","6,146","2,129","0","30","61","237","25","4,512","13,721","257","1"
"MERAM","BAHCESEHIR","197","6,146","3,052","0","1","118","193","29","4,030","12,613","190","501"
"MERAM","BAYAT","21","6,146","213","0","1","15","27","6","237","251","41","80"
"MERAM","BORUKTOLU","109","6,146","293","0","2","59","26","4","321","942","39","54"
"MERAM","BOTSA","51","6,146","469","0","0","9","5","12","498","644","22","85"
"MERAM","BOYALI","16","6,146","39","0","0","5","13","3","57","128","12","62"
"MERAM","CARIKLAR","268","6,146","404","0","7","621","43","13","459","1,126","59","95"
"MERAM","CAYBASI","61","6,146","736","0","1","8","536","25","2,721","9,006","445","0"
"MERAM","CAYIRBAGI","70","6,146","1,123","0","1","24","71","9","1,334","2,386","77","468"
"MERAM","COMAKLAR","14","6,146","127","0","0","0","1","3","136","155","5","21"
"MERAM","COMAKLI","124","6,146","633","0","4","276","577","17","1,025","2,077","797","117"
"MERAM","CUKURCIMEN","11","6,146","211","0","0","1","3","5","213","312","5","14"
"MERAM","DERE","96","6,146","1,505","1","0","26","140","37","1,681","3,775","147","172"
"MERAM","DURUNDAY","114","6,146","1,215","0","5","160","84","23","1,469","3,192","48","54"
"MERAM","ERENKAYA","15","6,146","168","0","0","5","11","6","184","234","28","41"
"MERAM","EVLIYATEKKE","6","6,146","59","0","0","1","","2","60","162","8","15"
"MERAM","GODENE","188","6,146","1,069","0","2","117","172","28","6,617","15,481","150","696"
"MERAM","HADIMI","124","6,146","2,367","0","2","31","270","20","3,701","12,100","254","2"
"MERAM","HARMANCIK","193","6,146","2,370","0","5","120","185","20","3,355","9,902","122","234"
"MERAM","HASANSEYH","23","6,146","340","0","0","2","4","5","345","216","20","14"
"MERAM","HATIP","174","6,146","1,347","0","3","204","72","11","2,040","3,394","73","289"
"MERAM","HATUNSARAY","75","6,146","411","0","0","45","72","12","457","608","154","106"
"MERAM","HAVZAN","93","6,146","872","1","0","21","545","38","6,802","21,133","427","0"
"MERAM","IKIPINAR","9","6,146","80","0","0","1","","2","82","105","2","7"
"MERAM","INLICE","60","6,146","444","0","0","10","28","14","463","763","43","22"
"MERAM","KARAAGAC","15","6,146","72","0","0","2","5","3","78","160","9","13"
"MERAM","KARADIGIN","64","6,146","604","1","0","13","26","9","649","2,013","26","121"
"MERAM","KARADIGINDERESI","35","6,146","163","0","0","10","6","4","173","440","7","50"
"MERAM","KARAHUYUK","223","6,146","2,592","1","3","235","208","28","3,923","6,646","177","1,605"
"MERAM","KASINHANI","116","6,146","1,064","1","2","120","337","18","1,263","3,913","335","38"
"MERAM","KAVAK","54","6,146","332","0","0","40","21","13","367","1,022","49","78"
"MERAM","KAYADIBI","15","6,146","83","0","0","2","2","3","95","159","11","31"
"MERAM","KAYALI","25","6,146","179","0","0","9","13","9","187","389","20","24"
"MERAM","KAYIHUYUK","28","6,146","204","0","0","8","4","3","230","455","32","42"
"MERAM","KIZILOREN","58","6,146","671","1","0","46","78","18","750","888","114","161"
"MERAM","KILISTRA","28","6,146","273","0","0","7","10","13","285","538","26","20"
"MERAM","KONEVI","41","6,146","516","1","1","11","426","66","3,905","9,730","353","1"
"MERAM","KOVANAGZI","210","6,146","2,970","0","16","103","161","27","4,504","14,984","138","6"
"MERAM","KOZAGAC","108","6,146","1,159","0","1","244","59","19","1,905","3,842","53","122"
"MERAM","KOYCEGIZ","68","6,146","701","0","3","74","182","25","2,109","3,543","145","9"
"MERAM","KUMRALI","13","6,146","34","0","0","2","","1","34","70","2","0"
"MERAM","LALEBAHCE","198","6,146","1,868","0","4","144","105","26","2,436","6,649","77","70"
"MERAM","MELIKSAH","109","6,146","1,160","2","2","74","392","40","4,752","12,497","304","1"
"MERAM","OSMAN GAZI","123","6,146","1,173","0","0","52","102","16","1,850","5,400","101","21"
"MERAM","PAMUKCU","30","6,146","186","0","0","15","21","4","228","324","15","99"
"MERAM","PIREBI","115","6,146","1,458","1","1","45","444","39","4,042","12,589","432","1"
"MERAM","SADIKLAR","9","6,146","101","0","0","0","2","3","105","150","5","7"
"MERAM","SAGLIK","56","6,146","483","0","0","16","36","12","524","475","61","98"
"MERAM","SAHIBATA","157","6,146","977","0","0","191","5,251","68","4,463","13,782","3,432","1"
"MERAM","SARIKIZ","15","6,146","65","0","0","7","6","3","65","130","11","13"
"MERAM","SEFAKOY","55","6,146","706","0","0","38","33","13","771","2,523","49","133"
"MERAM","ULUGBEY","52","6,146","806","0","0","51","64","10","1,538","5,330","59","2"
"MERAM","ULUIRMAK","122","6,146","1,827","0","1","19","302","33","4,395","13,346","310","2"
"MERAM","UZUNHARMANLAR","183","6,146","3,575","0","62","6","255","24","5,261","16,728","263","2"
"MERAM","YAKA","152","6,146","1,448","0","20","75","169","40","1,888","4,664","125","29"
"MERAM","YATAGAN","12","6,146","120","0","0","0","3","6","122","151","4","5"
"MERAM","YAYLAPINAR","259","6,146","3,262","1","2","33","368","61","4,178","12,603","362","54"
"MERAM","YENIBAHCE","84","6,146","425","0","1","35","18","3","558","1,412","23","147"
"MERAM","YENISEHIR","124","6,146","1,670","0","37","106","382","21","5,153","13,978","337","5"
"MERAM","YESILDERE","22","6,146","276","0","0","5","4","7","278","508","6","44"
"MERAM","YESILTEKKE","17","6,146","279","0","0","4","4","8","284","628","13","11"
"SARAYONU","BAHCESARAY","26","1,455","256","0","0","29","3","5","293","525","18","2"
"SARAYONU","BASHUYUK","95","1,455","452","0","0","74","36","12","568","616","92","0"
"SARAYONU","BATI ISTASYON","41","1,455","669","0","0","23","160","15","875","1,711","178","0"
"SARAYONU","BOYALI","35","1,455","285","0","0","6","9","7","293","299","11","0"
"SARAYONU","BUYUKZENGI","16","1,455","42","0","0","17","2","4","56","98","7","0"
"SARAYONU","CESMELISEBIL","117","1,455","659","0","0","14","89","13","715","934","132","1"
"SARAYONU","DEGIRMENLI","13","1,455","47","0","0","0","","2","48","73","5","0"
"SARAYONU","DOGU ISTASYON","23","1,455","248","0","0","16","182","13","462","817","192","0"
"SARAYONU","ERTUGRUL","18","1,455","114","0","0","1","7","4","133","186","11","1"
"SARAYONU","FATIH","58","1,455","535","0","0","5","57","18","596","1,261","80","0"
"SARAYONU","GOZLU","112","1,455","537","0","0","50","14","35","621","1,240","76","0"
"SARAYONU","HATIP","50","1,455","328","0","0","13","8","10","347","856","9","0"
"SARAYONU","INLI","13","1,455","125","0","0","18","5","1","151","329","9","0"
"SARAYONU","KADIOGLU","96","1,455","581","0","0","6","17","7","640","833","53","0"
"SARAYONU","KARABIYIK","47","1,455","261","0","0","4","3","2","270","299","16","2"
"SARAYONU","KARATEPE","45","1,455","334","0","0","17","13","4","370","314","41","0"
"SARAYONU","KAYIOREN","16","1,455","112","0","0","1","","2","115","127","4","0"
"SARAYONU","KONAR","24","1,455","90","0","0","11","2","4","102","123","15","0"
"SARAYONU","KURSUNLU","71","1,455","423","0","0","26","31","16","589","1,043","97","3"
"SARAYONU","KUYULUSEBIL","46","1,455","232","0","0","9","6","6","257","352","24","0"
"SARAYONU","LADIK","352","1,455","2,755","0","0","278","520","59","4,465","10,159","691","2"
"SARAYONU","OZKENT","47","1,455","317","0","0","13","10","10","368","723","83","0"
"SARAYONU","SARAC","67","1,455","453","0","0","56","45","18","1,922","3,656","71","0"
"SARAYONU","SELIMIYE","16","1,455","99","0","0","32","3","1","137","188","8","0"
"SARAYONU","YENICEKAYA","36","1,455","222","0","0","20","9","6","239","559","25","0"
"SARAYONU","YUKARI","77","1,455","412","0","0","96","241","18","584","957","281","0"
"SELCUKLU","AKADEMI","36","5,128","118","0","1","289","212","97","1,212","293","41","13"
"SELCUKLU","AKINCILAR","78","5,128","838","0","0","2","371","19","3,357","10,704","406","0"
"SELCUKLU","AKPINAR","26","5,128","363","0","0","8","5","7","377","330","15","49"
"SELCUKLU","AKSEMSETTIN","144","5,128","1,467","0","0","77","552","17","7,274","24,201","535","3"
"SELCUKLU","ARDICLI","57","5,128","126","0","0","17","12","3","146","95","21","47"
"SELCUKLU","ASAGIPINARBASI","66","5,128","296","0","2","68","56","15","353","690","80","106"
"SELCUKLU","AYDINLIKEVLER","68","5,128","1,324","0","1","11","260","13","4,470","13,144","295","1"
"SELCUKLU","BAGRIKURT","25","5,128","150","0","0","9","23","9","174","252","38","32"
"SELCUKLU","BASARAKAVAK","55","5,128","665","0","0","38","50","10","731","1,192","75","128"
"SELCUKLU","BEDIR","57","5,128","570","0","1","7","603","13","4,435","13,388","453","0"
"SELCUKLU","BEYHEKIM","80","5,128","765","0","1","237","489","60","10,078","24,471","421","21"
"SELCUKLU","BICER","16","5,128","73","0","0","4","3","4","75","93","13","6"
"SELCUKLU","BILECIK","35","5,128","366","0","0","16","6","7","312","373","5","30"
"SELCUKLU","BINKONUTLAR","80","5,128","654","0","0","0","122","22","6,259","17,867","97","0"
"SELCUKLU","BOSNA HERSEK","124","5,128","1,255","0","1","120","858","50","15,559","38,293","764","0"
"SELCUKLU","BUHARA","160","5,128","2,057","0","1","319","548","15","6,344","19,993","590","21"
"SELCUKLU","BUYUKKAYACIK","129","5,128","221","1","1","358","1,091","44","254","599","977","17"
"SELCUKLU","CUMHURIYET","48","5,128","555","0","0","2","51","11","3,129","9,623","48","0"
"SELCUKLU","CALDERE","36","5,128","202","0","0","5","15","4","201","318","38","17"
"SELCUKLU","CALTI","56","5,128","252","0","0","31","10","5","268","377","23","51"
"SELCUKLU","CANDIR","15","5,128","32","0","0","4","8","2","38","57","12","13"
"SELCUKLU","DAGDERE","33","5,128","254","0","0","20","12","7","267","426","20","80"
"SELCUKLU","DOKUZ","19","5,128","59","0","1","7","16","12","67","119","15","12"
"SELCUKLU","DUMLUPINAR","80","5,128","763","0","0","26","215","29","4,353","13,478","184","0"
"SELCUKLU","EGRIBAYAT","55","5,128","250","0","2","43","26","8","257","367","88","89"
"SELCUKLU","ERENKOY","227","5,128","2,603","0","2","159","139","21","4,772","13,209","129","182"
"SELCUKLU","ESENLER","117","5,128","2,124","0","0","16","355","17","4,256","13,780","314","1"
"SELCUKLU","FATIH","116","5,128","330","1","0","18","4,015","26","3,451","10,257","3,675","0"
"SELCUKLU","FERHUNIYE","38","5,128","251","0","3","13","1,102","54","1,786","4,789","537","0"
"SELCUKLU","FERITPASA","51","5,128","365","0","5","5","1,735","25","5,350","14,767","988","1"
"SELCUKLU","GUVENC","43","5,128","190","0","0","42","13","5","172","348","39","32"
"SELCUKLU","HACIKAYMAK","36","5,128","258","1","1","21","455","11","3,876","10,907","422","0"
"SELCUKLU","HANAYBASI","133","5,128","1,852","2","0","105","269","43","5,607","17,606","296","15"
"SELCUKLU","HOCACIHAN","127","5,128","1,566","0","1","227","382","21","5,568","15,700","369","9"
"SELCUKLU","HOROZLUHAN","275","5,128","78","17","5","191","8,216","77","319","738","8,250","2"
"SELCUKLU","HUSAMETTIN CELEBI","106","5,128","1,243","0","0","34","433","24","5,752","17,882","311","0"
"SELCUKLU","ISIKLAR","64","5,128","750","0","0","9","738","19","6,258","19,218","531","1"
"SELCUKLU","IHSANIYE","60","5,128","595","1","3","22","1,566","38","4,170","10,792","700","0"
"SELCUKLU","KALEKOY","20","5,128","111","0","0","3","12","2","108","235","13","20"
"SELCUKLU","KARAOMERLER","28","5,128","101","0","0","25","36","5","96","296","40","18"
"SELCUKLU","KERVAN","16","5,128","65","0","0","3","6","1","63","98","22","3"
"SELCUKLU","KILINCARSLAN","70","5,128","474","0","0","82","659","21","7,696","21,877","571","0"
"SELCUKLU","KINIK","12","5,128","49","0","0","1","1","3","51","85","3","2"
"SELCUKLU","KIZILCAKUYU","20","5,128","83","1","0","1","1","4","88","185","15","21"
"SELCUKLU","KOSOVA","132","5,128","1,002","0","0","290","700","32","11,911","29,930","507","2"
"SELCUKLU","KUCUKMUHSINE","29","5,128","227","0","0","1","28","5","239","211","10","40"
"SELCUKLU","MALAZGIRT","71","5,128","531","2","0","6","207","18","4,791","14,652","116","0"
"SELCUKLU","MEHMET AKIF","169","5,128","1,717","0","0","35","557","24","9,350","29,393","362","5"
"SELCUKLU","MEYDANKOY","34","5,128","215","0","0","10","34","8","218","213","41","21"
"SELCUKLU","MUSALLA BAGLARI","113","5,128","169","0","5","35","3,931","19","2,286","6,136","3,021","1"
"SELCUKLU","NISANTAS","45","5,128","323","1","2","4","3,702","21","4,630","12,394","1,377","0"
"SELCUKLU","PARSANA","121","5,128","831","0","5","228","410","24","7,114","19,582","386","32"
"SELCUKLU","SAKARYA","100","5,128","1,095","1","1","13","299","19","4,709","14,791","156","2"
"SELCUKLU","SALAHATTIN","18","5,128","103","0","0","2","2","2","108","227","4","7"
"SELCUKLU","SANCAK","123","5,128","1,042","0","1","248","763","32","11,564","36,822","471","3"
"SELCUKLU","SARAYKOY","41","5,128","341","0","3","6","13","5","436","615","23","145"
"SELCUKLU","SARICALAR","11","5,128","65","0","0","11","19","3","24","136","21","10"
"SELCUKLU","SELAHADDINI EYYUBI","222","5,128","1,326","0","22","405","424","17","7,825","18,902","412","185"
"SELCUKLU","SELCUK","51","5,128","281","0","1","71","343","7","3,866","9,288","260","1"
"SELCUKLU","SIZMA","103","5,128","918","0","0","145","30","17","1,052","2,297","44","230"
"SELCUKLU","SILLE","50","5,128","558","0","3","22","70","46","614","1,298","67","63"
"SELCUKLU","SILLE AK","154","5,128","1,197","0","17","310","97","10","2,707","6,011","93","172"
"SELCUKLU","SULUTAS","44","5,128","421","0","1","13","6","6","525","306","9","217"
"SELCUKLU","SEKER","81","5,128","664","0","0","77","496","17","6,181","17,498","501","2"
"SELCUKLU","SEYH SAMIL","64","5,128","323","0","3","3","462","17","5,405","17,559","272","0"
"SELCUKLU","TATKOY","70","5,128","666","0","5","16","34","6","769","1,477","31","171"
"SELCUKLU","TEPEKENT","78","5,128","1,150","0","0","40","94","18","1,239","4,239","121","55"
"SELCUKLU","TOMEK","40","5,128","120","0","1","6","49","3","125","155","56","35"
"SELCUKLU","ULUMUHSINE","11","5,128","70","0","0","2","3","2","79","77","11","15"
"SELCUKLU","YAZIBELEN","50","5,128","209","0","0","47","14","9","236","320","88","42"
"SELCUKLU","YAZIR","171","5,128","1,414","0","6","337","1,867","88","21,766","63,419","1,221","14"
"SELCUKLU","YUKARIPINARBASI","66","5,128","312","0","4","30","17","4","356","699","27","69"
"SEYDISEHIR","AKCALAR","66","2,042","420","0","0","26","18","14","527","572","47","42"
"SEYDISEHIR","AKTAS","62","2,042","277","0","0","13","11","4","409","561","20","28"
"SEYDISEHIR","ALAYLAR BIR","53","2,042","584","0","0","18","134","41","2,689","6,576","207","3"
"SEYDISEHIR","ALAYLAR IKI","61","2,042","346","0","0","82","380","18","2,282","5,020","556","1"
"SEYDISEHIR","ANABAGLAR","34","2,042","234","0","0","5","159","13","325","276","189","51"
"SEYDISEHIR","ASAGIKARAOREN","26","2,042","143","0","0","2","3","3","187","294","19","21"
"SEYDISEHIR","BAHCELIEVLER","44","2,042","260","0","0","58","12","5","331","544","14","7"
"SEYDISEHIR","BASKARAOREN","30","2,042","95","0","0","14","2","2","131","247","22","0"
"SEYDISEHIR","BOSTANDERE","50","2,042","532","0","0","4","27","13","621","966","52","40"
"SEYDISEHIR","BOYALI","36","2,042","278","0","0","0","6","6","319","437","20","6"
"SEYDISEHIR","BUKCE","5","2,042","22","0","0","0","","2","24","18","0","0"
"SEYDISEHIR","CAT","9","2,042","19","0","0","1","","2","23","44","1","3"
"SEYDISEHIR","CATMAKAYA","39","2,042","265","0","0","3","10","13","411","399","14","154"
"SEYDISEHIR","CAVUS","46","2,042","317","0","0","5","2","12","365","647","17","19"
"SEYDISEHIR","DEGIRMENCI","57","2,042","442","0","0","36","19","3","619","1,135","44","17"
"SEYDISEHIR","DIKILITAS","30","2,042","173","0","0","1","6","6","227","588","18","43"
"SEYDISEHIR","GEVREKLI","88","2,042","674","0","0","38","78","17","877","1,442","132","39"
"SEYDISEHIR","GOKCEHUYUK","47","2,042","212","0","0","6","9","12","297","315","24","59"
"SEYDISEHIR","GOKHUYUK","21","2,042","233","0","0","13","3","8","288","519","7","2"
"SEYDISEHIR","GOLYUZU","14","2,042","111","0","0","8","5","7","131","261","5","4"
"SEYDISEHIR","HACISEYITALI","51","2,042","561","0","0","17","795","20","3,361","7,121","1,050","2"
"SEYDISEHIR","IRMAKLI","15","2,042","77","0","0","0","","3","86","103","1","3"
"SEYDISEHIR","INCESU","34","2,042","246","0","0","2","5","7","303","553","22","24"
"SEYDISEHIR","KARABULAK","22","2,042","93","0","0","4","6","8","134","130","18","15"
"SEYDISEHIR","KARACAOREN","17","2,042","177","0","0","23","11","9","183","208","15","3"
"SEYDISEHIR","KARAKAVAK","87","2,042","581","0","0","18","21","14","867","1,768","28","22"
"SEYDISEHIR","KAVAK","37","2,042","197","0","0","34","13","5","250","454","18","8"
"SEYDISEHIR","KESECIK","45","2,042","645","0","0","13","49","20","732","1,105","73","32"
"SEYDISEHIR","KETENLI","52","2,042","419","0","0","5","28","24","503","1,555","59","49"
"SEYDISEHIR","KIZILCA","30","2,042","173","0","0","3","2","5","186","233","13","1"
"SEYDISEHIR","KIZILCALAR","61","2,042","715","0","0","38","87","21","3,794","9,392","116","1"
"SEYDISEHIR","KOZLU","24","2,042","175","0","0","2","5","5","201","230","14","23"
"SEYDISEHIR","KUMLUCA","21","2,042","201","0","0","1","4","4","209","540","9","4"
"SEYDISEHIR","KURAN","26","2,042","149","0","0","2","3","7","171","455","12","6"
"SEYDISEHIR","MADENLI","23","2,042","132","0","0","2","22","9","195","130","36","50"
"SEYDISEHIR","MESUDIYE","12","2,042","82","0","0","1","3","5","85","324","4","1"
"SEYDISEHIR","MURADIYE","15","2,042","69","0","0","0","","4","83","159","5","6"
"SEYDISEHIR","OGLAKCI","10","2,042","42","0","0","0","","2","43","104","2","1"
"SEYDISEHIR","ORTAKARAOREN","148","2,042","1,295","0","0","21","214","26","1,690","2,712","261","9"
"SEYDISEHIR","PINARBASI","80","2,042","579","0","0","16","28","11","2,116","3,168","37","61"
"SEYDISEHIR","SAADETLER","67","2,042","387","0","0","11","14","20","459","891","19","9"
"SEYDISEHIR","SARAYCIK","12","2,042","74","0","0","2","2","3","81","102","4","1"
"SEYDISEHIR","SEYITHARUN","35","2,042","298","0","0","3","48","4","593","1,134","61","1"
"SEYDISEHIR","SOFUHANE","24","2,042","188","0","0","6","111","2","595","1,160","182","0"
"SEYDISEHIR","STAT","74","2,042","530","0","0","10","155","21","752","1,032","172","14"
"SEYDISEHIR","SUSUZ","16","2,042","160","0","0","1","10","4","176","295","13","11"
"SEYDISEHIR","TARASCI","78","2,042","874","0","0","31","59","19","1,078","2,122","76","40"
"SEYDISEHIR","TASAGIL","28","2,042","190","0","0","54","13","3","282","269","16","31"
"SEYDISEHIR","TEPECIK","21","2,042","238","0","0","3","7","6","253","296","31","7"
"SEYDISEHIR","TOL","26","2,042","129","0","0","4","1","5","174","313","10","29"
"SEYDISEHIR","UFACIK","7","2,042","27","0","0","1","","2","32","44","3","4"
"SEYDISEHIR","ULUKAPI","105","2,042","1,024","0","0","65","287","18","2,415","4,306","383","61"
"SEYDISEHIR","YAYLACIK","27","2,042","162","0","0","3","3","8","188","460","10","21"
"SEYDISEHIR","YENICAMI","88","2,042","806","0","0","26","34","5","1,633","2,767","45","40"
"SEYDISEHIR","YENICE","21","2,042","112","0","0","7","1","4","126","98","4","1"
"TASKENT","AFSAR TEPECIK","47","337","420","0","0","2","36","8","453","583","61","6"
"TASKENT","AFSAR YUKARI","43","337","313","0","0","11","14","13","351","445","44","5"
"TASKENT","BALCILAR ORTA","43","337","460","0","0","6","20","17","489","576","32","13"
"TASKENT","BALCILAR VELILER","17","337","396","0","0","0","22","18","403","633","41","0"
"TASKENT","BALCILAR YUKARI","36","337","414","0","0","2","12","12","426","622","26","3"
"TASKENT","BEKTAS","35","337","302","0","0","37","23","11","326","438","35","0"
"TASKENT","BOLAY","32","337","374","0","0","2","9","15","375","409","15","0"
"TASKENT","CETMI COMESPINAR","26","337","370","0","0","10","20","15","394","484","23","0"
"TASKENT","CETMI YENI","37","337","456","0","0","30","20","15","504","510","27","6"
"TASKENT","HIRA","13","337","162","0","0","13","31","13","303","488","42","0"
"TASKENT","ILICAPINAR","24","337","271","0","0","3","8","15","276","239","13","4"
"TASKENT","KECIMEN","13","337","108","0","0","0","","1","107","52","1","0"
"TASKENT","KONGUL","10","337","150","0","0","0","","4","150","122","2","0"
"TASKENT","SAZAK","8","337","46","0","0","0","","2","46","46","2","0"
"TASKENT","SIHLAR","14","337","129","0","0","6","35","28","206","319","49","2"
"TUZLUKCU","ASAGI","87","509","527","0","0","40","53","8","584","966","65","0"
"TUZLUKCU","COGURLU","36","509","73","0","0","1","1","4","72","94","2","0"
"TUZLUKCU","ERDOGDU","38","509","265","0","0","0","17","11","280","244","25","0"
"TUZLUKCU","GURSU","24","509","66","0","0","0","4","6","66","166","4","0"
"TUZLUKCU","KONARI","30","509","255","0","0","1","4","8","256","594","6","0"
"TUZLUKCU","KORASI","32","509","371","0","0","1","9","5","373","784","13","0"
"TUZLUKCU","KOKLUCE","36","509","181","0","0","0","4","5","183","244","9","0"
"TUZLUKCU","KUNDULLU","41","509","278","0","0","5","7","9","280","346","7","0"
"TUZLUKCU","MEVLUTLU","32","509","209","0","0","6","15","8","215","224","15","0"
"TUZLUKCU","ORTA","52","509","330","0","0","8","25","22","375","686","25","0"
"TUZLUKCU","PAZAR","59","509","441","0","0","8","96","14","484","795","123","0"
"TUZLUKCU","PAZARKAYA","30","509","136","0","0","8","6","6","140","141","17","0"
"TUZLUKCU","SUBATAN","33","509","61","0","0","0","","3","63","101","4","0"
"TUZLUKCU","TURSUNLU","20","509","101","0","0","2","5","3","101","136","5","0"
"TUZLUKCU","YUKARI","62","509","462","0","0","29","8","15","473","990","11","0"
"YALIHUYUK","ARASOGUT","12","81","70","0","0","1","2","3","76","120","0","1"
"YALIHUYUK","ASAGI","39","81","448","0","0","16","36","18","552","761","49","0"
"YALIHUYUK","SARAYKOY","7","81","29","0","0","0","","3","33","54","0","4"
"YALIHUYUK","YUKARI","39","81","393","0","0","2","38","23","462","651","48","1"
"YUNAK","ALTINOZ","19","1,276","93","0","0","7","1","2","100","213","47","0"
"YUNAK","AYRITEPE","18","1,276","67","0","0","1","3","3","67","88","2","0"
"YUNAK","BESISIKLI","22","1,276","86","0","0","3","2","4","89","76","2","3"
"YUNAK","BOGRUDELIK","25","1,276","161","0","0","0","16","8","161","368","22","0"
"YUNAK","CEBRAIL","17","1,276","116","0","0","0","2","5","118","92","3","0"
"YUNAK","CAYIRBASI","37","1,276","278","0","0","13","5","12","283","335","4","0"
"YUNAK","EGRIKUYU","17","1,276","40","0","0","1","2","3","40","101","3","0"
"YUNAK","ESENTEPE","11","1,276","109","0","0","6","5","7","117","206","6","0"
"YUNAK","ESME","47","1,276","537","0","2","17","34","8","770","1,829","50","0"
"YUNAK","FATIH","90","1,276","524","0","2","77","226","39","845","1,733","263","0"
"YUNAK","HACIFAKILI","29","1,276","178","0","0","3","2","4","179","207","6","0"
"YUNAK","HACIOMEROGLU","26","1,276","329","0","0","14","7","4","335","390","9","0"
"YUNAK","HARUNLAR","38","1,276","201","0","0","4","7","6","205","368","11","0"
"YUNAK","HATIRLI","34","1,276","204","0","0","5","4","6","212","205","5","0"
"YUNAK","HURSUNLU","42","1,276","305","0","0","4","14","9","306","717","15","0"
"YUNAK","IMAMOGLU","20","1,276","86","0","1","2","3","3","88","187","6","0"
"YUNAK","KARATAS","94","1,276","646","0","0","31","77","14","751","1,439","87","0"
"YUNAK","KARAYAYLA","25","1,276","93","0","0","3","2","4","94","192","4","0"
"YUNAK","KARGALI","15","1,276","44","0","0","0","","2","45","57","0","0"
"YUNAK","KILLAR","38","1,276","218","0","0","6","8","11","222","450","3","0"
"YUNAK","KOCYAZI","43","1,276","586","0","0","5","24","13","593","1,079","34","0"
"YUNAK","KURTUSAGI","41","1,276","279","0","0","9","11","8","281","331","12","0"
"YUNAK","KUYUBASI","33","1,276","257","0","0","10","1","4","266","314","7","0"
"YUNAK","KUZOREN","48","1,276","680","0","0","8","19","11","689","1,855","33","0"
"YUNAK","MESELIK","17","1,276","119","0","0","2","4","3","119","133","7","0"
"YUNAK","ODABASI","44","1,276","197","0","0","6","2","6","203","423","21","0"
"YUNAK","ORTAKISLA","23","1,276","134","0","0","3","5","5","135","138","33","0"
"YUNAK","OZYAYLA","29","1,276","132","0","0","1","3","5","132","150","3","0"
"YUNAK","PIRIBEYLI","91","1,276","947","0","0","26","95","28","1,250","1,013","133","0"
"YUNAK","SARAY","56","1,276","597","0","1","47","57","21","631","1,373","95","0"
"YUNAK","SELCUK","30","1,276","591","0","0","23","7","13","775","1,734","19","0"
"YUNAK","SERTLER","14","1,276","53","0","0","1","","3","53","135","7","0"
"YUNAK","SEVINC","30","1,276","149","0","0","2","1","6","150","143","2","0"
"YUNAK","SIRAM","26","1,276","165","0","0","0","3","3","167","113","3","0"
"YUNAK","SINANLI","31","1,276","179","0","0","1","5","7","180","197","6","1"
"YUNAK","SULUKLU","41","1,276","420","0","0","23","66","17","463","802","69","0"
"YUNAK","TURGUT","44","1,276","338","0","1","11","20","17","350","676","18","0"
"YUNAK","YAVASLI","27","1,276","122","0","0","7","3","6","123","257","7","0"
"YUNAK","YENI","81","1,276","750","0","0","22","512","67","988","1,934","491","0"
"YUNAK","YESILOBA","16","1,276","66","0","0","1","7","4","66","96","14","0"
"YUNAK","YESILYAYLA","13","1,276","91","0","0","0","1","4","92","106","1","0"
"YUNAK","YIGAR","37","1,276","232","0","0","1","1","7","231","217","12","0"
