ÝLÇE ADI;MAHALLE ADI;ALTERNATÝF YENÝ ÜRÜN ÇEÞÝTLERÝ ÜRETÝMÝ
Ahýrlý;ALÝÇERÇÝ;AYÇÝÇEÐÝ
Ahýrlý;BADEMLÝ;YOK
Ahýrlý;BALIKLAVA;YOK
Ahýrlý;BÜYÜKÖZ;YOK
Ahýrlý;ÇÝFTLÝK;YOK
Ahýrlý;ERDOÐAN;YOK
Ahýrlý;KARACAKUYU;YOK
Ahýrlý;KAYACIK;YOK
Ahýrlý;KURUÇAY;YOK
Ahýrlý;KÜÇÜKÖZ;YOK
Akören;AVDAN;YOK
Akören;KAYASU;BEZELYE
Akören;AHMEDÝYE;YOK
Akören;ALAN;ASPÝR
Akören;BELKUYU;SÝLAJLIK MISIR
Akören;ÇATÖREN;YOK
Akören;DUTLU;YOK
Akören;ORHANÝYE;KÝNOA, ASPÝR, ÇÖREKOTU
Akören;SÜLEYMANÝYE;SUSAM, ASPÝR
Akören;TÜLCE;YOK
Akören;KARAHÜYÜK;ASPÝR
Akþehir;ÇAKILLAR;YOK
Akþehir;GEDÝL;ASPÝR
Akþehir;KARAHÜYÜK;YOK
Akþehir;ADSIZ;ÇÝLEK
Akþehir;ALANYURT;YOK
Akþehir;ALTUNTAÞ;YOK
Akþehir;ATAKENT;ÇÝLEK
Akþehir;BOZLAÐAN;MISIR, ASPÝR
Akþehir;CANKURTARAN;YOK
Akþehir;ÇAMLI;YOK
Akþehir;ÇÝMENDERE;YOK
Akþehir;DEÐÝRMENKÖY;CEVÝZ
Akþehir;DOÐRUGÖZ;SARIMSAK, ASPÝR
Akþehir;ENGÝLÝ;YOK
Akþehir;GÖLÇAYIR;YOK
Akþehir;GÖZPINARI;YOK
Akþehir;ILICAK;YOK
Akþehir;KARABULUT;YOK
Akþehir;ORTACA;YOK
Akþehir;ORTAKÖY;YOK
Akþehir;REÝS;ASPÝR
Akþehir;SAVAÞ;YOK
Akþehir;SORKUN;ÇÝLEK, AHUDUDU
Akþehir;SÖÐÜTLÜ;YOK
Akþehir;TEKKE;YOK
Akþehir;TÝPÝKÖY;YOK
Akþehir;ULUPINAR;YOK
Akþehir;ÜÇHÜYÜK;YOK
Akþehir;YAÞARLAR;ASPÝR
Akþehir;YAYLABELEN;YOK
Akþehir;YAZLA;NOHUT, ASPÝR, ÇÖREKOTU
Akþehir;YENÝKÖY;YOK
Akþehir;YEÞÝLKÖY;YOK
Akþehir;SARAY;YOK
Altýnekin;OÐUZELÝ;YOK
Altýnekin;AKCAÞAR;YOK
Altýnekin;AYIÞIÐI;YOK
Altýnekin;AKKÖY;YOK
Altýnekin;BORUKKUYU;PATATES, ÇEREZLÝK KABAK, GÜL
Altýnekin;HACINUMAN;ASPÝR
Altýnekin;KARAKAYA;YOK
Altýnekin;KOÇAÞ;KÝMYON
Altýnekin;KOÇYAKA;YOK
Altýnekin;MANTAR;YOK
Altýnekin;YENÝÖLMEZ;SÝLAJLIK MISIR, FASULYE
Altýnekin;SARNIÇ;KANOLA, ASPÝR
Altýnekin;TOPRAKLIK;YOK
Altýnekin;YENÝKUYU;KANOLA
Altýnekin;YENÝYAYLA;YOK
Altýnekin;DEDELER;SÝLAJLIK MISIR, KÝNOA, ÇÖREKOTU
Altýnekin;AKINCILAR;YOK
Beyþehir;ADAKÖY;ÇÝLEK
Beyþehir;AÐILÖNÜ;YOK
Beyþehir;AKBURUN;YOK
Beyþehir;AKÇABELEN;ÞEKER PANCARI
Beyþehir;AVDANCIK;PATATES
Beyþehir;BADEMLÝ;YOK
Beyþehir;BAYAT;YOK
Beyþehir;BAYAVÞAR;YOK
Beyþehir;BAYINDIR;YOK
Beyþehir;BAÞGÖZE;YOK
Beyþehir;BEKDEMÝR;YOK
Beyþehir;DAMLAPINAR;KANOLA, LAVANTA
Beyþehir;DOÐANBEY;SÝLAJLIK MISIR, FÝÐ, KORUNGA
Beyþehir;DOÐANCIK;YOK
Beyþehir;DUMANLI;YOK
Beyþehir;EMEN;AYÇÝÇEÐÝ, ASPÝR, HAÞHAÞ
Beyþehir;ESENCE;YOK
Beyþehir;EYLÝKLER;YOK
Beyþehir;EÐÝRLER;KANOLA, ASPÝR
Beyþehir;FASILLAR;ASPÝR, ÇÖREKOTU
Beyþehir;GÖKÇEKUYU;BEZELYE
Beyþehir;GÖKÇÝMEN;YOK
Beyþehir;GÖLKAÞI;YOK
Beyþehir;GÖLYAKA;YOK
Beyþehir;GÖNEN;YOK
Beyþehir;GÖÇÜ;YOK
Beyþehir;GÜNDOÐDU;ASPÝR
Beyþehir;HUÐLU;ÜZÜM, CEVÝZ
Beyþehir;HÜSEYÝNLER;ÞEFTALÝ, KÝRAZ
Beyþehir;ÝSAKÖY;MERCÝMEK, ASPÝR
Beyþehir;KARAALÝ;YOK
Beyþehir;KARABAYAT;PATATES
Beyþehir;KARADÝKEN;YOK
Beyþehir;KARAHÝSAR;ASPÝR
Beyþehir;KAYABAÞI;YOK
Beyþehir;KURUCUOVA;YOK
Beyþehir;KUÞLUCA;YOK
Beyþehir;KÜÇÜKAVÞAR;YOK
Beyþehir;MESUTLAR;ÇÝLEK
Beyþehir;SADIKHACI;YOK
Beyþehir;SARIKÖY;KANOLA, ASPÝR, HAÞHAÞ
Beyþehir;SEVÝNDÝK;YOK
Beyþehir;ÞAMLAR;BEZELYE, ASPÝR
Beyþehir;ÜÇPINAR;YOK
Beyþehir;ÜSTÜNLER;BEZELYE, KÝNOA, AYÇÝÇEÐÝ
Beyþehir;ÜZÜMLÜ;YOK
Beyþehir;YAZYURDU;YOK
Beyþehir;YENÝDOÐAN;YOK
Beyþehir;YEÞÝLDAÐ;YOK
Beyþehir;YUKARIESENCE;YOK
Beyþehir;YUNUSLAR;CEVÝZ, ÇÝLEK
Beyþehir;ÇÝFTLÝK;ASPÝR
Beyþehir;ÇÝVRÝL;SARIMSAK, AHUDUDU, BÖÐÜRTLEN, KORUNGA
Beyþehir;ÇUKURAÐIL;YOK
Bozkýr;ÇAÐLAYAN;YOK
Bozkýr;HAMZALAR;YOK
Bozkýr;AKÇAPINAR;ÇÝLEK
Bozkýr;ARMUTLU;YOK
Bozkýr;ARSLANTAÞ;YOK
Bozkýr;AYDINKIÞLA;YOK
Bozkýr;AYVALCA;ÇÝLEK
Bozkýr;BAÐYURDU;YOK
Bozkýr;BAYBAÐAN;YOK
Bozkýr;BOZDAM;YOK
Bozkýr;DEREÝÇÝ;CEVÝZ, BADEM
Bozkýr;DEREKÖY;YOK
Bozkýr;ELMAAÐAÇ;YOK
Bozkýr;HACILAR;YOK
Bozkýr;HACIYUNUSLAR;YOK
Bozkýr;HARMANPINAR;YOK
Bozkýr;HÝSARLIK;GOJÝ BERRY, ÇÝLEK
Bozkýr;IÞIKLAR;YOK
Bozkýr;KARABAYIR;YOK
Bozkýr;KARACAARDIÇ;YOK
Bozkýr;KARACAHÝSAR;YOK
Bozkýr;KARAYAHYA;YOK
Bozkýr;KAYACILAR;YOK
Bozkýr;KAYAPINAR;KÝRAZ
Bozkýr;KINIK;YOK
Bozkýr;KIZILÇAKIR;YOK
Bozkýr;KÝLDERE;LAVANTA, GÜL
Bozkýr;KOVANLIK;YOK
Bozkýr;KOZAÐAÇ;YOK
Bozkýr;KUÞÇA;YOK
Bozkýr;KÜÇÜKHÝSARLIK;YOK
Bozkýr;PINARCIK;YOK
Bozkýr;SARIOÐLAN;ÇÝLEK
Bozkýr;SAZLI;ÇÝLEK, AHUDUDU
Bozkýr;SOÐUCAK;YOK
Bozkýr;SORKUN;ÇÝLEK
Bozkýr;SÖÐÜT;YOK
Bozkýr;TARLABAÞI;YOK
Bozkýr;TAÞBAÞI;YOK
Bozkýr;TEPEARASI;YOK
Bozkýr;TEPELÝCE;YOK
Bozkýr;ULUPINAR;YOK
Bozkýr;ÜÇPINAR;YOK
Bozkýr;YALNIZCA;YOK
Bozkýr;YAZDAMI;YOK
Bozkýr;YELBEYÝ;YOK
Bozkýr;YENÝKÖY;YOK
Bozkýr;YOLÖREN;YOK
Çeltik;GÖKPINAR;ÇÖREKOTU
Çeltik;ADAKASIM;REZENE
Çeltik;DOÐANYURT;ASPÝR
Çeltik;KAÞÖREN;REZENE, KANOLA
Çeltik;KÜÇÜKHASAN;REZENE, ASPÝR
Çeltik;TORUNLAR;KANOLA
Çeltik;ÝSHAKUÞAÐI;REZENE
Çeltik;HONAMLI;YOK
Cihanbeyli;BÖÐRÜDELÝK;NOHUT, KÝMYON, ASPÝR
Cihanbeyli;YAPALI;YOK
Cihanbeyli;YENÝCEOBA;NOHUT, FASULYE
Cihanbeyli;CUMHURÝYET;YOK
Cihanbeyli;GEMECÝK;ÇÝLEK
Cihanbeyli;GÖKTEPE;ASPÝR
Cihanbeyli;AÐABEYLÝ;YOK
Cihanbeyli;HODOÐLU;YOK
Cihanbeyli;KAYI;FÝÐ, ASPÝR
Cihanbeyli;KIRKIÞLA;YOK
Cihanbeyli;KORKMAZLAR;KÝMYON, ASPÝR
Cihanbeyli;KÜÇÜKBEÞKAVAK;YOK
Cihanbeyli;MUTLUKONAK;YOK
Cihanbeyli;SAÐLIK;NOHUT, MERCÝMEK
Cihanbeyli;SIÐIRCIK;AYÇÝÇEÐÝ
Cihanbeyli;TURANLAR;YOK
Cihanbeyli;TÜFEKÇÝPINAR;KANOLA, ASPÝR
Cihanbeyli;UZUNCAYAYLA;ASPÝR
Cihanbeyli;YÜNLÜKUYU;ASPÝR
Cihanbeyli;ZAFERÝYE;ASPÝR
Cihanbeyli;GÖLYAZI;ASPÝR
Cihanbeyli;GÜNYÜZÜ;YOK
Cihanbeyli;ÝNSUYU;YOK
Cihanbeyli;KANDÝL;YOK
Cihanbeyli;KARABAÐ;YOK
Cihanbeyli;KELHASAN;ANASON, ASPÝR
Cihanbeyli;KUÞCA;ASPÝR
Cihanbeyli;KÜTÜKUÞAÐI;KANOLA, ASPÝR
Cihanbeyli;TAÞPINAR;YOK
Cihanbeyli;BEYLÝOVA;KANOLA, ASPÝR
Cihanbeyli;ÇÝMEN;YOK
Cihanbeyli;ÇÖL;YOK
Cihanbeyli;DAMLAKUYU;ASPÝR
Cihanbeyli;BULDUK;KANOLA, ASPÝR
Cihanbeyli;BÜYÜKBEÞKAVAK;YOK
Cihanbeyli;KARATEPE;MERCÝMEK
Çumra;ARIKÖREN;YOK
Çumra;DEDEMOÐLU;YOK
Çumra;TÜRKMENCAMÝLÝ;YOK
Çumra;A.B.HÜYÜÐÜ;ÇÝLEK, KANOLA
Çumra;DÝNEK;YOK
Çumra;ÝÇERÝÇUMRA;YOK
Çumra;GÜVERCÝNLÝK;FÝÐ, AYÇÝÇEÐÝ
Çumra;KARKIN;KANOLA
Çumra;OKÇU;AYÇÝÇEÐÝ
Çumra;YENÝSU;YOK
Çumra;APA;YOK
Çumra;ABDÝTOLU;FÝÐ
Çumra;ADAKALE;YOK
Çumra;ALEMDAR;KANOLA, ASPÝR
Çumra;APASARAYCIK;YOK
Çumra;AFÞAR;YOK
Çumra;AVDUL;YOK
Çumra;BALÇIKHÝSAR;KANOLA
Çumra;BEYLERCE;FÝÐ
Çumra;B.AÞLAMA;KANOLA
Çumra;CÝCEK;YOK
Çumra;ÇUKURKAVAK;YOK
Çumra;DÝNLENDÝK;YOK
Çumra;DÝNEKSARAY;YOK
Çumra;DOÐANLI;YOK
Çumra;FETHÝYE;YOK
Çumra;GÖKHÜYÜK;YOK
Çumra;ERENTEPE;YOK
Çumra;ÝNLÝ;YOK
Çumra;KUZUCU;ASPÝR
Çumra;KÜÇÜKKÖY;KANOLA
Çumra;SEÇME;YOK
Çumra;SÜRGÜÇ;YOK
Çumra;TAHTALI;YOK
Çumra;T.KARAHÜYÜK;FÝÐ, KANOLA
Çumra;TAÞAÐIL;YOK
Çumra;UZUNKUYU;KÝMYON
Çumra;ÜÇHÜYÜK;YOK
Çumra;ÜRÜNLÜ;YOK
Çumra;YÖRÜKCAMÝLÝ;YOK
Çumra;ÇAYBAÞI;YOK
Derbent;ÇÝFTLÝKÖZÜ;YOK
Derbent;DEÐÝÞ;YOK
Derbent;TEKKE;YOK
Derbent;GÜNEYKÖY;YOK
Derbent;MÜLAYÝM;FASULYE
Derbent;SARAYPINAR;YOK
Derbent;YASSIÖREN;YOK
Derbent;SÜLEYMAN;FÝÐ, ÇÝLEK
Derbent;KARALAR;ÇÝLEK, BÖÐÜRTLEN
Derebucak;ÇAMLIK;YOK
Derebucak;DURAK;YOK
Derebucak;GENCEK;KÝNOA
Derebucak;GÖYNEM;ASPÝR
Derebucak;PINARBAÞI;YOK
Derebucak;TAÞLIPINAR;YOK
Derebucak;TEPEARASI;ASPÝR
Derebucak;UÐURLU;YOK
Doðanhisar;BAÞKÖY;SÝLAJLIK MISIR, ASPÝR
Doðanhisar;YAZLICA;ÜZÜM, ÇÝLEK
Doðanhisar;AYASLAR;CEVÝZ, ÞEFTALÝ
Doðanhisar;ÇINAROBA;AYÇÝÇEÐÝ, ASPÝR
Doðanhisar;DEÞTÝÐÝN;BÖÐÜRTLEN
Doðanhisar;FIRINLI;KANOLA
Doðanhisar;GÜVENDÝK;YOK
Doðanhisar;ÝLYASLAR;YOK
Doðanhisar;KARAAÐA;CEVÝZ, ÇÝLEK
Doðanhisar;KEMER;YOK
Doðanhisar;KOÇAÞ;YOK
Doðanhisar;KONAKKALE;YOK
Doðanhisar;TEKKE;YOK
Doðanhisar;UNCULAR;YOK
Doðanhisar;YAZIR;KANOLA, HAÞHAÞ
Doðanhisar;YENÝCE;ÇÝLEK, ASPÝR
Emirgazi;EKÝZLÝ;KÜLTÜR MANTARI
Emirgazi;AKMESCÝT;NOHUT, MERCÝMEK
Emirgazi;BESCÝ;TRÝTÝKALE
Emirgazi;DEMÝRCÝ;YOK
Emirgazi;GÖLÖREN;YOK
Emirgazi;IÞIKLAR;YOK
Emirgazi;KARAÖREN;YOK
Emirgazi;MEÞELÝ;YOK
Emirgazi;ÖBEKTAÞ;YOK
Emirgazi;YAMAÇ;YOK
Ereðli;ZENGEN;YOK
Ereðli;ACIPINAR;YOK
Ereðli;ADABAÐ;YOK
Ereðli;AKHÜYÜK;YOK
Ereðli;ALHAN;YOK
Ereðli;AÞAÐI GÖNDELEN;YOK
Ereðli;AÞIKLAR;YOK
Ereðli;AZÝZÝYE;YOK
Ereðli;BAHÇELÝ;YOK
Ereðli;BELCEAÐAÇ;YOK
Ereðli;BELKAYA;NOHUT, FÝÐ
Ereðli;BEYKÖY;YOK
Ereðli;BEYÖREN;YOK
Ereðli;BULGURLUK;YOK
Ereðli;BURHANÝYE;YOK
Ereðli;BÜYÜKDEDE;YOK
Ereðli;ÇAKMAK;YOK
Ereðli;ÇAYHAN;YOK
Ereðli;ÇÝLLER;YOK
Ereðli;ÇÝMENCÝK;YOK
Ereðli;GAYBÝ;KÝNOA
Ereðli;GÖKÇEYAZI;YOK
Ereðli;GÖKTÖME;AYÇÝÇEÐÝ
Ereðli;HACIMEMÝÞ;YOK
Ereðli;KAMIÞLIKUYU;YOK
Ereðli;KARABURUN;YOK
Ereðli;KARGACI;YOK
Ereðli;KIZILGEDÝK;YOK
Ereðli;KUSKUNCUK;YOK
Ereðli;KUTÖREN;YOK
Ereðli;KUZUKUYU;PATATES
Ereðli;MELÝCEK;SÝLAJLIK MISIR, FÝÐ
Ereðli;ORHANÝYE;YOK
Ereðli;ÖZGÜRLER;YOK
Ereðli;PINARÖZÜ;AYÇÝÇEÐÝ
Ereðli;SARICA;YOK
Ereðli;SARITOPALLI;YOK
Ereðli;SELVÝLÝ;YOK
Ereðli;TAÞAÐIL;YOK
Ereðli;TAÞBUDAK;YOK
Ereðli;TATLIKUYU;FÝÐ, AYÇÝÇEÐÝ
Ereðli;TÜRKMEN;YOK
Ereðli;ULUMEÞE;ALTIN ÇÝLEK
Ereðli;YAZLIK;SÝLAJLIK MISIR
Ereðli;YELLÝCE;YOK
Ereðli;YENÝKÖY;YOK
Ereðli;YILDIZLI;JAPON ARMUDU
Ereðli;YUKARIGÖNDELEN;ÇÖREKOTU
Ereðli;HORTU;YOK
Ereðli;ACIKUYU;NOHUT, FASULYE, AYÇÝÇEÐÝ
Güneysýnýr;GÜRAÐAÇ;YOK
Güneysýnýr;AÐAÇOBA;YOK
Güneysýnýr;ALANÖZÜ;YOK
Güneysýnýr;AVCITEPE;YOK
Güneysýnýr;AYDOÐMUÞ;YOK
Güneysýnýr;HABÝLLER;GOJÝ BERRY, ÇÝLEK
Güneysýnýr;KARAGÜNEY;YOK
Güneysýnýr;KAYAAÐZI;YOK
Güneysýnýr;KIZILÖZ;YOK
Güneysýnýr;KURUKAVAK;YOK
Güneysýnýr;MEHMET ALÝ;FASULYE, ÇÖREKOTU
Güneysýnýr;ÖMEROÐLU;YOK
Güneysýnýr;ÖRENBOYALI;YOK
Güneysýnýr;SARIHACI;ÇÝLEK
Hadim;AÞAÐIEÞENLER;YOK
Hadim;AÞAÐIKIZILKAYA;SAFRAN
Hadim;BADEMLÝ;CEVÝZ
Hadim;BAÐBAÞI;YOK
Hadim;BEYRELÝ;ÇÝLEK
Hadim;BOLAT;ÇÝLEK
Hadim;ÇÝFTEPINAR;YOK
Hadim;DEDEMLÝ;YOK
Hadim;DÜLGERLER;SARIMSAK, AYÇÝÇEÐÝ, ÇÖREKOTU
Hadim;FAKILAR;YOK
Hadim;GAZÝLER;YOK
Hadim;GÖYNÜKKIÞLA;YOK
Hadim;GÜLPINAR;YOK
Hadim;ÝÐDEÖREN;YOK
Hadim;KALINAÐIL;YOK
Hadim;KAPLANLI;YOK
Hadim;GEZLEVÝ;YOK
Hadim;KÜPLÜCE;YOK
Hadim;ODUNCU;YOK
Hadim;SARNIÇ;YOK
Hadim;SELAHATTÝN;YOK
Hadim;UMURLAR;CEVÝZ
Hadim;YAÐCI;GOJÝ BERRY
Hadim;YALINÇEVRE;GOJÝ BERRY
Hadim;YELMEZ;YOK
Hadim;YENÝKONAK;CEVÝZ
Hadim;YUKARIEÞENLER;YOK
Halkapýnar;ÝVRÝZ;YOK
Halkapýnar;BÜYÜKDOÐAN;YOK
Halkapýnar;DEDELÝ;YOK
Halkapýnar;DELÝMAHMUTLU;YOK
Halkapýnar;ESKÝHÝSAR;YOK
Halkapýnar;KARAYUSUFLU;YOK
Halkapýnar;KAYASARAY;YOK
Halkapýnar;KÖRLÜ;YOK
Halkapýnar;KÜSERE;YOK
Halkapýnar;OSMANKÖSELÝ;ÇÝLEK
Halkapýnar;SEYDÝFAKILI;YOK
Halkapýnar;YASSIKAYA;KÝRAZ
Halkapýnar;YAYIKLI;MISIR, ÇÝLEK
Halkapýnar;YEÞÝLYURT;TRÝTÝKALE
Halkapýnar;ÇAKILLAR;YOK
Hüyük;BAÞLAMIÞ;YOK
Hüyük;BUDAK;FASULYE, AHUDUDU, BÖÐÜRTLEN
Hüyük;BURUNSUZ;CEVÝZ
Hüyük;ÇAMLICA;YOK
Hüyük;ÇAVUÞ;ÜZÜM
Hüyük;ÇUKURKENT;ÇÝLEK
Hüyük;DEÐÝRMENALTI;AHUDUDU
Hüyük;GÖÇERÝ;YOK
Hüyük;GÖRÜNMEZ;ASPÝR
Hüyük;ÝLMEN;AHUDUDU
Hüyük;ÝMRENLER;MERCÝMEK, ÇÝLEK, KANOLA, AHUDUDU, ASPÝR
Hüyük;KIRELÝ;LAVANTA, LALE
Hüyük;KÖÞK;CEVÝZ, KANOLA
Hüyük;MUTLU;CEVÝZ
Hüyük;PINARBAÞI;YOK
Hüyük;SELKÝ;SÝLAJLIK MISIR, ÇÝLEK, YONCA
Hüyük;SULUDERE;YOK
Hüyük;TOLCA;YOK
Hüyük;YENÝCE;AHUDUDU, BÖÐÜRTLEN
Ilgýn;ARGITHANI;ÇÖREKOTU
Ilgýn;BEYKONAK;YOK
Ilgýn;ÇAVUÞÇUGÖL;PATATES, ASPÝR, ÇÖREKOTU, ÇEREZLÝK KABAK
Ilgýn;AÐALAR;SÝLAJLIK MISIR, FÝÐ
Ilgýn;BALKI;YOK
Ilgýn;BARAKMUSLU;YOK
Ilgýn;BELEKLER;YOK
Ilgýn;BOÐAZKENT;KÝMYON, ASPÝR
Ilgýn;BULCUK;CEVÝZ, VÝÞNE
Ilgýn;BÜYÜKOBA;ÞEKER PANCARI
Ilgýn;ÇÝÐÝL;BÖÐÜRTLEN
Ilgýn;ÇATAK;YOK
Ilgýn;ÇOBANKAYA;KÝMYON
Ilgýn;ÇÖMLEKCÝ;KÝMYON, ASPÝR
Ilgýn;DEREKÖY;YOK
Ilgýn;DIÐRAK;YOK
Ilgýn;DÜÐER;YOK
Ilgýn;ELDEÞ;YOK
Ilgýn;GEÇÝT;AYÇÝÇEÐÝ, ASPÝR
Ilgýn;GEDÝKÖREN;YOK
Ilgýn;GÖSTERE;YOK
Ilgýn;GÖKÇEYURT;ÇÝLEK
Ilgýn;GÖLYAKA;TRÝTÝKALE
Ilgýn;GÖKBUDAK;ÇÝLEK
Ilgýn;GÜNEYPINAR;YOK
Ilgýn;HARMANYAZI;MERCÝMEK, ASPÝR
Ilgýn;ÝHSANÝYE;NOHUT
Ilgýn;KAPAKLI;YOK
Ilgýn;KARAKÖY;ÇÖREKOTU
Ilgýn;KALEKÖY;YOK
Ilgýn;MAHMUTHÝSAR;AYÇÝÇEÐÝ
Ilgýn;MECÝDÝYE;FÝÐ, ASPÝR, ÇÖREKOTU
Ilgýn;MÝSAFÝRLÝ;YOK
Ilgýn;OLUKPINAR;YOK
Ilgýn;ORHANÝYE;FÝÐ, ÇÖREKOTU
Ilgýn;ORMANÖZÜ;YOK
Ilgýn;SADIKKÖY;YOK
Ilgýn;SEBÝLLER;YOK
Ilgýn;TEKELER;BADEM
Ilgýn;YUKARIÇÝÐÝL;PATATES, FASULYE
Ilgýn;YORAZLAR;YOK
Ilgýn;ZAFERÝYE;YOK
Ilgýn;AVDAN;KÝRAZ, AHUDUDU, ASPÝR, BÖÐÜRTLEN
Kadýnhaný;OSMANCIK;YOK
Kadýnhaný;AFÞARLI;YOK
Kadýnhaný;ALABAÐ;YOK
Kadýnhaný;ATLANTI;YOK
Kadýnhaný;BAKIRPINAR;YOK
Kadýnhaný;BAÞKUYU;YOK
Kadýnhaný;BAYRAMLI;SÝLAJLIK MISIR
Kadýnhaný;BEYKAVAÐI;YOK
Kadýnhaný;BULGURPINAR;YOK
Kadýnhaný;ÇAVDAR;YOK
Kadýnhaný;ÇEÞMECÝK;YOK
Kadýnhaný;ÇUBUK;YOK
Kadýnhaný;DEMÝROLUK;YOK
Kadýnhaný;HACIMEHMETLÝ;YOK
Kadýnhaný;HACIOFLAZLAR;YOK
Kadýnhaný;HACIPÝRLÝ;YOK
Kadýnhaný;KABACALI;YOK
Kadýnhaný;KAMIÞLIÖZÜ;YOK
Kadýnhaný;KARAHÝSARLI;YOK
Kadýnhaný;KARAKURTLU;YOK
Kadýnhaný;KARASEVÝNÇ;YOK
Kadýnhaný;KARAYÜRÜKLÜ;YOK
Kadýnhaný;KIZILKUYU;YOK
Kadýnhaný;KOLUKISA;YOK
Kadýnhaný;KONURÖREN;KÝMYON, ASPÝR
Kadýnhaný;KÖKEZ;YOK
Kadýnhaný;KÖYLÜTOLU;YOK
Kadýnhaný;KURTHASANLI;YOK
Kadýnhaný;KÜÇÜKKUYU;YOK
Kadýnhaný;MAHMUDÝYE;ANASON, ÇÖREKOTU
Kadýnhaný;MEYDANLI;YOK
Kadýnhaný;ÖRNEK;YOK
Kadýnhaný;PÝRALÝ;YOK
Kadýnhaný;PUSAT;YOK
Kadýnhaný;SAÇIKARA;YOK
Kadýnhaný;SARIKAYA;YOK
Kadýnhaný;SÖÐÜTÖZÜ;YOK
Kadýnhaný;ÞAHÖREN;YOK
Kadýnhaný;TOSUNOÐLU;YOK
Kadýnhaný;YAÐLICA;YOK
Kadýnhaný;YAYLAYAKA;YOK
Karapýnar;HOTAMIÞ;YOK
Karapýnar;KESMEZ;YOK
Karapýnar;AKÇAYAZI;YOK
Karapýnar;AKÖREN;YOK
Karapýnar;ÇÝÐÝL;KANOLA
Karapýnar;HASANOBA;YOK
Karapýnar;ÝSLÝK;YOK
Karapýnar;KARAKIÞLA;PATATES
Karapýnar;KAYACIK;YOK
Karapýnar;KAYALI;YOK
Karapýnar;KAZANHÜYÜÐÜ;AYÇÝÇEÐÝ
Karapýnar;KÜÇÜKAÞLAMA;YOK
Karapýnar;ORTAOBA;YOK
Karapýnar;OYMALI;YOK
Karapýnar;SAZLIPINAR;SARIMSAK
Karapýnar;YAÐMAPINAR;YOK
Karapýnar;YENÝKUYU;YOK
Karapýnar;YEÞÝLYURT;YOK
Karatay;YARMA;PATATES, KANOLA
Karatay;ACIDORT;YOK
Karatay;AÐSAKLI;SÝLAJLIK MISIR
Karatay;AKBAÞ;KANOLA
Karatay;AKÖRENKIÞLA;ASPÝR
Karatay;BAKIRTOLU;YOK
Karatay;BAÞGÖTÜREN;YOK
Karatay;BEÞAÐIL;FASULYE
Karatay;BÜYÜKBURNAK;SÝLAJLIK MISIR
Karatay;ÇENGÝLTÝ;KÝNOA
Karatay;DÝVANLAR;YOK
Karatay;ESENTEPE;SÝLAJLIK MISIR
Karatay;GÖÇÜ;YOK
Karatay;HAYIROÐLU MERKEZ;KANOLA
Karatay;ÝPEKLER;YOK
Karatay;ÝSMÝL;YOK
Karatay;KARADONA;YOK
Karatay;KARAKAYA;YOK
Karatay;KATRANCI;YEM BEZELYESÝ, KANOLA, YONCA
Karatay;KIZÖREN;KANOLA
Karatay;KÖSEALÝ;SARIMSAK
Karatay;OBRUK;FASULYE
Karatay;OVAKAVAÐI;YOK
Karatay;SAKYATAN;YOK
Karatay;SÜRÜÇ;ASPÝR, ÇÖREKOTU
Karatay;ÞATIR;YOK
Karatay;YAÐLIBAYAT;YOK
Karatay;YAVÞANKUYU;YOK
Karatay;YENÝCE;YOK
Karatay;YENÝKENT;BEZELYE, ASPÝR
Karatay;ZÝNCÝRLÝ;YOK
Kulu;ACIKUYU;KÝMYON, ASPÝR
Kulu;AÐILBAÞI;YOK
Kulu;ALTILAR;ASPÝR
Kulu;ARÞINCA;KANOLA, ASPÝR
Kulu;BEÞKARDEÞ;YOK
Kulu;BOÐAZÖREN;YOK
Kulu;BOZAN;MERCÝMEK
Kulu;BURUNAÐIL;YOK
Kulu;CANIMANA;NOHUT
Kulu;CELEP;YOK
Kulu;DÝPDEDE;YOK
Kulu;DOÐUTEPE;YOK
Kulu;FEVZÝYE;ASPÝR
Kulu;GÖKLER;YOK
Kulu;GÜZELYAYLA;YOK
Kulu;HÝSAR;YOK
Kulu;KARACADAÐ;FÝÐ, ASPÝR, ÇÖREKOTU
Kulu;KARACADERE;FÝÐ
Kulu;KIRKKUYU;KÝNOA
Kulu;KIRKPINAR;YOK
Kulu;KOZANLI;FÝÐ, MISIR
Kulu;KÖMÜÞÝNÝ;ASPÝR
Kulu;KÖÞKER;YOK
Kulu;SARIYAYLA;YOK
Kulu;SEYÝTAHMETLÝ;YOK
Kulu;SOÐUKKUYU;YOK
Kulu;ÞEREFLÝ;YOK
Kulu;TAVLIÖREN;YOK
Kulu;ÖMERANLI;YOK
Kulu;TUZYAKA;ÇÝLEK, ASPÝR
Kulu;YARAÞLI;YOK
Kulu;YAZIÇAYIR;ASPÝR
Kulu;YEÞÝLTEPE;YOK
Kulu;YEÞÝLYURT;YOK
Kulu;ZÝNCÝRLÝKUYU;NOHUT, FÝÐ, ÇÖREKOTU
Kulu;BAHADIRLI;MISIR, AYÇÝÇEÐÝ, ÇÖREKOTU
Kulu;DEÐÝRMENÖZÜ;ÇÖREKOTU
Meram;ERENKAYA;YOK
Meram;YATAÐAN;YOK
Meram;GÖKYURT;AHUDUDU, SUSAM, ALTIN ÇÝLEK, BÖÐÜRTLEN, ÇÖREKOTU
Meram;BAYAT;YOK
Meram;BORUKTOLU;YOK
Meram;BOTSA;ÇÝLEK
Meram;ÇAYIRBAÐI;YOK
Meram;ÇOMAKLAR;KÝMYON, BÖÐÜRTLEN, ÇÖREKOTU
Meram;ÇUKURÇÝMEN;YOK
Meram;EVLÝYATEKKE;AHUDUDU, BÖÐÜRTLEN
Meram;HATUNSARAY;GOJÝ BERRY, BARBUNYA
Meram;ÝKÝPINAR;YOK
Meram;ÝLYASBABA;BÖÐÜRTLEN
Meram;ÝNLÝCE;YOK
Meram;KARAAÐAÇ;ASPÝR
Meram;KAVAK;SÝLAJLIK MISIR
Meram;KAYADÝBÝ;YOK
Meram;KAYALI;YOK
Meram;KAYHÜYÜK;YOK
Meram;KIZILÖREN;ÇÝLEK
Meram;KUMRALI;ÇÝLEK
Meram;SADIKLAR;YOK
Meram;SAÐLIK;ÇÝLEK
Meram;SARIKIZ;YOK
Meram;SEFAKÖY;ÇÝLEK
Meram;YEÞÝLDERE;ÇÝLEK
Meram;YEÞÝLTEKKE;YOK
Meram;KAÞINHANI;YOK
Sarayönü;LADÝK;NOHUT, SÝLAJLIK MISIR, FASULYE, ASPÝR
Sarayönü;BAHÇESARAY;YOK
Sarayönü;BAÞHÜYÜK;ASPÝR
Sarayönü;BOYALI;KÝNOA, ANASON, ÇÖREKOTU
Sarayönü;BÜYÜKZENGÝ;YOK
Sarayönü;ÇEÞMELÝSEBÝL;AYÇÝÇEÐÝ, ASPÝR, ÇÖREKOTU
Sarayönü;DEÐÝRMENLÝ;YOK
Sarayönü;ERTUÐRUL;YOK
Sarayönü;GÖZLÜ;ASPÝR
Sarayönü;KADIOÐLU;YOK
Sarayönü;KARABIYIK;YOK
Sarayönü;KARATEPE;ASPÝR
Sarayönü;KAYIÖREN;YOK
Sarayönü;KONAR;YOK
Sarayönü;KURÞUNLU;YOK
Sarayönü;KUYULUSEBÝL;YOK
Sarayönü;ÖZKENT;PATATES, FASULYE, ASPÝR
Sarayönü;YENÝCEKAYA;YOK
Selçuklu;BAÞARAKAVAK;ÞEKER PANCARI, ÜZÜM
Selçuklu;hasan;
Selçuklu;SARAYKÖY;YOK
Selçuklu;SULUTAS;ÜZÜM
Selçuklu;TATKÖY;YOK
Selçuklu;AKPINAR;YOK
Selçuklu;BAÐRIKURT;YOK
Selçuklu;BÝÇER;YOK
Selçuklu;ÇALDERE;KÝMYON
Selçuklu;ÇALTI;YOK
Selçuklu;ÇANDIR;YOK
Selçuklu;DAÐDERE;FÝÐ
Selçuklu;EÐRÝBAYAT;FÝÐ
Selçuklu;GÜVENÇ;YOK
Selçuklu;KALE;ASPÝR
Selçuklu;KARAÖMERLER;YOK
Selçuklu;KERVAN;YOK
Selçuklu;KINIK;YOK
Selçuklu;KIZILCAKUYU;YOK
Selçuklu;MEYDAN;YOK
Selçuklu;SELAHATTÝN;YOK
Selçuklu;SIZMA;YOK
Selçuklu;TEPEKENT;YOK
Selçuklu;ULUMUHSÝNE;YOK
Selçuklu;YAZIBELEN;YOK
Selçuklu;SÝLLE;YOK
Selçuklu;ARDIÇLI;YOK
Selçuklu;AÞAÐIPINARBAÞI;ASPÝR
Selçuklu;YUKARIPINARBAÞI;KANOLA
Selçuklu;KÜÇÜKMUHSÝNE;YOK
Selçuklu;SARICALAR;YOK
Selçuklu;TÖMEK;YOK
Selçuklu;YÜKSELEN;MERCÝMEK
Selçuklu;Mehmet Fatih;
Seydiþehir;KESECÝK;YOK
Seydiþehir;AKÇALAR;YOK
Seydiþehir;AÞAÐIKARAÖREN;YOK
Seydiþehir;BAÞKARAÖREN;YOK
Seydiþehir;BOSTANDERE;ÇEREZLÝK KABAK, SALEP
Seydiþehir;BOYALI;ÞEKER PANCARI, HAÞHAÞ, ÇEREZLÝK KABAK
Seydiþehir;BÜKÇE;YOK
Seydiþehir;ÇAT;ÇÝLEK
Seydiþehir;ÇATMAKAYA;ÇÝLEK
Seydiþehir;ÇAVUÞ;ÇÝLEK
Seydiþehir;DÝKÝLÝTAÞ;BÖÐÜRTLEN
Seydiþehir;GEVREKLÝ;SUSAM
Seydiþehir;GÖKÇEHÜYÜK;ÇÝLEK, AHUDUDU
Seydiþehir;GÖKHÜYÜK;MISIR
Seydiþehir;GÖLYÜZÜ;YOK
Seydiþehir;IRMAKLI;PATATES
Seydiþehir;ÝNCESU;YOK
Seydiþehir;KARABULAK;YOK
Seydiþehir;KARACAÖREN;YOK
Seydiþehir;KAVAK;YOK
Seydiþehir;KETENLÝ;YOK
Seydiþehir;KIZILCA;CEVÝZ, KÝRAZ, ÇÝLEK
Seydiþehir;KOZLU;YOK
Seydiþehir;KUMLUCA;YOK
Seydiþehir;KURAN;YOK
Seydiþehir;MADENLÝ;YOK
Seydiþehir;MESUDÝYE;BÖÐÜRTLEN
Seydiþehir;MURADÝYE;ÜZÜM, ÇÝLEK
Seydiþehir;OÐLAKÇI;YOK
Seydiþehir;ORTAKARAÖREN;YOK
Seydiþehir;SARAYCIK;YOK
Seydiþehir;SUSUZ;YOK
Seydiþehir;TARAÞÇI;YOK
Seydiþehir;TAÞAÐIL;YOK
Seydiþehir;TEPECÝK;MISIR
Seydiþehir;TOL;SUSAM
Seydiþehir;UFACIK;YOK
Seydiþehir;YAYLACIK;GOJÝ BERRY, AHUDUDU, BÖÐÜRTLEN
Seydiþehir;YENÝCE;ÇÝLEK
Taþkent;AFÞAR;ÇÝLEK
Taþkent;BALCILAR;YOK
Taþkent;BOLAY;ÇÝLEK
Taþkent;ÇETMÝ;ÇÝLEK
Taþkent;KECÝMEN;YOK
Taþkent;KONGUL;YOK
Taþkent;SAZAK;YOK
Taþkent;ILICAPINAR;YOK
Tuzlukçu;KONARI;YOK
Tuzlukçu;MEVLÜTLÜ;KÝMYON, ASPÝR
Tuzlukçu;KORAÞI;YOK
Tuzlukçu;ÇÖÐÜRLÜ;YOK
Tuzlukçu;TURSUNLU;YOK
Tuzlukçu;KUNDULLU;YOK
Tuzlukçu;PAZARKAYA;ASPÝR
Tuzlukçu;SUBATAN;YOK
Tuzlukçu;GÜRSU;YOK
Tuzlukçu;ERDOÐDU;YOK
Tuzlukçu;KÖKLÜCE;SÝLAJLIK MISIR
Yalýhüyük;SARAY;YOK
Yalýhüyük;ARASÖÐÜT;YOK
Yunak;KUZÖREN;YOK
Yunak;KOÇYAZI;FÝÐ
Yunak;TURGUT;ÇÝLEK
Yunak;PÝRÝBEYLÝ;ANASON, KÝMYON, ASPÝR
Yunak;SÜLÜKLÜ;YOK
Yunak;ALTINÖZ;REZENE, ÇÖREKOTU
Yunak;AYRITEPE;YOK
Yunak;BEÞIÞIKLI;KÝMYON, ÇÖREKOTU
Yunak;CEBRAÝL;YOK
Yunak;ÇAYIRBAÞI;YOK
Yunak;EÐRÝKUYU;ÞEKER PANCARI, AYÇÝÇEÐÝ
Yunak;HACIÖMEROÐLU;YOK
Yunak;HATIRLI;YOK
Yunak;HACIFAKILI;YOK
Yunak;HARUNLAR;ANASON, TRÝTÝKALE
Yunak;HURSUNLU;YOK
Yunak;ÝMAMOÐLU;MISIR
Yunak;KARGALI;KANOLA
Yunak;KARAYAYLA;YOK
Yunak;KILLAR;ANASON
Yunak;KURTUÞAÐI;ANASON, ASPÝR
Yunak;KUYUBAÞI;ANASON
Yunak;MEÞELÝK;YOK
Yunak;ODABAÞI;ANASON, KÝMYON, ÇÖREKOTU
Yunak;ORTAKIÞLA;YOK
Yunak;ÖZYAYLA;YOK
Yunak;SERTLER;YOK
Yunak;SEVÝNÇ;YOK
Yunak;SIRAM;YOK
Yunak;SÝNANLI;KÝRAZ
Yunak;YAVAÞLI;YOK
Yunak;YEÞÝLOBA;YOK
Yunak;YEÞÝLYAYLA;YOK
Yunak;YIÐAR;YOK
Yunak;SARAY;KANOLA, ASPÝR
;;
