ÝLÇE ADI;MAHALLE ADI;DEVLETÝN VERMÝÞ OLDUÐU DESTEKLERDEN FAYDALANMA ÇEÞÝTLERÝ
Ahýrlý;ALÝÇERÇÝ;MAZOT-GÜBRE
Ahýrlý;BADEMLÝ;MAZOT-GÜBRE, DOÐRUDAN GELÝR , BUZAÐI
Ahýrlý;BALIKLAVA;MAZOT-GÜBRE, DOÐRUDAN GELÝR , BUZAÐI
Ahýrlý;BÜYÜKÖZ;MAZOT-GÜBRE, DOÐRUDAN GELÝR
Ahýrlý;ÇÝFTLÝK;MAZOT-GÜBRE
Ahýrlý;ERDOÐAN;MAZOT-GÜBRE, DOÐRUDAN GELÝR
Ahýrlý;KARACAKUYU;MAZOT-GÜBRE, DOÐRUDAN GELÝR , BUZAÐI
Ahýrlý;KAYACIK;MAZOT-GÜBRE, DOÐRUDAN GELÝR , BUZAÐI
Ahýrlý;KURUÇAY;YOK
Ahýrlý;KÜÇÜKÖZ;MAZOT-GÜBRE
Akören;AVDAN;DOÐRUDAN GELÝR
Akören;KAYASU;YOK
Akören;AHMEDÝYE;MAZOT-GÜBRE, DOÐRUDAN GELÝR
Akören;ALAN;MAZOT-GÜBRE, DOÐRUDAN GELÝR , BUZAÐI
Akören;BELKUYU;MAZOT-GÜBRE
Akören;ÇATÖREN;MAZOT-GÜBRE, DOÐRUDAN GELÝR
Akören;DUTLU;DOÐRUDAN GELÝR
Akören;ORHANÝYE;MAZOT-GÜBRE, DOÐRUDAN GELÝR , BUZAÐI
Akören;SÜLEYMANÝYE;MAZOT-GÜBRE, DOÐRUDAN GELÝR , BUZAÐI
Akören;TÜLCE;YOK
Akören;KARAHÜYÜK;MAZOT-GÜBRE, YEM BÝTKÝLERÝ, SÜT
Akþehir;ÇAKILLAR;FÝDE-FÝDAN
Akþehir;GEDÝL;MAZOT-GÜBRE, FÝDE-FÝDAN, DOÐRUDAN GELÝR , BUZAÐI
Akþehir;KARAHÜYÜK;MAZOT-GÜBRE, FÝDE-FÝDAN, DOÐRUDAN GELÝR
Akþehir;ADSIZ;MAZOT-GÜBRE, FÝDE-FÝDAN
Akþehir;ALANYURT;MAZOT-GÜBRE
Akþehir;ALTUNTAÞ;MAZOT-GÜBRE
Akþehir;ATAKENT;MAZOT-GÜBRE, FÝDE-FÝDAN, SÜT, BUZAÐI
Akþehir;BOZLAÐAN;YOK
Akþehir;CANKURTARAN;FÝDE-FÝDAN
Akþehir;ÇAMLI;MAZOT-GÜBRE, YEM BÝTKÝLERÝ, SÜT
Akþehir;ÇÝMENDERE;MAZOT-GÜBRE, FÝDE-FÝDAN
Akþehir;DEÐÝRMENKÖY;MAZOT-GÜBRE, SÜT, BUZAÐI
Akþehir;DOÐRUGÖZ;MAZOT-GÜBRE, FÝDE-FÝDAN, SÜT
Akþehir;ENGÝLÝ;MAZOT-GÜBRE, SÜT
Akþehir;GÖLÇAYIR;FÝDE-FÝDAN, DOÐRUDAN GELÝR
Akþehir;GÖZPINARI;MAZOT-GÜBRE, FÝDE-FÝDAN
Akþehir;ILICAK;MAZOT-GÜBRE, FÝDE-FÝDAN, DOÐRUDAN GELÝR , BUZAÐI
Akþehir;KARABULUT;YOK
Akþehir;ORTACA;YOK
Akþehir;ORTAKÖY;YOK
Akþehir;REÝS;MAZOT-GÜBRE
Akþehir;SAVAÞ;FÝDE-FÝDAN
Akþehir;SORKUN;MAZOT-GÜBRE, DOÐRUDAN GELÝR
Akþehir;SÖÐÜTLÜ;MAZOT-GÜBRE
Akþehir;TEKKE;YOK
Akþehir;TÝPÝKÖY;MAZOT-GÜBRE, SÜT, BUZAÐI
Akþehir;ULUPINAR;YOK
Akþehir;ÜÇHÜYÜK;FÝDE-FÝDAN
Akþehir;YAÞARLAR;MAZOT-GÜBRE, DOÐRUDAN GELÝR , BUZAÐI
Akþehir;YAYLABELEN;MAZOT-GÜBRE
Akþehir;YAZLA;MAZOT-GÜBRE, YEM BÝTKÝLERÝ, SÜT, DOÐRUDAN GELÝR , BUZAÐI
Akþehir;YENÝKÖY;MAZOT-GÜBRE, FÝDE-FÝDAN, SÜT, BUZAÐI
Akþehir;YEÞÝLKÖY;MAZOT-GÜBRE, SÜT
Akþehir;SARAY;FÝDE-FÝDAN
Altýnekin;OÐUZELÝ;MAZOT-GÜBRE, DOÐRUDAN GELÝR
Altýnekin;AKCAÞAR;MAZOT-GÜBRE, DOÐRUDAN GELÝR
Altýnekin;AYIÞIÐI;MAZOT-GÜBRE, DOÐRUDAN GELÝR
Altýnekin;AKKÖY;MAZOT-GÜBRE, HUBUBAT, DOÐRUDAN GELÝR
Altýnekin;BORUKKUYU;MAZOT-GÜBRE, HUBUBAT, DOÐRUDAN GELÝR , SERTÝFÝKALI TOHUM
Altýnekin;HACINUMAN;MAZOT-GÜBRE, HUBUBAT, BUZAÐI, SERTÝFÝKALI TOHUM
Altýnekin;KARAKAYA;MAZOT-GÜBRE, DOÐRUDAN GELÝR
Altýnekin;KOÇAÞ;MAZOT-GÜBRE, DOÐRUDAN GELÝR , BUZAÐI
Altýnekin;KOÇYAKA;MAZOT-GÜBRE, DOÐRUDAN GELÝR
Altýnekin;MANTAR;MAZOT-GÜBRE
Altýnekin;YENÝÖLMEZ;MAZOT-GÜBRE, DOÐRUDAN GELÝR , SERTÝFÝKALI TOHUM
Altýnekin;SARNIÇ;MAZOT-GÜBRE, DOÐRUDAN GELÝR
Altýnekin;TOPRAKLIK;YEM BÝTKÝLERÝ, HUBUBAT, BUZAÐI
Altýnekin;YENÝKUYU;MAZOT-GÜBRE, HUBUBAT, BUZAÐI
Altýnekin;YENÝYAYLA;MAZOT-GÜBRE, DOÐRUDAN GELÝR
Altýnekin;DEDELER;MAZOT-GÜBRE, HUBUBAT, SULAMA SÝSTEMLERÝ, DOÐRUDAN GELÝR
Altýnekin;AKINCILAR;MAZOT-GÜBRE, SÜT, DOÐRUDAN GELÝR
Beyþehir;ADAKÖY;YOK
Beyþehir;AÐILÖNÜ;MAZOT-GÜBRE, DOÐRUDAN GELÝR
Beyþehir;AKBURUN;MAZOT-GÜBRE
Beyþehir;AKÇABELEN;MAZOT-GÜBRE, DOÐRUDAN GELÝR
Beyþehir;AVDANCIK;MAZOT-GÜBRE, HUBUBAT
Beyþehir;BADEMLÝ;MAZOT-GÜBRE, SÜT, DOÐRUDAN GELÝR , BUZAÐI
Beyþehir;BAYAT;MAZOT-GÜBRE, DOÐRUDAN GELÝR
Beyþehir;BAYAVÞAR;YOK
Beyþehir;BAYINDIR;YOK
Beyþehir;BAÞGÖZE;MAZOT-GÜBRE, SÜT
Beyþehir;BEKDEMÝR;MAZOT-GÜBRE, HUBUBAT, DOÐRUDAN GELÝR
Beyþehir;DAMLAPINAR;MAZOT-GÜBRE, HUBUBAT, DOÐRUDAN GELÝR
Beyþehir;DOÐANBEY;MAZOT-GÜBRE
Beyþehir;DOÐANCIK;MAZOT-GÜBRE, SÜT
Beyþehir;DUMANLI;YOK
Beyþehir;EMEN;MAZOT-GÜBRE, DOÐRUDAN GELÝR
Beyþehir;ESENCE;MAZOT-GÜBRE, YEM
Beyþehir;EYLÝKLER;MAZOT-GÜBRE
Beyþehir;EÐÝRLER;MAZOT-GÜBRE, YEM BÝTKÝLERÝ, HUBUBAT
Beyþehir;FASILLAR;MAZOT-GÜBRE, SÜT, BUZAÐI
Beyþehir;GÖKÇEKUYU;MAZOT-GÜBRE, FÝDE-FÝDAN, BUZAÐI, KÜÇÜKBAÞ HAYVAN
Beyþehir;GÖKÇÝMEN;MAZOT-GÜBRE, SÜT, DOÐRUDAN GELÝR , BUZAÐI
Beyþehir;GÖLKAÞI;MAZOT-GÜBRE, HUBUBAT, SÜT, DOÐRUDAN GELÝR , BUZAÐI
Beyþehir;GÖLYAKA;MAZOT-GÜBRE
Beyþehir;GÖNEN;YOK
Beyþehir;GÖÇÜ;MAZOT-GÜBRE
Beyþehir;GÜNDOÐDU;YOK
Beyþehir;HUÐLU;YOK
Beyþehir;HÜSEYÝNLER;MAZOT-GÜBRE, FÝDE-FÝDAN
Beyþehir;ÝSAKÖY;MAZOT-GÜBRE, HUBUBAT
Beyþehir;KARAALÝ;MAZOT-GÜBRE, DOÐRUDAN GELÝR
Beyþehir;KARABAYAT;MAZOT-GÜBRE, DOÐRUDAN GELÝR , BUZAÐI
Beyþehir;KARADÝKEN;MAZOT-GÜBRE, YEM BÝTKÝLERÝ, YEM, BUZAÐI
Beyþehir;KARAHÝSAR;MAZOT-GÜBRE, BUZAÐI
Beyþehir;KAYABAÞI;YOK
Beyþehir;KURUCUOVA;YOK
Beyþehir;KUÞLUCA;MAZOT-GÜBRE
Beyþehir;KÜÇÜKAVÞAR;YOK
Beyþehir;MESUTLAR;MAZOT-GÜBRE, FÝDE-FÝDAN, SÜT, DOÐRUDAN GELÝR , BUZAÐI
Beyþehir;SADIKHACI;MAZOT-GÜBRE, HUBUBAT, GENÇ ÇÝFTÇÝ, KÜÇÜKBAÞ HAYVAN
Beyþehir;SARIKÖY;MAZOT-GÜBRE, DOÐRUDAN GELÝR
Beyþehir;SEVÝNDÝK;MAZOT-GÜBRE, SERTÝFÝKALI TOHUM
Beyþehir;ÞAMLAR;MAZOT-GÜBRE, DOÐRUDAN GELÝR , SERTÝFÝKALI TOHUM
Beyþehir;ÜÇPINAR;MAZOT-GÜBRE, FÝDE-FÝDAN
Beyþehir;ÜSTÜNLER;MAZOT-GÜBRE, DOÐRUDAN GELÝR
Beyþehir;ÜZÜMLÜ;FÝDE-FÝDAN
Beyþehir;YAZYURDU;MAZOT-GÜBRE
Beyþehir;YENÝDOÐAN;MAZOT-GÜBRE, DOÐRUDAN GELÝR
Beyþehir;YEÞÝLDAÐ;YOK
Beyþehir;YUKARIESENCE;MAZOT-GÜBRE, SÜT, DOÐRUDAN GELÝR , BUZAÐI
Beyþehir;YUNUSLAR;FÝDE-FÝDAN
Beyþehir;ÇÝFTLÝK;MAZOT-GÜBRE, DOÐRUDAN GELÝR
Beyþehir;ÇÝVRÝL;MAZOT-GÜBRE
Beyþehir;ÇUKURAÐIL;MAZOT-GÜBRE
Bozkýr;ÇAÐLAYAN;FÝDE-FÝDAN
Bozkýr;HAMZALAR;FÝDE-FÝDAN
Bozkýr;AKÇAPINAR;FÝDE-FÝDAN
Bozkýr;ARMUTLU;MAZOT-GÜBRE, FÝDE-FÝDAN
Bozkýr;ARSLANTAÞ;YOK
Bozkýr;AYDINKIÞLA;MAZOT-GÜBRE
Bozkýr;AYVALCA;MAZOT-GÜBRE, FÝDE-FÝDAN
Bozkýr;BAÐYURDU;MAZOT-GÜBRE, DOÐRUDAN GELÝR
Bozkýr;BAYBAÐAN;MAZOT-GÜBRE, SÜT
Bozkýr;BOZDAM;MAZOT-GÜBRE, YEM BÝTKÝLERÝ
Bozkýr;DEREÝÇÝ;FÝDE-FÝDAN, DOÐRUDAN GELÝR
Bozkýr;DEREKÖY;MAZOT-GÜBRE, FÝDE-FÝDAN, SÜT
Bozkýr;ELMAAÐAÇ;MAZOT-GÜBRE
Bozkýr;HACILAR;MAZOT-GÜBRE, SÜT, YEM
Bozkýr;HACIYUNUSLAR;MAZOT-GÜBRE, SÜT
Bozkýr;HARMANPINAR;YOK
Bozkýr;HÝSARLIK;FÝDE-FÝDAN
Bozkýr;IÞIKLAR;MAZOT-GÜBRE, FÝDE-FÝDAN, SÜT
Bozkýr;KARABAYIR;MAZOT-GÜBRE, SÜT, YEM
Bozkýr;KARACAARDIÇ;FÝDE-FÝDAN
Bozkýr;KARACAHÝSAR;YOK
Bozkýr;KARAYAHYA;YOK
Bozkýr;KAYACILAR;HUBUBAT
Bozkýr;KAYAPINAR;YOK
Bozkýr;KINIK;MAZOT-GÜBRE, FÝDE-FÝDAN, SÜT
Bozkýr;KIZILÇAKIR;YOK
Bozkýr;KÝLDERE;YEM BÝTKÝLERÝ, SÜT
Bozkýr;KOVANLIK;MAZOT-GÜBRE, FÝDE-FÝDAN
Bozkýr;KOZAÐAÇ;MAZOT-GÜBRE
Bozkýr;KUÞÇA;FÝDE-FÝDAN, SÜT
Bozkýr;KÜÇÜKHÝSARLIK;YOK
Bozkýr;PINARCIK;YOK
Bozkýr;SARIOÐLAN;YOK
Bozkýr;SAZLI;MAZOT-GÜBRE, FÝDE-FÝDAN
Bozkýr;SOÐUCAK;MAZOT-GÜBRE, FÝDE-FÝDAN
Bozkýr;SORKUN;FÝDE-FÝDAN
Bozkýr;SÖÐÜT;YOK
Bozkýr;TARLABAÞI;YOK
Bozkýr;TAÞBAÞI;YOK
Bozkýr;TEPEARASI;YOK
Bozkýr;TEPELÝCE;SÜT, BUZAÐI
Bozkýr;ULUPINAR;YOK
Bozkýr;ÜÇPINAR;YOK
Bozkýr;YALNIZCA;YOK
Bozkýr;YAZDAMI;YOK
Bozkýr;YELBEYÝ;MAZOT-GÜBRE
Bozkýr;YENÝKÖY;MAZOT-GÜBRE, FÝDE-FÝDAN
Bozkýr;YOLÖREN;MAZOT-GÜBRE, YEM BÝTKÝLERÝ, HUBUBAT
Çeltik;GÖKPINAR;MAZOT-GÜBRE, HUBUBAT
Çeltik;ADAKASIM;MAZOT-GÜBRE
Çeltik;DOÐANYURT;MAZOT-GÜBRE, DOÐRUDAN GELÝR
Çeltik;KAÞÖREN;MAZOT-GÜBRE, HUBUBAT, DOÐRUDAN GELÝR
Çeltik;KÜÇÜKHASAN;MAZOT-GÜBRE, SÜT
Çeltik;TORUNLAR;MAZOT-GÜBRE, SÜT, DOÐRUDAN GELÝR
Çeltik;ÝSHAKUÞAÐI;MAZOT-GÜBRE
Çeltik;HONAMLI;MAZOT-GÜBRE, HUBUBAT, SERTÝFÝKALI TOHUM
Cihanbeyli;BÖÐRÜDELÝK;MAZOT-GÜBRE, DOÐRUDAN GELÝR
Cihanbeyli;YAPALI;MAZOT-GÜBRE, HUBUBAT, DOÐRUDAN GELÝR
Cihanbeyli;YENÝCEOBA;MAZOT-GÜBRE, HUBUBAT, DOÐRUDAN GELÝR , BUZAÐI
Cihanbeyli;CUMHURÝYET;MAZOT-GÜBRE
Cihanbeyli;GEMECÝK;MAZOT-GÜBRE, DOÐRUDAN GELÝR
Cihanbeyli;GÖKTEPE;MAZOT-GÜBRE
Cihanbeyli;AÐABEYLÝ;MAZOT-GÜBRE, SÜT, DOÐRUDAN GELÝR , BUZAÐI
Cihanbeyli;HODOÐLU;MAZOT-GÜBRE
Cihanbeyli;KAYI;MAZOT-GÜBRE
Cihanbeyli;KIRKIÞLA;YOK
Cihanbeyli;KORKMAZLAR;MAZOT-GÜBRE
Cihanbeyli;KÜÇÜKBEÞKAVAK;MAZOT-GÜBRE, DOÐRUDAN GELÝR
Cihanbeyli;MUTLUKONAK;YOK
Cihanbeyli;SAÐLIK;MAZOT-GÜBRE, HUBUBAT
Cihanbeyli;SIÐIRCIK;MAZOT-GÜBRE
Cihanbeyli;TURANLAR;MAZOT-GÜBRE
Cihanbeyli;TÜFEKÇÝPINAR;MAZOT-GÜBRE
Cihanbeyli;UZUNCAYAYLA;MAZOT-GÜBRE, DOÐRUDAN GELÝR
Cihanbeyli;YÜNLÜKUYU;MAZOT-GÜBRE, DOÐRUDAN GELÝR
Cihanbeyli;ZAFERÝYE;MAZOT-GÜBRE, KÜÇÜKBAÞ HAYVAN
Cihanbeyli;GÖLYAZI;MAZOT-GÜBRE
Cihanbeyli;GÜNYÜZÜ;MAZOT-GÜBRE, DOÐRUDAN GELÝR , BUZAÐI
Cihanbeyli;ÝNSUYU;YOK
Cihanbeyli;KANDÝL;YOK
Cihanbeyli;KARABAÐ;YOK
Cihanbeyli;KELHASAN;MAZOT-GÜBRE, DOÐRUDAN GELÝR
Cihanbeyli;KUÞCA;MAZOT-GÜBRE
Cihanbeyli;KÜTÜKUÞAÐI;MAZOT-GÜBRE
Cihanbeyli;TAÞPINAR;MAZOT-GÜBRE, HUBUBAT, SERTÝFÝKALI TOHUM
Cihanbeyli;BEYLÝOVA;MAZOT-GÜBRE, BUZAÐI
Cihanbeyli;ÇÝMEN;MAZOT-GÜBRE, SÜT, DOÐRUDAN GELÝR , BUZAÐI
Cihanbeyli;ÇÖL;MAZOT-GÜBRE, DOÐRUDAN GELÝR , BUZAÐI, KÜÇÜKBAÞ HAYVAN
Cihanbeyli;DAMLAKUYU;MAZOT-GÜBRE, DOÐRUDAN GELÝR
Cihanbeyli;BULDUK;MAZOT-GÜBRE, SÜT, BUZAÐI
Cihanbeyli;BÜYÜKBEÞKAVAK;MAZOT-GÜBRE
Cihanbeyli;KARATEPE;MAZOT-GÜBRE, HUBUBAT, SÜT, GENÇ ÇÝFTÇÝ
Çumra;ARIKÖREN;MAZOT-GÜBRE
Çumra;DEDEMOÐLU;MAZOT-GÜBRE
Çumra;TÜRKMENCAMÝLÝ;MAZOT-GÜBRE, YEM BÝTKÝLERÝ, HUBUBAT, DOÐRUDAN GELÝR , SERTÝFÝKALI TOHUM
Çumra;A.B.HÜYÜÐÜ;MAZOT-GÜBRE, SÜT, DOÐRUDAN GELÝR
Çumra;DÝNEK;MAZOT-GÜBRE, DOÐRUDAN GELÝR
Çumra;ÝÇERÝÇUMRA;MAZOT-GÜBRE
Çumra;GÜVERCÝNLÝK;MAZOT-GÜBRE
Çumra;KARKIN;MAZOT-GÜBRE, HUBUBAT, DOÐRUDAN GELÝR
Çumra;OKÇU;MAZOT-GÜBRE, KÜÇÜKBAÞ HAYVAN
Çumra;YENÝSU;MAZOT-GÜBRE
Çumra;APA;MAZOT-GÜBRE, DOÐRUDAN GELÝR
Çumra;ABDÝTOLU;MAZOT-GÜBRE, YEM BÝTKÝLERÝ, HUBUBAT, SULAMA SÝSTEMLERÝ
Çumra;ADAKALE;MAZOT-GÜBRE, HUBUBAT, DOÐRUDAN GELÝR
Çumra;ALEMDAR;MAZOT-GÜBRE
Çumra;APASARAYCIK;MAZOT-GÜBRE
Çumra;AFÞAR;YOK
Çumra;AVDUL;MAZOT-GÜBRE
Çumra;BALÇIKHÝSAR;MAZOT-GÜBRE
Çumra;BEYLERCE;MAZOT-GÜBRE, DOÐRUDAN GELÝR
Çumra;B.AÞLAMA;MAZOT-GÜBRE, SERTÝFÝKALI TOHUM
Çumra;CÝCEK;MAZOT-GÜBRE
Çumra;ÇUKURKAVAK;YOK
Çumra;DÝNLENDÝK;MAZOT-GÜBRE, HUBUBAT, DOÐRUDAN GELÝR
Çumra;DÝNEKSARAY;MAZOT-GÜBRE, DOÐRUDAN GELÝR
Çumra;DOÐANLI;MAZOT-GÜBRE, DOÐRUDAN GELÝR , SERTÝFÝKALI TOHUM
Çumra;FETHÝYE;MAZOT-GÜBRE
Çumra;GÖKHÜYÜK;MAZOT-GÜBRE, HUBUBAT, DOÐRUDAN GELÝR , SERTÝFÝKALI TOHUM
Çumra;ERENTEPE;MAZOT-GÜBRE, HUBUBAT
Çumra;ÝNLÝ;MAZOT-GÜBRE, HUBUBAT, SERTÝFÝKALI TOHUM
Çumra;KUZUCU;MAZOT-GÜBRE, YEM BÝTKÝLERÝ, HUBUBAT, DOÐRUDAN GELÝR , SERTÝFÝKALI TOHUM
Çumra;KÜÇÜKKÖY;MAZOT-GÜBRE, HUBUBAT, SERTÝFÝKALI TOHUM
Çumra;SEÇME;YOK
Çumra;SÜRGÜÇ;MAZOT-GÜBRE
Çumra;TAHTALI;MAZOT-GÜBRE
Çumra;T.KARAHÜYÜK;MAZOT-GÜBRE, DOÐRUDAN GELÝR , SERTÝFÝKALI TOHUM
Çumra;TAÞAÐIL;MAZOT-GÜBRE, DOÐRUDAN GELÝR , BUZAÐI
Çumra;UZUNKUYU;MAZOT-GÜBRE
Çumra;ÜÇHÜYÜK;MAZOT-GÜBRE
Çumra;ÜRÜNLÜ;MAZOT-GÜBRE, HUBUBAT, DOÐRUDAN GELÝR , SERTÝFÝKALI TOHUM
Çumra;YÖRÜKCAMÝLÝ;MAZOT-GÜBRE, HUBUBAT, DOÐRUDAN GELÝR
Çumra;ÇAYBAÞI;MAZOT-GÜBRE, YEM BÝTKÝLERÝ, HUBUBAT, DOÐRUDAN GELÝR
Derbent;ÇÝFTLÝKÖZÜ;MAZOT-GÜBRE, FÝDE-FÝDAN
Derbent;DEÐÝÞ;MAZOT-GÜBRE, SERTÝFÝKALI TOHUM
Derbent;TEKKE;MAZOT-GÜBRE, SÜT, DOÐRUDAN GELÝR , BUZAÐI, KÜÇÜKBAÞ HAYVAN
Derbent;GÜNEYKÖY;MAZOT-GÜBRE
Derbent;MÜLAYÝM;DOÐRUDAN GELÝR , KÜÇÜKBAÞ HAYVAN
Derbent;SARAYPINAR;MAZOT-GÜBRE, YEM BÝTKÝLERÝ
Derbent;YASSIÖREN;YOK
Derbent;SÜLEYMAN;MAZOT-GÜBRE, KÜÇÜKBAÞ HAYVAN
Derbent;KARALAR;MAZOT-GÜBRE, DOÐRUDAN GELÝR , KÜÇÜKBAÞ HAYVAN
Derebucak;ÇAMLIK;MAZOT-GÜBRE, FÝDE-FÝDAN, KÜÇÜKBAÞ HAYVAN
Derebucak;DURAK;YOK
Derebucak;GENCEK;FÝDE-FÝDAN
Derebucak;GÖYNEM;MAZOT-GÜBRE
Derebucak;PINARBAÞI;FÝDE-FÝDAN
Derebucak;TAÞLIPINAR;YOK
Derebucak;TEPEARASI;MAZOT-GÜBRE, HUBUBAT
Derebucak;UÐURLU;YOK
Doðanhisar;BAÞKÖY;MAZOT-GÜBRE, FÝDE-FÝDAN
Doðanhisar;YAZLICA;MAZOT-GÜBRE
Doðanhisar;AYASLAR;FÝDE-FÝDAN
Doðanhisar;ÇINAROBA;MAZOT-GÜBRE, FÝDE-FÝDAN, BUZAÐI
Doðanhisar;DEÞTÝÐÝN;MAZOT-GÜBRE, FÝDE-FÝDAN
Doðanhisar;FIRINLI;FÝDE-FÝDAN
Doðanhisar;GÜVENDÝK;MAZOT-GÜBRE
Doðanhisar;ÝLYASLAR;MAZOT-GÜBRE
Doðanhisar;KARAAÐA;YOK
Doðanhisar;KEMER;YEM BÝTKÝLERÝ, BUZAÐI
Doðanhisar;KOÇAÞ;MAZOT-GÜBRE, BUZAÐI
Doðanhisar;KONAKKALE;FÝDE-FÝDAN, DOÐRUDAN GELÝR , BUZAÐI
Doðanhisar;TEKKE;HUBUBAT
Doðanhisar;UNCULAR;MAZOT-GÜBRE, HUBUBAT
Doðanhisar;YAZIR;MAZOT-GÜBRE
Doðanhisar;YENÝCE;MAZOT-GÜBRE, SERTÝFÝKALI TOHUM
Emirgazi;EKÝZLÝ;MAZOT-GÜBRE
Emirgazi;AKMESCÝT;MAZOT-GÜBRE, YEM, BUZAÐI
Emirgazi;BESCÝ;MAZOT-GÜBRE
Emirgazi;DEMÝRCÝ;MAZOT-GÜBRE, DOÐRUDAN GELÝR
Emirgazi;GÖLÖREN;YOK
Emirgazi;IÞIKLAR;MAZOT-GÜBRE
Emirgazi;KARAÖREN;YOK
Emirgazi;MEÞELÝ;MAZOT-GÜBRE
Emirgazi;ÖBEKTAÞ;YOK
Emirgazi;YAMAÇ;MAZOT-GÜBRE
Ereðli;ZENGEN;MAZOT-GÜBRE, BUZAÐI
Ereðli;ACIPINAR;MAZOT-GÜBRE, YEM BÝTKÝLERÝ, HUBUBAT, DOÐRUDAN GELÝR
Ereðli;ADABAÐ;YOK
Ereðli;AKHÜYÜK;MAZOT-GÜBRE, YEM BÝTKÝLERÝ, SULAMA SÝSTEMLERÝ, DOÐRUDAN GELÝR
Ereðli;ALHAN;MAZOT-GÜBRE, YEM BÝTKÝLERÝ
Ereðli;AÞAÐI GÖNDELEN;MAZOT-GÜBRE, HUBUBAT, DOÐRUDAN GELÝR
Ereðli;AÞIKLAR;MAZOT-GÜBRE, YEM BÝTKÝLERÝ, SULAMA SÝSTEMLERÝ
Ereðli;AZÝZÝYE;MAZOT-GÜBRE, YEM BÝTKÝLERÝ
Ereðli;BAHÇELÝ;YOK
Ereðli;BELCEAÐAÇ;MAZOT-GÜBRE
Ereðli;BELKAYA;MAZOT-GÜBRE, HUBUBAT
Ereðli;BEYKÖY;MAZOT-GÜBRE, YEM BÝTKÝLERÝ, DOÐRUDAN GELÝR
Ereðli;BEYÖREN;MAZOT-GÜBRE, YEM BÝTKÝLERÝ, HUBUBAT, DOÐRUDAN GELÝR
Ereðli;BULGURLUK;HUBUBAT, SÜT, BUZAÐI
Ereðli;BURHANÝYE;MAZOT-GÜBRE
Ereðli;BÜYÜKDEDE;MAZOT-GÜBRE, DOÐRUDAN GELÝR , BUZAÐI
Ereðli;ÇAKMAK;MAZOT-GÜBRE, HUBUBAT, DOÐRUDAN GELÝR
Ereðli;ÇAYHAN;MAZOT-GÜBRE, YEM BÝTKÝLERÝ, HUBUBAT
Ereðli;ÇÝLLER;MAZOT-GÜBRE, YEM BÝTKÝLERÝ, HUBUBAT
Ereðli;ÇÝMENCÝK;MAZOT-GÜBRE, YEM BÝTKÝLERÝ, HUBUBAT
Ereðli;GAYBÝ;MAZOT-GÜBRE
Ereðli;GÖKÇEYAZI;MAZOT-GÜBRE
Ereðli;GÖKTÖME;MAZOT-GÜBRE, HUBUBAT
Ereðli;HACIMEMÝÞ;MAZOT-GÜBRE, YEM BÝTKÝLERÝ, HUBUBAT
Ereðli;KAMIÞLIKUYU;MAZOT-GÜBRE, YEM BÝTKÝLERÝ, HUBUBAT
Ereðli;KARABURUN;MAZOT-GÜBRE, KÜÇÜKBAÞ HAYVAN
Ereðli;KARGACI;MAZOT-GÜBRE
Ereðli;KIZILGEDÝK;MAZOT-GÜBRE, KÜÇÜKBAÞ HAYVAN
Ereðli;KUSKUNCUK;MAZOT-GÜBRE
Ereðli;KUTÖREN;MAZOT-GÜBRE, FÝDE-FÝDAN
Ereðli;KUZUKUYU;MAZOT-GÜBRE
Ereðli;MELÝCEK;MAZOT-GÜBRE, BUZAÐI, SERTÝFÝKALI TOHUM
Ereðli;ORHANÝYE;MAZOT-GÜBRE
Ereðli;ÖZGÜRLER;MAZOT-GÜBRE, SÜT, BUZAÐI, KÜÇÜKBAÞ HAYVAN
Ereðli;PINARÖZÜ;MAZOT-GÜBRE, HUBUBAT, DOÐRUDAN GELÝR
Ereðli;SARICA;MAZOT-GÜBRE
Ereðli;SARITOPALLI;MAZOT-GÜBRE
Ereðli;SELVÝLÝ;YEM BÝTKÝLERÝ, SÜT, DOÐRUDAN GELÝR , BUZAÐI
Ereðli;TAÞAÐIL;MAZOT-GÜBRE
Ereðli;TAÞBUDAK;MAZOT-GÜBRE, SULAMA SÝSTEMLERÝ, FÝDE-FÝDAN
Ereðli;TATLIKUYU;MAZOT-GÜBRE, YEM BÝTKÝLERÝ, HUBUBAT
Ereðli;TÜRKMEN;MAZOT-GÜBRE
Ereðli;ULUMEÞE;MAZOT-GÜBRE, BUZAÐI
Ereðli;YAZLIK;MAZOT-GÜBRE, FÝDE-FÝDAN, DOÐRUDAN GELÝR
Ereðli;YELLÝCE;MAZOT-GÜBRE, YEM BÝTKÝLERÝ
Ereðli;YENÝKÖY;MAZOT-GÜBRE, FÝDE-FÝDAN, SÜT, BUZAÐI
Ereðli;YILDIZLI;FÝDE-FÝDAN
Ereðli;YUKARIGÖNDELEN;MAZOT-GÜBRE, YEM BÝTKÝLERÝ, FÝDE-FÝDAN, DOÐRUDAN GELÝR
Ereðli;HORTU;MAZOT-GÜBRE, DOÐRUDAN GELÝR , BUZAÐI
Ereðli;ACIKUYU;YEM BÝTKÝLERÝ, KÜÇÜKBAÞ HAYVAN
Güneysýnýr;GÜRAÐAÇ;FÝDE-FÝDAN
Güneysýnýr;AÐAÇOBA;DOÐRUDAN GELÝR , KÜÇÜKBAÞ HAYVAN
Güneysýnýr;ALANÖZÜ;MAZOT-GÜBRE
Güneysýnýr;AVCITEPE;MAZOT-GÜBRE, HUBUBAT
Güneysýnýr;AYDOÐMUÞ;MAZOT-GÜBRE
Güneysýnýr;HABÝLLER;MAZOT-GÜBRE, YEM BÝTKÝLERÝ
Güneysýnýr;KARAGÜNEY;MAZOT-GÜBRE
Güneysýnýr;KAYAAÐZI;MAZOT-GÜBRE, FÝDE-FÝDAN
Güneysýnýr;KIZILÖZ;MAZOT-GÜBRE, FÝDE-FÝDAN
Güneysýnýr;KURUKAVAK;MAZOT-GÜBRE
Güneysýnýr;MEHMET ALÝ;MAZOT-GÜBRE, YEM BÝTKÝLERÝ, HUBUBAT, SÜT, BUZAÐI
Güneysýnýr;ÖMEROÐLU;MAZOT-GÜBRE, FÝDE-FÝDAN
Güneysýnýr;ÖRENBOYALI;MAZOT-GÜBRE, SÜT, GENÇ ÇÝFTÇÝ
Güneysýnýr;SARIHACI;FÝDE-FÝDAN
Hadim;AÞAÐIEÞENLER;MAZOT-GÜBRE, FÝDE-FÝDAN, GENÇ ÇÝFTÇÝ
Hadim;AÞAÐIKIZILKAYA;YOK
Hadim;BADEMLÝ;MAZOT-GÜBRE, FÝDE-FÝDAN
Hadim;BAÐBAÞI;BUZAÐI, GENÇ ÇÝFTÇÝ
Hadim;BEYRELÝ;YOK
Hadim;BOLAT;FÝDE-FÝDAN, DOÐRUDAN GELÝR
Hadim;ÇÝFTEPINAR;MAZOT-GÜBRE
Hadim;DEDEMLÝ;MAZOT-GÜBRE
Hadim;DÜLGERLER;MAZOT-GÜBRE
Hadim;FAKILAR;YOK
Hadim;GAZÝLER;MAZOT-GÜBRE, FÝDE-FÝDAN
Hadim;GÖYNÜKKIÞLA;FÝDE-FÝDAN
Hadim;GÜLPINAR;MAZOT-GÜBRE, SULAMA SÝSTEMLERÝ, SÜT, GENÇ ÇÝFTÇÝ
Hadim;ÝÐDEÖREN;YOK
Hadim;KALINAÐIL;MAZOT-GÜBRE, FÝDE-FÝDAN, BUZAÐI
Hadim;KAPLANLI;MAZOT-GÜBRE, FÝDE-FÝDAN
Hadim;GEZLEVÝ;FÝDE-FÝDAN
Hadim;KÜPLÜCE;FÝDE-FÝDAN, DOÐRUDAN GELÝR
Hadim;ODUNCU;YOK
Hadim;SARNIÇ;BUZAÐI, KÜÇÜKBAÞ HAYVAN
Hadim;SELAHATTÝN;MAZOT-GÜBRE, FÝDE-FÝDAN
Hadim;UMURLAR;YOK
Hadim;YAÐCI;FÝDE-FÝDAN
Hadim;YALINÇEVRE;MAZOT-GÜBRE, FÝDE-FÝDAN
Hadim;YELMEZ;MAZOT-GÜBRE, FÝDE-FÝDAN
Hadim;YENÝKONAK;MAZOT-GÜBRE
Hadim;YUKARIEÞENLER;FÝDE-FÝDAN
Halkapýnar;ÝVRÝZ;YOK
Halkapýnar;BÜYÜKDOÐAN;MAZOT-GÜBRE, YEM BÝTKÝLERÝ, SÜT, DOÐRUDAN GELÝR , BUZAÐI
Halkapýnar;DEDELÝ;MAZOT-GÜBRE, SÜT, BUZAÐI
Halkapýnar;DELÝMAHMUTLU;MAZOT-GÜBRE, FÝDE-FÝDAN, SÜT, BUZAÐI, GENÇ ÇÝFTÇÝ, KÜÇÜKBAÞ HAYVAN
Halkapýnar;ESKÝHÝSAR;MAZOT-GÜBRE, SÜT, DOÐRUDAN GELÝR
Halkapýnar;KARAYUSUFLU;YOK
Halkapýnar;KAYASARAY;MAZOT-GÜBRE, BUZAÐI
Halkapýnar;KÖRLÜ;MAZOT-GÜBRE, SÜT, BUZAÐI
Halkapýnar;KÜSERE;MAZOT-GÜBRE, SÜT, BUZAÐI, GENÇ ÇÝFTÇÝ
Halkapýnar;OSMANKÖSELÝ;MAZOT-GÜBRE, HUBUBAT, SÜT
Halkapýnar;SEYDÝFAKILI;MAZOT-GÜBRE, SÜT, DOÐRUDAN GELÝR , BUZAÐI
Halkapýnar;YASSIKAYA;MAZOT-GÜBRE, SÜT, YEM
Halkapýnar;YAYIKLI;MAZOT-GÜBRE, SÜT, DOÐRUDAN GELÝR , BUZAÐI
Halkapýnar;YEÞÝLYURT;MAZOT-GÜBRE, SÜT
Halkapýnar;ÇAKILLAR;MAZOT-GÜBRE
Hüyük;BAÞLAMIÞ;MAZOT-GÜBRE, FÝDE-FÝDAN, DOÐRUDAN GELÝR
Hüyük;BUDAK;MAZOT-GÜBRE, FÝDE-FÝDAN, DOÐRUDAN GELÝR , BUZAÐI
Hüyük;BURUNSUZ;MAZOT-GÜBRE, FÝDE-FÝDAN, DOÐRUDAN GELÝR
Hüyük;ÇAMLICA;MAZOT-GÜBRE, FÝDE-FÝDAN, SÜT, DOÐRUDAN GELÝR , SERTÝFÝKALI TOHUM
Hüyük;ÇAVUÞ;MAZOT-GÜBRE, GÜBRE, FÝDE-FÝDAN, SERTÝFÝKALI TOHUM
Hüyük;ÇUKURKENT;MAZOT-GÜBRE, SÜT, BUZAÐI
Hüyük;DEÐÝRMENALTI;MAZOT-GÜBRE, SULAMA SÝSTEMLERÝ
Hüyük;GÖÇERÝ;MAZOT-GÜBRE, FÝDE-FÝDAN
Hüyük;GÖRÜNMEZ;MAZOT-GÜBRE, HUBUBAT, DOÐRUDAN GELÝR , SERTÝFÝKALI TOHUM
Hüyük;ÝLMEN;FÝDE-FÝDAN
Hüyük;ÝMRENLER;MAZOT-GÜBRE, FÝDE-FÝDAN, SÜT, DOÐRUDAN GELÝR
Hüyük;KIRELÝ;MAZOT-GÜBRE, FÝDE-FÝDAN, SÜT, DOÐRUDAN GELÝR
Hüyük;KÖÞK;MAZOT-GÜBRE, FÝDE-FÝDAN, SÜT, DOÐRUDAN GELÝR
Hüyük;MUTLU;MAZOT-GÜBRE, FÝDE-FÝDAN
Hüyük;PINARBAÞI;MAZOT-GÜBRE, FÝDE-FÝDAN, SÜT, YEM, DOÐRUDAN GELÝR
Hüyük;SELKÝ;MAZOT-GÜBRE, FÝDE-FÝDAN
Hüyük;SULUDERE;MAZOT-GÜBRE, FÝDE-FÝDAN, DOÐRUDAN GELÝR , BUZAÐI
Hüyük;TOLCA;MAZOT-GÜBRE, FÝDE-FÝDAN, DOÐRUDAN GELÝR
Hüyük;YENÝCE;MAZOT-GÜBRE, SULAMA SÝSTEMLERÝ, SÜT, DOÐRUDAN GELÝR
Ilgýn;ARGITHANI;YEM BÝTKÝLERÝ, SÜT, BUZAÐI, SERTÝFÝKALI TOHUM
Ilgýn;BEYKONAK;MAZOT-GÜBRE, DOÐRUDAN GELÝR
Ilgýn;ÇAVUÞÇUGÖL;FÝDE-FÝDAN
Ilgýn;AÐALAR;MAZOT-GÜBRE, DOÐRUDAN GELÝR , SERTÝFÝKALI TOHUM
Ilgýn;BALKI;MAZOT-GÜBRE, BUZAÐI
Ilgýn;BARAKMUSLU;MAZOT-GÜBRE, BUZAÐI
Ilgýn;BELEKLER;MAZOT-GÜBRE, SÜT, BUZAÐI, SERTÝFÝKALI TOHUM
Ilgýn;BOÐAZKENT;MAZOT-GÜBRE, DOÐRUDAN GELÝR
Ilgýn;BULCUK;MAZOT-GÜBRE, YEM BÝTKÝLERÝ, FÝDE-FÝDAN, DOÐRUDAN GELÝR
Ilgýn;BÜYÜKOBA;MAZOT-GÜBRE, BUZAÐI, KÜÇÜKBAÞ HAYVAN
Ilgýn;ÇÝÐÝL;MAZOT-GÜBRE, DOÐRUDAN GELÝR
Ilgýn;ÇATAK;MAZOT-GÜBRE, DOÐRUDAN GELÝR
Ilgýn;ÇOBANKAYA;MAZOT-GÜBRE, DOÐRUDAN GELÝR , BUZAÐI
Ilgýn;ÇÖMLEKCÝ;MAZOT-GÜBRE, SÜT
Ilgýn;DEREKÖY;MAZOT-GÜBRE
Ilgýn;DIÐRAK;MAZOT-GÜBRE, SÜT, DOÐRUDAN GELÝR
Ilgýn;DÜÐER;MAZOT-GÜBRE
Ilgýn;ELDEÞ;SÜT, YEM, DOÐRUDAN GELÝR
Ilgýn;GEÇÝT;MAZOT-GÜBRE, HUBUBAT, SÜT, BUZAÐI
Ilgýn;GEDÝKÖREN;MAZOT-GÜBRE, SÜT, DOÐRUDAN GELÝR
Ilgýn;GÖSTERE;MAZOT-GÜBRE, HUBUBAT, SÜT, DOÐRUDAN GELÝR
Ilgýn;GÖKÇEYURT;MAZOT-GÜBRE, DOÐRUDAN GELÝR , SERTÝFÝKALI TOHUM
Ilgýn;GÖLYAKA;MAZOT-GÜBRE, HUBUBAT, SÜT, DOÐRUDAN GELÝR
Ilgýn;GÖKBUDAK;MAZOT-GÜBRE, YEM BÝTKÝLERÝ, DOÐRUDAN GELÝR , BUZAÐI
Ilgýn;GÜNEYPINAR;MAZOT-GÜBRE, DOÐRUDAN GELÝR
Ilgýn;HARMANYAZI;MAZOT-GÜBRE, SÜT, DOÐRUDAN GELÝR , BUZAÐI, SERTÝFÝKALI TOHUM
Ilgýn;ÝHSANÝYE;MAZOT-GÜBRE
Ilgýn;KAPAKLI;MAZOT-GÜBRE, YEM BÝTKÝLERÝ, SÜT, BUZAÐI
Ilgýn;KARAKÖY;MAZOT-GÜBRE, SÜT, DOÐRUDAN GELÝR , BUZAÐI, SERTÝFÝKALI TOHUM
Ilgýn;KALEKÖY;MAZOT-GÜBRE
Ilgýn;MAHMUTHÝSAR;MAZOT-GÜBRE, FÝDE-FÝDAN, SÜT, DOÐRUDAN GELÝR , BUZAÐI
Ilgýn;MECÝDÝYE;MAZOT-GÜBRE, SÜT, YEM, DOÐRUDAN GELÝR
Ilgýn;MÝSAFÝRLÝ;MAZOT-GÜBRE, SÜT, DOÐRUDAN GELÝR
Ilgýn;OLUKPINAR;MAZOT-GÜBRE, SÜT, YEM, DOÐRUDAN GELÝR
Ilgýn;ORHANÝYE;MAZOT-GÜBRE
Ilgýn;ORMANÖZÜ;MAZOT-GÜBRE, SÜT, BUZAÐI
Ilgýn;SADIKKÖY;MAZOT-GÜBRE, DOÐRUDAN GELÝR , BUZAÐI
Ilgýn;SEBÝLLER;MAZOT-GÜBRE
Ilgýn;TEKELER;MAZOT-GÜBRE, BUZAÐI, SERTÝFÝKALI TOHUM, KÜÇÜKBAÞ HAYVAN
Ilgýn;YUKARIÇÝÐÝL;MAZOT-GÜBRE
Ilgýn;YORAZLAR;YEM BÝTKÝLERÝ, SERTÝFÝKALI TOHUM
Ilgýn;ZAFERÝYE;MAZOT-GÜBRE, FÝDE-FÝDAN, SÜT, DOÐRUDAN GELÝR
Ilgýn;AVDAN;MAZOT-GÜBRE, DOÐRUDAN GELÝR , SERTÝFÝKALI TOHUM
Kadýnhaný;OSMANCIK;MAZOT-GÜBRE, DOÐRUDAN GELÝR
Kadýnhaný;AFÞARLI;MAZOT-GÜBRE
Kadýnhaný;ALABAÐ;MAZOT-GÜBRE, YEM BÝTKÝLERÝ, YEM, BUZAÐI
Kadýnhaný;ATLANTI;MAZOT-GÜBRE
Kadýnhaný;BAKIRPINAR;MAZOT-GÜBRE, DOÐRUDAN GELÝR , BUZAÐI
Kadýnhaný;BAÞKUYU;MAZOT-GÜBRE
Kadýnhaný;BAYRAMLI;MAZOT-GÜBRE
Kadýnhaný;BEYKAVAÐI;MAZOT-GÜBRE, FÝDE-FÝDAN
Kadýnhaný;BULGURPINAR;MAZOT-GÜBRE
Kadýnhaný;ÇAVDAR;MAZOT-GÜBRE, DOÐRUDAN GELÝR , BUZAÐI, SERTÝFÝKALI TOHUM
Kadýnhaný;ÇEÞMECÝK;YOK
Kadýnhaný;ÇUBUK;MAZOT-GÜBRE, SÜT, BUZAÐI
Kadýnhaný;DEMÝROLUK;MAZOT-GÜBRE, FÝDE-FÝDAN
Kadýnhaný;HACIMEHMETLÝ;MAZOT-GÜBRE
Kadýnhaný;HACIOFLAZLAR;MAZOT-GÜBRE
Kadýnhaný;HACIPÝRLÝ;MAZOT-GÜBRE, SERTÝFÝKALI TOHUM
Kadýnhaný;KABACALI;MAZOT-GÜBRE
Kadýnhaný;KAMIÞLIÖZÜ;MAZOT-GÜBRE, SÜT
Kadýnhaný;KARAHÝSARLI;MAZOT-GÜBRE
Kadýnhaný;KARAKURTLU;MAZOT-GÜBRE
Kadýnhaný;KARASEVÝNÇ;FÝDE-FÝDAN, SÜT
Kadýnhaný;KARAYÜRÜKLÜ;MAZOT-GÜBRE
Kadýnhaný;KIZILKUYU;MAZOT-GÜBRE
Kadýnhaný;KOLUKISA;MAZOT-GÜBRE, HUBUBAT
Kadýnhaný;KONURÖREN;MAZOT-GÜBRE
Kadýnhaný;KÖKEZ;YOK
Kadýnhaný;KÖYLÜTOLU;MAZOT-GÜBRE, YEM BÝTKÝLERÝ, BUZAÐI
Kadýnhaný;KURTHASANLI;MAZOT-GÜBRE, DOÐRUDAN GELÝR
Kadýnhaný;KÜÇÜKKUYU;MAZOT-GÜBRE
Kadýnhaný;MAHMUDÝYE;MAZOT-GÜBRE, SÜT, DOÐRUDAN GELÝR , BUZAÐI
Kadýnhaný;MEYDANLI;MAZOT-GÜBRE
Kadýnhaný;ÖRNEK;MAZOT-GÜBRE, FÝDE-FÝDAN, BUZAÐI
Kadýnhaný;PÝRALÝ;MAZOT-GÜBRE, SÜT, DOÐRUDAN GELÝR , BUZAÐI
Kadýnhaný;PUSAT;MAZOT-GÜBRE, SÜT, YEM, DOÐRUDAN GELÝR
Kadýnhaný;SAÇIKARA;YEM, DOÐRUDAN GELÝR , SERTÝFÝKALI TOHUM
Kadýnhaný;SARIKAYA;MAZOT-GÜBRE
Kadýnhaný;SÖÐÜTÖZÜ;MAZOT-GÜBRE
Kadýnhaný;ÞAHÖREN;MAZOT-GÜBRE
Kadýnhaný;TOSUNOÐLU;YOK
Kadýnhaný;YAÐLICA;MAZOT-GÜBRE, YEM BÝTKÝLERÝ, SÜT, YEM, DOÐRUDAN GELÝR , SERTÝFÝKALI TOHUM
Kadýnhaný;YAYLAYAKA;MAZOT-GÜBRE, HUBUBAT, DOÐRUDAN GELÝR , SERTÝFÝKALI TOHUM
Karapýnar;HOTAMIÞ;MAZOT-GÜBRE, BUZAÐI
Karapýnar;KESMEZ;MAZOT-GÜBRE
Karapýnar;AKÇAYAZI;MAZOT-GÜBRE
Karapýnar;AKÖREN;MAZOT-GÜBRE, SULAMA SÝSTEMLERÝ, FÝDE-FÝDAN
Karapýnar;ÇÝÐÝL;MAZOT-GÜBRE
Karapýnar;HASANOBA;MAZOT-GÜBRE, SULAMA SÝSTEMLERÝ, BUZAÐI
Karapýnar;ÝSLÝK;MAZOT-GÜBRE
Karapýnar;KARAKIÞLA;MAZOT-GÜBRE, SÜT, DOÐRUDAN GELÝR
Karapýnar;KAYACIK;MAZOT-GÜBRE, GENÇ ÇÝFTÇÝ, KÜÇÜKBAÞ HAYVAN
Karapýnar;KAYALI;MAZOT-GÜBRE, SÜT, YEM
Karapýnar;KAZANHÜYÜÐÜ;MAZOT-GÜBRE, YEM BÝTKÝLERÝ, HUBUBAT, DOÐRUDAN GELÝR
Karapýnar;KÜÇÜKAÞLAMA;MAZOT-GÜBRE, DOÐRUDAN GELÝR
Karapýnar;ORTAOBA;MAZOT-GÜBRE
Karapýnar;OYMALI;MAZOT-GÜBRE
Karapýnar;SAZLIPINAR;MAZOT-GÜBRE
Karapýnar;YAÐMAPINAR;MAZOT-GÜBRE
Karapýnar;YENÝKUYU;MAZOT-GÜBRE
Karapýnar;YEÞÝLYURT;MAZOT-GÜBRE, DOÐRUDAN GELÝR , SERTÝFÝKALI TOHUM
Karatay;YARMA;MAZOT-GÜBRE
Karatay;ACIDORT;MAZOT-GÜBRE, YEM BÝTKÝLERÝ
Karatay;AÐSAKLI;MAZOT-GÜBRE, HUBUBAT, SERTÝFÝKALI TOHUM
Karatay;AKBAÞ;MAZOT-GÜBRE
Karatay;AKÖRENKIÞLA;MAZOT-GÜBRE, HUBUBAT, SERTÝFÝKALI TOHUM
Karatay;BAKIRTOLU;MAZOT-GÜBRE, YEM BÝTKÝLERÝ, HUBUBAT
Karatay;BAÞGÖTÜREN;MAZOT-GÜBRE
Karatay;BEÞAÐIL;MAZOT-GÜBRE, YEM BÝTKÝLERÝ, HUBUBAT, DOÐRUDAN GELÝR , SERTÝFÝKALI TOHUM
Karatay;BÜYÜKBURNAK;MAZOT-GÜBRE, DOÐRUDAN GELÝR
Karatay;ÇENGÝLTÝ;MAZOT-GÜBRE
Karatay;DÝVANLAR;MAZOT-GÜBRE
Karatay;ESENTEPE;MAZOT-GÜBRE, YEM BÝTKÝLERÝ, SÜT, DOÐRUDAN GELÝR , BUZAÐI
Karatay;GÖÇÜ;YOK
Karatay;HAYIROÐLU MERKEZ;MAZOT-GÜBRE
Karatay;ÝPEKLER;MAZOT-GÜBRE, DOÐRUDAN GELÝR
Karatay;ÝSMÝL;MAZOT-GÜBRE, YEM BÝTKÝLERÝ, HUBUBAT, SERTÝFÝKALI TOHUM
Karatay;KARADONA;MAZOT-GÜBRE
Karatay;KARAKAYA;MAZOT-GÜBRE, YEM BÝTKÝLERÝ
Karatay;KATRANCI;MAZOT-GÜBRE, YEM BÝTKÝLERÝ
Karatay;KIZÖREN;MAZOT-GÜBRE, DOÐRUDAN GELÝR
Karatay;KÖSEALÝ;MAZOT-GÜBRE, SERTÝFÝKALI TOHUM
Karatay;OBRUK;MAZOT-GÜBRE, DOÐRUDAN GELÝR
Karatay;OVAKAVAÐI;MAZOT-GÜBRE, DOÐRUDAN GELÝR
Karatay;SAKYATAN;MAZOT-GÜBRE
Karatay;SÜRÜÇ;MAZOT-GÜBRE
Karatay;ÞATIR;MAZOT-GÜBRE
Karatay;YAÐLIBAYAT;MAZOT-GÜBRE, BUZAÐI, KÜÇÜKBAÞ HAYVAN
Karatay;YAVÞANKUYU;MAZOT-GÜBRE
Karatay;YENÝCE;YOK
Karatay;YENÝKENT;MAZOT-GÜBRE, HUBUBAT
Karatay;ZÝNCÝRLÝ;MAZOT-GÜBRE
Kulu;ACIKUYU;MAZOT-GÜBRE, HUBUBAT, SÜT, DOÐRUDAN GELÝR , BUZAÐI
Kulu;AÐILBAÞI;MAZOT-GÜBRE, YEM, BUZAÐI
Kulu;ALTILAR;MAZOT-GÜBRE
Kulu;ARÞINCA;MAZOT-GÜBRE
Kulu;BEÞKARDEÞ;MAZOT-GÜBRE
Kulu;BOÐAZÖREN;MAZOT-GÜBRE, HUBUBAT, FÝDE-FÝDAN, BUZAÐI
Kulu;BOZAN;MAZOT-GÜBRE, YEM, BUZAÐI, ÝYÝ TARIM UYGULAMALARI
Kulu;BURUNAÐIL;MAZOT-GÜBRE
Kulu;CANIMANA;MAZOT-GÜBRE
Kulu;CELEP;MAZOT-GÜBRE
Kulu;DÝPDEDE;MAZOT-GÜBRE
Kulu;DOÐUTEPE;MAZOT-GÜBRE
Kulu;FEVZÝYE;MAZOT-GÜBRE
Kulu;GÖKLER;MAZOT-GÜBRE
Kulu;GÜZELYAYLA;YOK
Kulu;HÝSAR;MAZOT-GÜBRE, SÜT, SERTÝFÝKALI TOHUM
Kulu;KARACADAÐ;YOK
Kulu;KARACADERE;MAZOT-GÜBRE, FÝDE-FÝDAN, SÜT, DOÐRUDAN GELÝR
Kulu;KIRKKUYU;MAZOT-GÜBRE, DOÐRUDAN GELÝR , BUZAÐI, ÝYÝ TARIM UYGULAMALARI
Kulu;KIRKPINAR;MAZOT-GÜBRE, DOÐRUDAN GELÝR
Kulu;KOZANLI;MAZOT-GÜBRE, SÜT, DOÐRUDAN GELÝR , BUZAÐI, SERTÝFÝKALI TOHUM
Kulu;KÖMÜÞÝNÝ;MAZOT-GÜBRE, YEM BÝTKÝLERÝ, BUZAÐI
Kulu;KÖÞKER;MAZOT-GÜBRE
Kulu;SARIYAYLA;MAZOT-GÜBRE, SÜT, YEM, DOÐRUDAN GELÝR , SERTÝFÝKALI TOHUM
Kulu;SEYÝTAHMETLÝ;MAZOT-GÜBRE, SÜT, YEM
Kulu;SOÐUKKUYU;MAZOT-GÜBRE, YEM BÝTKÝLERÝ, SÜT, YEM
Kulu;ÞEREFLÝ;MAZOT-GÜBRE, FÝDE-FÝDAN, SÜT, KÜÇÜKBAÞ HAYVAN
Kulu;TAVLIÖREN;MAZOT-GÜBRE
Kulu;ÖMERANLI;MAZOT-GÜBRE, SERTÝFÝKALI TOHUM
Kulu;TUZYAKA;MAZOT-GÜBRE, DOÐRUDAN GELÝR , BUZAÐI, SERTÝFÝKALI TOHUM
Kulu;YARAÞLI;MAZOT-GÜBRE
Kulu;YAZIÇAYIR;MAZOT-GÜBRE, HUBUBAT
Kulu;YEÞÝLTEPE;MAZOT-GÜBRE, YEM BÝTKÝLERÝ, SÜT
Kulu;YEÞÝLYURT;MAZOT-GÜBRE, SÜT, DOÐRUDAN GELÝR
Kulu;ZÝNCÝRLÝKUYU;MAZOT-GÜBRE, SÜT
Kulu;BAHADIRLI;MAZOT-GÜBRE, KÜÇÜKBAÞ HAYVAN
Kulu;DEÐÝRMENÖZÜ;MAZOT-GÜBRE
Meram;ERENKAYA;MAZOT-GÜBRE
Meram;YATAÐAN;FÝDE-FÝDAN
Meram;GÖKYURT;MAZOT-GÜBRE, YEM BÝTKÝLERÝ, SÜT
Meram;BAYAT;MAZOT-GÜBRE, DOÐRUDAN GELÝR
Meram;BORUKTOLU;MAZOT-GÜBRE, FÝDE-FÝDAN
Meram;BOTSA;MAZOT-GÜBRE, FÝDE-FÝDAN
Meram;ÇAYIRBAÐI;FÝDE-FÝDAN
Meram;ÇOMAKLAR;FÝDE-FÝDAN
Meram;ÇUKURÇÝMEN;MAZOT-GÜBRE
Meram;EVLÝYATEKKE;FÝDE-FÝDAN
Meram;HATUNSARAY;MAZOT-GÜBRE, YEM BÝTKÝLERÝ, HUBUBAT
Meram;ÝKÝPINAR;MAZOT-GÜBRE, DOÐRUDAN GELÝR
Meram;ÝLYASBABA;SÜT, DOÐRUDAN GELÝR , BUZAÐI
Meram;ÝNLÝCE;MAZOT-GÜBRE
Meram;KARAAÐAÇ;MAZOT-GÜBRE, FÝDE-FÝDAN, SÜT, DOÐRUDAN GELÝR
Meram;KAVAK;MAZOT-GÜBRE
Meram;KAYADÝBÝ;MAZOT-GÜBRE, FÝDE-FÝDAN
Meram;KAYALI;MAZOT-GÜBRE
Meram;KAYHÜYÜK;MAZOT-GÜBRE, SÜT, BUZAÐI
Meram;KIZILÖREN;MAZOT-GÜBRE, FÝDE-FÝDAN
Meram;KUMRALI;MAZOT-GÜBRE
Meram;SADIKLAR;FÝDE-FÝDAN
Meram;SAÐLIK;MAZOT-GÜBRE
Meram;SARIKIZ;MAZOT-GÜBRE, DOÐRUDAN GELÝR
Meram;SEFAKÖY;FÝDE-FÝDAN
Meram;YEÞÝLDERE;MAZOT-GÜBRE, SÜT, BUZAÐI
Meram;YEÞÝLTEKKE;MAZOT-GÜBRE
Meram;KAÞINHANI;MAZOT-GÜBRE
Sarayönü;LADÝK;MAZOT-GÜBRE, HUBUBAT, DOÐRUDAN GELÝR
Sarayönü;BAHÇESARAY;MAZOT-GÜBRE
Sarayönü;BAÞHÜYÜK;MAZOT-GÜBRE
Sarayönü;BOYALI;MAZOT-GÜBRE
Sarayönü;BÜYÜKZENGÝ;MAZOT-GÜBRE, FÝDE-FÝDAN
Sarayönü;ÇEÞMELÝSEBÝL;MAZOT-GÜBRE, HUBUBAT, DOÐRUDAN GELÝR , BUZAÐI
Sarayönü;DEÐÝRMENLÝ;MAZOT-GÜBRE, DOÐRUDAN GELÝR
Sarayönü;ERTUÐRUL;YOK
Sarayönü;GÖZLÜ;MAZOT-GÜBRE, YEM BÝTKÝLERÝ, HUBUBAT, BUZAÐI
Sarayönü;KADIOÐLU;YOK
Sarayönü;KARABIYIK;MAZOT-GÜBRE, SÜT, DOÐRUDAN GELÝR , BUZAÐI
Sarayönü;KARATEPE;MAZOT-GÜBRE, BUZAÐI
Sarayönü;KAYIÖREN;MAZOT-GÜBRE, HUBUBAT, BUZAÐI, SERTÝFÝKALI TOHUM
Sarayönü;KONAR;MAZOT-GÜBRE, HUBUBAT, SERTÝFÝKALI TOHUM
Sarayönü;KURÞUNLU;MAZOT-GÜBRE, SÜT, BUZAÐI
Sarayönü;KUYULUSEBÝL;MAZOT-GÜBRE, BUZAÐI
Sarayönü;ÖZKENT;MAZOT-GÜBRE, HUBUBAT
Sarayönü;YENÝCEKAYA;MAZOT-GÜBRE, SÜT
Selçuklu;BAÞARAKAVAK;HUBUBAT, FÝDE-FÝDAN, DOÐRUDAN GELÝR , BUZAÐI
Selçuklu;hasan;
Selçuklu;SARAYKÖY;MAZOT-GÜBRE, FÝDE-FÝDAN
Selçuklu;SULUTAS;FÝDE-FÝDAN, BUZAÐI
Selçuklu;TATKÖY;MAZOT-GÜBRE
Selçuklu;AKPINAR;MAZOT-GÜBRE, HUBUBAT, DOÐRUDAN GELÝR
Selçuklu;BAÐRIKURT;MAZOT-GÜBRE
Selçuklu;BÝÇER;MAZOT-GÜBRE, BUZAÐI
Selçuklu;ÇALDERE;MAZOT-GÜBRE
Selçuklu;ÇALTI;MAZOT-GÜBRE, DOÐRUDAN GELÝR , BUZAÐI
Selçuklu;ÇANDIR;YOK
Selçuklu;DAÐDERE;YOK
Selçuklu;EÐRÝBAYAT;YOK
Selçuklu;GÜVENÇ;MAZOT-GÜBRE, BUZAÐI
Selçuklu;KALE;MAZOT-GÜBRE, BUZAÐI
Selçuklu;KARAÖMERLER;MAZOT-GÜBRE, HUBUBAT
Selçuklu;KERVAN;YOK
Selçuklu;KINIK;MAZOT-GÜBRE, HUBUBAT, BUZAÐI
Selçuklu;KIZILCAKUYU;YOK
Selçuklu;MEYDAN;MAZOT-GÜBRE, DOÐRUDAN GELÝR , BUZAÐI
Selçuklu;SELAHATTÝN;MAZOT-GÜBRE, FÝDE-FÝDAN, SÜT, BUZAÐI
Selçuklu;SIZMA;MAZOT-GÜBRE, HUBUBAT, SERTÝFÝKALI TOHUM
Selçuklu;TEPEKENT;MAZOT-GÜBRE, FÝDE-FÝDAN, BUZAÐI
Selçuklu;ULUMUHSÝNE;MAZOT-GÜBRE, DOÐRUDAN GELÝR , BUZAÐI
Selçuklu;YAZIBELEN;MAZOT-GÜBRE, BUZAÐI
Selçuklu;SÝLLE;FÝDE-FÝDAN
Selçuklu;ARDIÇLI;YOK
Selçuklu;AÞAÐIPINARBAÞI;MAZOT-GÜBRE, DOÐRUDAN GELÝR
Selçuklu;YUKARIPINARBAÞI;HUBUBAT
Selçuklu;KÜÇÜKMUHSÝNE;DOÐRUDAN GELÝR
Selçuklu;SARICALAR;HUBUBAT, DOÐRUDAN GELÝR , SERTÝFÝKALI TOHUM
Selçuklu;TÖMEK;MAZOT-GÜBRE, YEM BÝTKÝLERÝ
Selçuklu;YÜKSELEN;MAZOT-GÜBRE, KÜÇÜKBAÞ HAYVAN
Selçuklu;Mehmet Fatih;
Seydiþehir;KESECÝK;MAZOT-GÜBRE, GÜBRE, SÜT, DOÐRUDAN GELÝR
Seydiþehir;AKÇALAR;MAZOT-GÜBRE, SULAMA SÝSTEMLERÝ, SÜT, YEM, DOÐRUDAN GELÝR , BUZAÐI
Seydiþehir;AÞAÐIKARAÖREN;MAZOT-GÜBRE, SÜT, YEM, DOÐRUDAN GELÝR
Seydiþehir;BAÞKARAÖREN;MAZOT-GÜBRE, SÜT, DOÐRUDAN GELÝR , BUZAÐI
Seydiþehir;BOSTANDERE;MAZOT-GÜBRE, SÜT, YEM
Seydiþehir;BOYALI;MAZOT-GÜBRE, GÜBRE, FÝDE-FÝDAN, SÜT, DOÐRUDAN GELÝR
Seydiþehir;BÜKÇE;YOK
Seydiþehir;ÇAT;MAZOT-GÜBRE, DOÐRUDAN GELÝR , GENÇ ÇÝFTÇÝ
Seydiþehir;ÇATMAKAYA;MAZOT-GÜBRE, FÝDE-FÝDAN, DOÐRUDAN GELÝR
Seydiþehir;ÇAVUÞ;MAZOT-GÜBRE, SÜT, YEM, SERTÝFÝKALI TOHUM
Seydiþehir;DÝKÝLÝTAÞ;MAZOT-GÜBRE, FÝDE-FÝDAN
Seydiþehir;GEVREKLÝ;MAZOT-GÜBRE
Seydiþehir;GÖKÇEHÜYÜK;MAZOT-GÜBRE, YEM BÝTKÝLERÝ, FÝDE-FÝDAN
Seydiþehir;GÖKHÜYÜK;MAZOT-GÜBRE
Seydiþehir;GÖLYÜZÜ;MAZOT-GÜBRE
Seydiþehir;IRMAKLI;MAZOT-GÜBRE, FÝDE-FÝDAN, SÜT, BUZAÐI
Seydiþehir;ÝNCESU;MAZOT-GÜBRE, YEM BÝTKÝLERÝ, FÝDE-FÝDAN, DOÐRUDAN GELÝR
Seydiþehir;KARABULAK;MAZOT-GÜBRE
Seydiþehir;KARACAÖREN;DOÐRUDAN GELÝR , BUZAÐI
Seydiþehir;KAVAK;MAZOT-GÜBRE, FÝDE-FÝDAN, DOÐRUDAN GELÝR
Seydiþehir;KETENLÝ;FÝDE-FÝDAN, YEM
Seydiþehir;KIZILCA;MAZOT-GÜBRE, FÝDE-FÝDAN, DOÐRUDAN GELÝR , BUZAÐI
Seydiþehir;KOZLU;MAZOT-GÜBRE, DOÐRUDAN GELÝR
Seydiþehir;KUMLUCA;SÜT, YEM, DOÐRUDAN GELÝR
Seydiþehir;KURAN;MAZOT-GÜBRE, FÝDE-FÝDAN, SÜT
Seydiþehir;MADENLÝ;DOÐRUDAN GELÝR
Seydiþehir;MESUDÝYE;MAZOT-GÜBRE, FÝDE-FÝDAN
Seydiþehir;MURADÝYE;YEM BÝTKÝLERÝ, SÜT, DOÐRUDAN GELÝR , BUZAÐI
Seydiþehir;OÐLAKÇI;MAZOT-GÜBRE, YEM BÝTKÝLERÝ, SÜT, DOÐRUDAN GELÝR , BUZAÐI
Seydiþehir;ORTAKARAÖREN;MAZOT-GÜBRE
Seydiþehir;SARAYCIK;MAZOT-GÜBRE, SÜT, SERTÝFÝKALI TOHUM
Seydiþehir;SUSUZ;MAZOT-GÜBRE, YEM BÝTKÝLERÝ, SERTÝFÝKALI TOHUM
Seydiþehir;TARAÞÇI;MAZOT-GÜBRE, YEM BÝTKÝLERÝ, SÜT, DOÐRUDAN GELÝR
Seydiþehir;TAÞAÐIL;MAZOT-GÜBRE, YEM BÝTKÝLERÝ, SÜT, DOÐRUDAN GELÝR , SERTÝFÝKALI TOHUM
Seydiþehir;TEPECÝK;YEM BÝTKÝLERÝ, DOÐRUDAN GELÝR , BUZAÐI
Seydiþehir;TOL;MAZOT-GÜBRE, FÝDE-FÝDAN, SÜT, BUZAÐI, SERTÝFÝKALI TOHUM
Seydiþehir;UFACIK;MAZOT-GÜBRE, YEM BÝTKÝLERÝ, SÜT, DOÐRUDAN GELÝR
Seydiþehir;YAYLACIK;MAZOT-GÜBRE, GÜBRE, YEM BÝTKÝLERÝ
Seydiþehir;YENÝCE;MAZOT-GÜBRE, FÝDE-FÝDAN, SÜT, YEM
Taþkent;AFÞAR;FÝDE-FÝDAN
Taþkent;BALCILAR;FÝDE-FÝDAN
Taþkent;BOLAY;DOÐRUDAN GELÝR , BUZAÐI, KÜÇÜKBAÞ HAYVAN
Taþkent;ÇETMÝ;FÝDE-FÝDAN
Taþkent;KECÝMEN;YOK
Taþkent;KONGUL;YOK
Taþkent;SAZAK;FÝDE-FÝDAN
Taþkent;ILICAPINAR;FÝDE-FÝDAN
Tuzlukçu;KONARI;MAZOT-GÜBRE, DOÐRUDAN GELÝR
Tuzlukçu;MEVLÜTLÜ;MAZOT-GÜBRE, DOÐRUDAN GELÝR
Tuzlukçu;KORAÞI;MAZOT-GÜBRE, DOÐRUDAN GELÝR
Tuzlukçu;ÇÖÐÜRLÜ;MAZOT-GÜBRE, HUBUBAT, DOÐRUDAN GELÝR
Tuzlukçu;TURSUNLU;MAZOT-GÜBRE
Tuzlukçu;KUNDULLU;MAZOT-GÜBRE
Tuzlukçu;PAZARKAYA;MAZOT-GÜBRE, DOÐRUDAN GELÝR
Tuzlukçu;SUBATAN;MAZOT-GÜBRE
Tuzlukçu;GÜRSU;YOK
Tuzlukçu;ERDOÐDU;MAZOT-GÜBRE
Tuzlukçu;KÖKLÜCE;MAZOT-GÜBRE
Yalýhüyük;SARAY;MAZOT-GÜBRE, DOÐRUDAN GELÝR
Yalýhüyük;ARASÖÐÜT;YOK
Yunak;KUZÖREN;MAZOT-GÜBRE, DOÐRUDAN GELÝR
Yunak;KOÇYAZI;MAZOT-GÜBRE, DOÐRUDAN GELÝR , KÜÇÜKBAÞ HAYVAN
Yunak;TURGUT;MAZOT-GÜBRE, YEM BÝTKÝLERÝ, HUBUBAT, SÜT, DOÐRUDAN GELÝR
Yunak;PÝRÝBEYLÝ;MAZOT-GÜBRE
Yunak;SÜLÜKLÜ;MAZOT-GÜBRE
Yunak;ALTINÖZ;MAZOT-GÜBRE, DOÐRUDAN GELÝR
Yunak;AYRITEPE;MAZOT-GÜBRE, SÜT, YEM, DOÐRUDAN GELÝR
Yunak;BEÞIÞIKLI;MAZOT-GÜBRE, YEM BÝTKÝLERÝ, SÜT
Yunak;CEBRAÝL;MAZOT-GÜBRE, HUBUBAT, SÜT, YEM, DOÐRUDAN GELÝR
Yunak;ÇAYIRBAÞI;MAZOT-GÜBRE, SÜT, DOÐRUDAN GELÝR
Yunak;EÐRÝKUYU;MAZOT-GÜBRE
Yunak;HACIÖMEROÐLU;MAZOT-GÜBRE, SERTÝFÝKALI TOHUM
Yunak;HATIRLI;MAZOT-GÜBRE, SERTÝFÝKALI TOHUM
Yunak;HACIFAKILI;MAZOT-GÜBRE, DOÐRUDAN GELÝR
Yunak;HARUNLAR;MAZOT-GÜBRE, YEM, DOÐRUDAN GELÝR , BUZAÐI
Yunak;HURSUNLU;MAZOT-GÜBRE, SÜT, DOÐRUDAN GELÝR , SERTÝFÝKALI TOHUM
Yunak;ÝMAMOÐLU;MAZOT-GÜBRE
Yunak;KARGALI;MAZOT-GÜBRE, SÜT, DOÐRUDAN GELÝR , BUZAÐI, SERTÝFÝKALI TOHUM
Yunak;KARAYAYLA;MAZOT-GÜBRE, HUBUBAT, SÜT, DOÐRUDAN GELÝR
Yunak;KILLAR;MAZOT-GÜBRE, YEM BÝTKÝLERÝ, SÜT, DOÐRUDAN GELÝR , BUZAÐI, KÜÇÜKBAÞ HAYVAN
Yunak;KURTUÞAÐI;MAZOT-GÜBRE, DOÐRUDAN GELÝR , SERTÝFÝKALI TOHUM, KÜÇÜKBAÞ HAYVAN
Yunak;KUYUBAÞI;MAZOT-GÜBRE, DOÐRUDAN GELÝR
Yunak;MEÞELÝK;MAZOT-GÜBRE, YEM BÝTKÝLERÝ, DOÐRUDAN GELÝR , SERTÝFÝKALI TOHUM
Yunak;ODABAÞI;MAZOT-GÜBRE, YEM BÝTKÝLERÝ, SÜT, DOÐRUDAN GELÝR , BUZAÐI
Yunak;ORTAKIÞLA;MAZOT-GÜBRE, SÜT, DOÐRUDAN GELÝR
Yunak;ÖZYAYLA;MAZOT-GÜBRE, DOÐRUDAN GELÝR , SERTÝFÝKALI TOHUM
Yunak;SERTLER;DOÐRUDAN GELÝR , SERTÝFÝKALI TOHUM
Yunak;SEVÝNÇ;MAZOT-GÜBRE, HUBUBAT, SERTÝFÝKALI TOHUM
Yunak;SIRAM;MAZOT-GÜBRE, DOÐRUDAN GELÝR , SERTÝFÝKALI TOHUM
Yunak;SÝNANLI;MAZOT-GÜBRE, SÜT, DOÐRUDAN GELÝR , BUZAÐI, SERTÝFÝKALI TOHUM
Yunak;YAVAÞLI;MAZOT-GÜBRE
Yunak;YEÞÝLOBA;MAZOT-GÜBRE
Yunak;YEÞÝLYAYLA;MAZOT-GÜBRE, SÜT, SERTÝFÝKALI TOHUM
Yunak;YIÐAR;MAZOT-GÜBRE, DOÐRUDAN GELÝR
Yunak;SARAY;MAZOT-GÜBRE, DOÐRUDAN GELÝR
;;
