ÝLÇE ADI;MAHALLE ADI;TIBBÝ VE AROMATÝK BÝTKÝ YETÝÞTÝRÝCÝLÝÐÝ
Ahýrlý;ALÝÇERÇÝ;YOK
Ahýrlý;BADEMLÝ;YOK
Ahýrlý;BALIKLAVA;ÇÖREKOTU, NANE, DAÐ ÇAYI
Ahýrlý;BÜYÜKÖZ;YOK
Ahýrlý;ÇÝFTLÝK;YOK
Ahýrlý;ERDOÐAN;LAVANTA
Ahýrlý;KARACAKUYU;YOK
Ahýrlý;KAYACIK;LAVANTA, NANE, DAÐ ÇAYI
Ahýrlý;KURUÇAY;ADA ÇAYI
Ahýrlý;KÜÇÜKÖZ;YOK
Akören;AVDAN;KEKÝK
Akören;KAYASU;NANE, EKÝNEZYA, KEKÝK, ADA ÇAYI
Akören;AHMEDÝYE;YOK
Akören;ALAN;YOK
Akören;BELKUYU;ÇÖREKOTU
Akören;ÇATÖREN;NANE, KEKÝK, ADA ÇAYI
Akören;DUTLU;NANE, DAÐ ÇAYI, KEKÝK
Akören;ORHANÝYE;ÇÖREKOTU
Akören;SÜLEYMANÝYE;YOK
Akören;TÜLCE;YOK
Akören;KARAHÜYÜK;YOK
Akþehir;ÇAKILLAR;KEKÝK, ADA ÇAYI
Akþehir;GEDÝL;NANE, KEKÝK, KÝMYON
Akþehir;KARAHÜYÜK;HAÞHAÞ
Akþehir;ADSIZ;YOK
Akþehir;ALANYURT;YOK
Akþehir;ALTUNTAÞ;ÇÖREKOTU, KEKÝK
Akþehir;ATAKENT;HAÞHAÞ
Akþehir;BOZLAÐAN;YOK
Akþehir;CANKURTARAN;YOK
Akþehir;ÇAMLI;ÇÖREKOTU, NANE, KEKÝK
Akþehir;ÇÝMENDERE;ÇÖREKOTU
Akþehir;DEÐÝRMENKÖY;YOK
Akþehir;DOÐRUGÖZ;YOK
Akþehir;ENGÝLÝ;KATRAN, ÇÖREKOTU
Akþehir;GÖLÇAYIR;YOK
Akþehir;GÖZPINARI;ÇÖREKOTU
Akþehir;ILICAK;YOK
Akþehir;KARABULUT;ÇÖREKOTU
Akþehir;ORTACA;YOK
Akþehir;ORTAKÖY;YOK
Akþehir;REÝS;YOK
Akþehir;SAVAÞ;DAÐ ÇAYI
Akþehir;SORKUN;YOK
Akþehir;SÖÐÜTLÜ;YOK
Akþehir;TEKKE;DAÐ ÇAYI, KEKÝK
Akþehir;TÝPÝKÖY;ANASON, HAÞHAÞ
Akþehir;ULUPINAR;ÇÖREKOTU
Akþehir;ÜÇHÜYÜK;YOK
Akþehir;YAÞARLAR;YOK
Akþehir;YAYLABELEN;KEKÝK
Akþehir;YAZLA;HAÞHAÞ, ÇÖREKOTU
Akþehir;YENÝKÖY;YOK
Akþehir;YEÞÝLKÖY;YOK
Akþehir;SARAY;YOK
Altýnekin;OÐUZELÝ;YOK
Altýnekin;AKCAÞAR;YOK
Altýnekin;AYIÞIÐI;YOK
Altýnekin;AKKÖY;YOK
Altýnekin;BORUKKUYU;YOK
Altýnekin;HACINUMAN;ASPÝR, LAVANTA, ANASON
Altýnekin;KARAKAYA;IHLAMUR, ÇÖREKOTU, KEKÝK
Altýnekin;KOÇAÞ;DAÐ ÇAYI, KEKÝK, KÝMYON, ALIÇ
Altýnekin;KOÇYAKA;YOK
Altýnekin;MANTAR;YOK
Altýnekin;YENÝÖLMEZ;YOK
Altýnekin;SARNIÇ;YOK
Altýnekin;TOPRAKLIK;YOK
Altýnekin;YENÝKUYU;YOK
Altýnekin;YENÝYAYLA;YOK
Altýnekin;DEDELER;ÇÖREKOTU
Altýnekin;AKINCILAR;YOK
Beyþehir;ADAKÖY;YOK
Beyþehir;AÐILÖNÜ;YOK
Beyþehir;AKBURUN;YOK
Beyþehir;AKÇABELEN;YOK
Beyþehir;AVDANCIK;YOK
Beyþehir;BADEMLÝ;YOK
Beyþehir;BAYAT;YOK
Beyþehir;BAYAVÞAR;YOK
Beyþehir;BAYINDIR;YOK
Beyþehir;BAÞGÖZE;YOK
Beyþehir;BEKDEMÝR;YOK
Beyþehir;DAMLAPINAR;LAVANTA, KIZILCIK, KEKÝK, KUÞBURNU
Beyþehir;DOÐANBEY;YOK
Beyþehir;DOÐANCIK;YOK
Beyþehir;DUMANLI;IHLAMUR, KEKÝK, ADA ÇAYI
Beyþehir;EMEN;ASPÝR
Beyþehir;ESENCE;YOK
Beyþehir;EYLÝKLER;YOK
Beyþehir;EÐÝRLER;YOK
Beyþehir;FASILLAR;YOK
Beyþehir;GÖKÇEKUYU;KEKÝK, ADA ÇAYI
Beyþehir;GÖKÇÝMEN;ASPÝR, SUSAM
Beyþehir;GÖLKAÞI;YOK
Beyþehir;GÖLYAKA;YOK
Beyþehir;GÖNEN;KEKÝK
Beyþehir;GÖÇÜ;YOK
Beyþehir;GÜNDOÐDU;YOK
Beyþehir;HUÐLU;KEKÝK
Beyþehir;HÜSEYÝNLER;YOK
Beyþehir;ÝSAKÖY;IHLAMUR, KEKÝK, ADA ÇAYI
Beyþehir;KARAALÝ;YOK
Beyþehir;KARABAYAT;YOK
Beyþehir;KARADÝKEN;OÐUL OTU, KEKÝK, ADA ÇAYI
Beyþehir;KARAHÝSAR;YOK
Beyþehir;KAYABAÞI;YOK
Beyþehir;KURUCUOVA;YOK
Beyþehir;KUÞLUCA;YOK
Beyþehir;KÜÇÜKAVÞAR;YOK
Beyþehir;MESUTLAR;YOK
Beyþehir;SADIKHACI;HAÞHAÞ
Beyþehir;SARIKÖY;YOK
Beyþehir;SEVÝNDÝK;YOK
Beyþehir;ÞAMLAR;YOK
Beyþehir;ÜÇPINAR;IHLAMUR, KEKÝK, ADA ÇAYI
Beyþehir;ÜSTÜNLER;YOK
Beyþehir;ÜZÜMLÜ;YOK
Beyþehir;YAZYURDU;YOK
Beyþehir;YENÝDOÐAN;YOK
Beyþehir;YEÞÝLDAÐ;IHLAMUR, KEKÝK, ADA ÇAYI
Beyþehir;YUKARIESENCE;YOK
Beyþehir;YUNUSLAR;YOK
Beyþehir;ÇÝFTLÝK;YOK
Beyþehir;ÇÝVRÝL;YOK
Beyþehir;ÇUKURAÐIL;YOK
Bozkýr;ÇAÐLAYAN;DAÐ ÇAYI, KEKÝK
Bozkýr;HAMZALAR;YOK
Bozkýr;AKÇAPINAR;ADA ÇAYI
Bozkýr;ARMUTLU;YOK
Bozkýr;ARSLANTAÞ;YOK
Bozkýr;AYDINKIÞLA;YOK
Bozkýr;AYVALCA;YOK
Bozkýr;BAÐYURDU;YOK
Bozkýr;BAYBAÐAN;KEKÝK
Bozkýr;BOZDAM;YOK
Bozkýr;DEREÝÇÝ;KÝÞNÝÞ
Bozkýr;DEREKÖY;YOK
Bozkýr;ELMAAÐAÇ;YOK
Bozkýr;HACILAR;ÇÖREKOTU
Bozkýr;HACIYUNUSLAR;ÇÖREKOTU
Bozkýr;HARMANPINAR;YOK
Bozkýr;HÝSARLIK;YOK
Bozkýr;IÞIKLAR;YOK
Bozkýr;KARABAYIR;ÇÖREKOTU, DAÐ ÇAYI
Bozkýr;KARACAARDIÇ;YOK
Bozkýr;KARACAHÝSAR;YOK
Bozkýr;KARAYAHYA;YOK
Bozkýr;KAYACILAR;YOK
Bozkýr;KAYAPINAR;YOK
Bozkýr;KINIK;YOK
Bozkýr;KIZILÇAKIR;YOK
Bozkýr;KÝLDERE;LAVANTA, DAÐ ÇAYI, KEKÝK
Bozkýr;KOVANLIK;YOK
Bozkýr;KOZAÐAÇ;YOK
Bozkýr;KUÞÇA;YOK
Bozkýr;KÜÇÜKHÝSARLIK;NANE, ADA ÇAYI
Bozkýr;PINARCIK;YOK
Bozkýr;SARIOÐLAN;YOK
Bozkýr;SAZLI;DAÐ ÇAYI, KEKÝK
Bozkýr;SOÐUCAK;YOK
Bozkýr;SORKUN;YOK
Bozkýr;SÖÐÜT;YOK
Bozkýr;TARLABAÞI;YOK
Bozkýr;TAÞBAÞI;YOK
Bozkýr;TEPEARASI;YOK
Bozkýr;TEPELÝCE;NANE, DAÐ ÇAYI, KEKÝK
Bozkýr;ULUPINAR;YOK
Bozkýr;ÜÇPINAR;NANE, DAÐ ÇAYI, KEKÝK
Bozkýr;YALNIZCA;YOK
Bozkýr;YAZDAMI;YOK
Bozkýr;YELBEYÝ;YOK
Bozkýr;YENÝKÖY;YOK
Bozkýr;YOLÖREN;YOK
Çeltik;GÖKPINAR;ÇÖREKOTU, NANE
Çeltik;ADAKASIM;REZENE, KÝMYON
Çeltik;DOÐANYURT;ASPÝR, KÝMYON
Çeltik;KAÞÖREN;HAÞHAÞ, REZENE
Çeltik;KÜÇÜKHASAN;ASPÝR, ÇÖREKOTU, REZENE
Çeltik;TORUNLAR;YOK
Çeltik;ÝSHAKUÞAÐI;ÇÖREKOTU, REZENE, KÝMYON
Çeltik;HONAMLI;NANE
Cihanbeyli;BÖÐRÜDELÝK;ÇÖREKOTU, NANE
Cihanbeyli;YAPALI;ÇÖREKOTU, KÝMYON
Cihanbeyli;YENÝCEOBA;KÝMYON
Cihanbeyli;CUMHURÝYET;KÝMYON
Cihanbeyli;GEMECÝK;KÝMYON
Cihanbeyli;GÖKTEPE;KÝMYON
Cihanbeyli;AÐABEYLÝ;YOK
Cihanbeyli;HODOÐLU;YOK
Cihanbeyli;KAYI;KÝMYON
Cihanbeyli;KIRKIÞLA;ÇÖREKOTU
Cihanbeyli;KORKMAZLAR;ÇÖREKOTU, KÝMYON
Cihanbeyli;KÜÇÜKBEÞKAVAK;KÝMYON
Cihanbeyli;MUTLUKONAK;REZENE, KÝMYON
Cihanbeyli;SAÐLIK;ÇÖREKOTU, KÝMYON
Cihanbeyli;SIÐIRCIK;KÝMYON
Cihanbeyli;TURANLAR;KÝMYON
Cihanbeyli;TÜFEKÇÝPINAR;KÝMYON
Cihanbeyli;UZUNCAYAYLA;KÝMYON
Cihanbeyli;YÜNLÜKUYU;KÝMYON
Cihanbeyli;ZAFERÝYE;ÇÖREKOTU, KÝMYON
Cihanbeyli;GÖLYAZI;ÇÖREKOTU, KÝMYON
Cihanbeyli;GÜNYÜZÜ;YOK
Cihanbeyli;ÝNSUYU;IHLAMUR, ÇÖREKOTU
Cihanbeyli;KANDÝL;KÝMYON
Cihanbeyli;KARABAÐ;YOK
Cihanbeyli;KELHASAN;ANASON
Cihanbeyli;KUÞCA;ÇÖREKOTU, KÝMYON
Cihanbeyli;KÜTÜKUÞAÐI;YOK
Cihanbeyli;TAÞPINAR;YOK
Cihanbeyli;BEYLÝOVA;YOK
Cihanbeyli;ÇÝMEN;KÝMYON
Cihanbeyli;ÇÖL;KÝMYON
Cihanbeyli;DAMLAKUYU;YOK
Cihanbeyli;BULDUK;KÝMYON
Cihanbeyli;BÜYÜKBEÞKAVAK;YOK
Cihanbeyli;KARATEPE;ÇÖREKOTU, KÝMYON
Çumra;ARIKÖREN;ÇÖREKOTU, NANE
Çumra;DEDEMOÐLU;NANE
Çumra;TÜRKMENCAMÝLÝ;YOK
Çumra;A.B.HÜYÜÐÜ;NANE
Çumra;DÝNEK;YOK
Çumra;ÝÇERÝÇUMRA;YOK
Çumra;GÜVERCÝNLÝK;YOK
Çumra;KARKIN;YOK
Çumra;OKÇU;YOK
Çumra;YENÝSU;YOK
Çumra;APA;YOK
Çumra;ABDÝTOLU;YOK
Çumra;ADAKALE;YOK
Çumra;ALEMDAR;YOK
Çumra;APASARAYCIK;YOK
Çumra;AFÞAR;YOK
Çumra;AVDUL;YOK
Çumra;BALÇIKHÝSAR;YOK
Çumra;BEYLERCE;YOK
Çumra;B.AÞLAMA;YOK
Çumra;CÝCEK;YOK
Çumra;ÇUKURKAVAK;YOK
Çumra;DÝNLENDÝK;YOK
Çumra;DÝNEKSARAY;YOK
Çumra;DOÐANLI;YOK
Çumra;FETHÝYE;YOK
Çumra;GÖKHÜYÜK;YOK
Çumra;ERENTEPE;KEKÝK
Çumra;ÝNLÝ;YOK
Çumra;KUZUCU;KEKÝK
Çumra;KÜÇÜKKÖY;NANE
Çumra;SEÇME;YOK
Çumra;SÜRGÜÇ;YOK
Çumra;TAHTALI;DAÐ ÇAYI
Çumra;T.KARAHÜYÜK;NANE
Çumra;TAÞAÐIL;YOK
Çumra;UZUNKUYU;YOK
Çumra;ÜÇHÜYÜK;YOK
Çumra;ÜRÜNLÜ;YOK
Çumra;YÖRÜKCAMÝLÝ;LAVANTA
Çumra;ÇAYBAÞI;LAVANTA, NANE, KEKÝK
Derbent;ÇÝFTLÝKÖZÜ;YOK
Derbent;DEÐÝÞ;YOK
Derbent;TEKKE;YOK
Derbent;GÜNEYKÖY;YOK
Derbent;MÜLAYÝM;DAÐ ÇAYI
Derbent;SARAYPINAR;HAÞHAÞ
Derbent;YASSIÖREN;YOK
Derbent;SÜLEYMAN;YOK
Derbent;KARALAR;YOK
Derebucak;ÇAMLIK;DAÐ ÇAYI, KEKÝK
Derebucak;DURAK;YOK
Derebucak;GENCEK;NANE, KEKÝK, ADA ÇAYI
Derebucak;GÖYNEM;YOK
Derebucak;PINARBAÞI;YOK
Derebucak;TAÞLIPINAR;YOK
Derebucak;TEPEARASI;YOK
Derebucak;UÐURLU;NANE, KEKÝK
Doðanhisar;BAÞKÖY;YOK
Doðanhisar;YAZLICA;KEKÝK, ADA ÇAYI
Doðanhisar;AYASLAR;YOK
Doðanhisar;ÇINAROBA;ÇÖREKOTU
Doðanhisar;DEÞTÝÐÝN;YOK
Doðanhisar;FIRINLI;KATRAN, OÐUL OTU, DAÐ ÇAYI, KEKÝK, KUÞBURNU
Doðanhisar;GÜVENDÝK;YOK
Doðanhisar;ÝLYASLAR;YOK
Doðanhisar;KARAAÐA;NANE, KEKÝK
Doðanhisar;KEMER;YOK
Doðanhisar;KOÇAÞ;KÝMYON
Doðanhisar;KONAKKALE;YOK
Doðanhisar;TEKKE;YOK
Doðanhisar;UNCULAR;YOK
Doðanhisar;YAZIR;YOK
Doðanhisar;YENÝCE;YOK
Emirgazi;EKÝZLÝ;KEKÝK
Emirgazi;AKMESCÝT;KEKÝK, KÝMYON
Emirgazi;BESCÝ;YOK
Emirgazi;DEMÝRCÝ;YOK
Emirgazi;GÖLÖREN;DAÐ ÇAYI, KEKÝK
Emirgazi;IÞIKLAR;YOK
Emirgazi;KARAÖREN;YOK
Emirgazi;MEÞELÝ;KEKÝK
Emirgazi;ÖBEKTAÞ;YOK
Emirgazi;YAMAÇ;YOK
Ereðli;ZENGEN;YOK
Ereðli;ACIPINAR;YOK
Ereðli;ADABAÐ;NANE
Ereðli;AKHÜYÜK;YOK
Ereðli;ALHAN;YOK
Ereðli;AÞAÐI GÖNDELEN;YOK
Ereðli;AÞIKLAR;YOK
Ereðli;AZÝZÝYE;NANE, KÝMYON
Ereðli;BAHÇELÝ;YOK
Ereðli;BELCEAÐAÇ;YOK
Ereðli;BELKAYA;YOK
Ereðli;BEYKÖY;YOK
Ereðli;BEYÖREN;KEKÝK
Ereðli;BULGURLUK;YOK
Ereðli;BURHANÝYE;YOK
Ereðli;BÜYÜKDEDE;NANE, KEKÝK, ADA ÇAYI
Ereðli;ÇAKMAK;NANE, KEKÝK
Ereðli;ÇAYHAN;KÝMYON
Ereðli;ÇÝLLER;KÝMYON
Ereðli;ÇÝMENCÝK;YOK
Ereðli;GAYBÝ;YOK
Ereðli;GÖKÇEYAZI;NANE
Ereðli;GÖKTÖME;YOK
Ereðli;HACIMEMÝÞ;YOK
Ereðli;KAMIÞLIKUYU;YOK
Ereðli;KARABURUN;YOK
Ereðli;KARGACI;NANE, KEKÝK
Ereðli;KIZILGEDÝK;YOK
Ereðli;KUSKUNCUK;KÝMYON
Ereðli;KUTÖREN;YOK
Ereðli;KUZUKUYU;KÝMYON
Ereðli;MELÝCEK;YOK
Ereðli;ORHANÝYE;HAÞHAÞ, ÇÖREKOTU, NANE, KÝMYON
Ereðli;ÖZGÜRLER;YOK
Ereðli;PINARÖZÜ;YOK
Ereðli;SARICA;YOK
Ereðli;SARITOPALLI;NANE
Ereðli;SELVÝLÝ;ÇÖREKOTU, NANE
Ereðli;TAÞAÐIL;YOK
Ereðli;TAÞBUDAK;ÇÖREKOTU
Ereðli;TATLIKUYU;YOK
Ereðli;TÜRKMEN;YOK
Ereðli;ULUMEÞE;YOK
Ereðli;YAZLIK;ÇEMEN
Ereðli;YELLÝCE;YOK
Ereðli;YENÝKÖY;KÝMYON, SUSAM
Ereðli;YILDIZLI;YOK
Ereðli;YUKARIGÖNDELEN;ÇÖREKOTU
Ereðli;HORTU;YOK
Ereðli;ACIKUYU;NANE, KEKÝK, KÝMYON
Güneysýnýr;GÜRAÐAÇ;YOK
Güneysýnýr;AÐAÇOBA;KEKÝK, ADA ÇAYI
Güneysýnýr;ALANÖZÜ;YOK
Güneysýnýr;AVCITEPE;YOK
Güneysýnýr;AYDOÐMUÞ;ÇÖREKOTU
Güneysýnýr;HABÝLLER;KEKÝK
Güneysýnýr;KARAGÜNEY;YOK
Güneysýnýr;KAYAAÐZI;NANE, KEKÝK
Güneysýnýr;KIZILÖZ;YOK
Güneysýnýr;KURUKAVAK;YOK
Güneysýnýr;MEHMET ALÝ;ÇÖREKOTU
Güneysýnýr;ÖMEROÐLU;YOK
Güneysýnýr;ÖRENBOYALI;YOK
Güneysýnýr;SARIHACI;YOK
Hadim;AÞAÐIEÞENLER;YOK
Hadim;AÞAÐIKIZILKAYA;ÇÖREKOTU, SAFRAN
Hadim;BADEMLÝ;KATRAN, KANTARON
Hadim;BAÐBAÞI;KEKÝK, SUMAK
Hadim;BEYRELÝ;ASPÝR, IHLAMUR, ÇÖREKOTU, NANE, KUÞBURNU, PAPATYA, ADA ÇAYI, SALEP
Hadim;BOLAT;YOK
Hadim;ÇÝFTEPINAR;BÝBERÝYE, NANE, EKÝNEZYA, KEKÝK
Hadim;DEDEMLÝ;YOK
Hadim;DÜLGERLER;ÇÖREKOTU
Hadim;FAKILAR;YOK
Hadim;GAZÝLER;YOK
Hadim;GÖYNÜKKIÞLA;NANE, KEKÝK
Hadim;GÜLPINAR;KEKÝK, SUMAK, KANTARON
Hadim;ÝÐDEÖREN;NANE, KEKÝK, ADA ÇAYI
Hadim;KALINAÐIL;KANTARON, SALEP
Hadim;KAPLANLI;NANE, KEKÝK, ADA ÇAYI
Hadim;GEZLEVÝ;KEKÝK, KUÞBURNU
Hadim;KÜPLÜCE;YOK
Hadim;ODUNCU;KEKÝK, KUÞBURNU, KANTARON, SALEP
Hadim;SARNIÇ;YOK
Hadim;SELAHATTÝN;YOK
Hadim;UMURLAR;YOK
Hadim;YAÐCI;YOK
Hadim;YALINÇEVRE;KANTARON
Hadim;YELMEZ;YOK
Hadim;YENÝKONAK;KEKÝK, PAPATYA
Hadim;YUKARIEÞENLER;NANE, KEKÝK
Halkapýnar;ÝVRÝZ;YOK
Halkapýnar;BÜYÜKDOÐAN;YOK
Halkapýnar;DEDELÝ;YOK
Halkapýnar;DELÝMAHMUTLU;BÝBERÝYE, KEKÝK, KUÞBURNU, PAPATYA, REZENE, ADA ÇAYI
Halkapýnar;ESKÝHÝSAR;YOK
Halkapýnar;KARAYUSUFLU;YOK
Halkapýnar;KAYASARAY;NANE, KEKÝK, ADA ÇAYI, KANTARON
Halkapýnar;KÖRLÜ;YOK
Halkapýnar;KÜSERE;YOK
Halkapýnar;OSMANKÖSELÝ;YOK
Halkapýnar;SEYDÝFAKILI;YOK
Halkapýnar;YASSIKAYA;YOK
Halkapýnar;YAYIKLI;YOK
Halkapýnar;YEÞÝLYURT;NANE, KEKÝK, KUÞBURNU, ADA ÇAYI
Halkapýnar;ÇAKILLAR;KEKÝK, ADA ÇAYI
Hüyük;BAÞLAMIÞ;YOK
Hüyük;BUDAK;FESLEÐEN, ÇÖREKOTU, NANE, KEKÝK, KUÞBURNU, PAPATYA, REZENE
Hüyük;BURUNSUZ;YOK
Hüyük;ÇAMLICA;LAVANTA
Hüyük;ÇAVUÞ;OÐUL OTU
Hüyük;ÇUKURKENT;YOK
Hüyük;DEÐÝRMENALTI;YOK
Hüyük;GÖÇERÝ;YOK
Hüyük;GÖRÜNMEZ;YOK
Hüyük;ÝLMEN;LAVANTA
Hüyük;ÝMRENLER;KEKÝK, ADA ÇAYI
Hüyük;KIRELÝ;YOK
Hüyük;KÖÞK;HAÞHAÞ
Hüyük;MUTLU;YOK
Hüyük;PINARBAÞI;YOK
Hüyük;SELKÝ;YOK
Hüyük;SULUDERE;YOK
Hüyük;TOLCA;NANE, KEKÝK
Hüyük;YENÝCE;YOK
Ilgýn;ARGITHANI;KEKÝK
Ilgýn;BEYKONAK;KEKÝK
Ilgýn;ÇAVUÞÇUGÖL;ÇÖREKOTU
Ilgýn;AÐALAR;HAÞHAÞ
Ilgýn;BALKI;YOK
Ilgýn;BARAKMUSLU;YOK
Ilgýn;BELEKLER;HAÞHAÞ, ÇÖREKOTU
Ilgýn;BOÐAZKENT;HAÞHAÞ, ÇÖREKOTU, KÝMYON
Ilgýn;BULCUK;HAÞHAÞ
Ilgýn;BÜYÜKOBA;YOK
Ilgýn;ÇÝÐÝL;KEKÝK
Ilgýn;ÇATAK;HAÞHAÞ
Ilgýn;ÇOBANKAYA;KÝMYON
Ilgýn;ÇÖMLEKCÝ;KEKÝK, ADA ÇAYI, KÝMYON
Ilgýn;DEREKÖY;YOK
Ilgýn;DIÐRAK;YOK
Ilgýn;DÜÐER;YOK
Ilgýn;ELDEÞ;YOK
Ilgýn;GEÇÝT;YOK
Ilgýn;GEDÝKÖREN;HAÞHAÞ
Ilgýn;GÖSTERE;HAÞHAÞ
Ilgýn;GÖKÇEYURT;HAÞHAÞ
Ilgýn;GÖLYAKA;HAÞHAÞ
Ilgýn;GÖKBUDAK;HAÞHAÞ
Ilgýn;GÜNEYPINAR;HAÞHAÞ
Ilgýn;HARMANYAZI;HAÞHAÞ
Ilgýn;ÝHSANÝYE;HAÞHAÞ, KÝMYON
Ilgýn;KAPAKLI;YOK
Ilgýn;KARAKÖY;ANASON, HAÞHAÞ, ÇÖREKOTU, KÝMYON
Ilgýn;KALEKÖY;YOK
Ilgýn;MAHMUTHÝSAR;HAÞHAÞ
Ilgýn;MECÝDÝYE;HAÞHAÞ, ÇÖREKOTU
Ilgýn;MÝSAFÝRLÝ;YOK
Ilgýn;OLUKPINAR;HAÞHAÞ
Ilgýn;ORHANÝYE;YOK
Ilgýn;ORMANÖZÜ;HAÞHAÞ
Ilgýn;SADIKKÖY;HAÞHAÞ
Ilgýn;SEBÝLLER;HAÞHAÞ
Ilgýn;TEKELER;YOK
Ilgýn;YUKARIÇÝÐÝL;YOK
Ilgýn;YORAZLAR;KEKÝK, ADA ÇAYI
Ilgýn;ZAFERÝYE;HAÞHAÞ
Ilgýn;AVDAN;ANASON, KÝMYON
Kadýnhaný;OSMANCIK;YOK
Kadýnhaný;AFÞARLI;YOK
Kadýnhaný;ALABAÐ;ÇÖREKOTU, KÝMYON
Kadýnhaný;ATLANTI;YOK
Kadýnhaný;BAKIRPINAR;KEKÝK
Kadýnhaný;BAÞKUYU;KÝMYON
Kadýnhaný;BAYRAMLI;YOK
Kadýnhaný;BEYKAVAÐI;YOK
Kadýnhaný;BULGURPINAR;YOK
Kadýnhaný;ÇAVDAR;ÇÖREKOTU
Kadýnhaný;ÇEÞMECÝK;YOK
Kadýnhaný;ÇUBUK;YOK
Kadýnhaný;DEMÝROLUK;YOK
Kadýnhaný;HACIMEHMETLÝ;YOK
Kadýnhaný;HACIOFLAZLAR;YOK
Kadýnhaný;HACIPÝRLÝ;YOK
Kadýnhaný;KABACALI;YOK
Kadýnhaný;KAMIÞLIÖZÜ;YOK
Kadýnhaný;KARAHÝSARLI;YOK
Kadýnhaný;KARAKURTLU;YOK
Kadýnhaný;KARASEVÝNÇ;ÇÖREKOTU
Kadýnhaný;KARAYÜRÜKLÜ;YOK
Kadýnhaný;KIZILKUYU;YOK
Kadýnhaný;KOLUKISA;YOK
Kadýnhaný;KONURÖREN;KÝMYON
Kadýnhaný;KÖKEZ;YOK
Kadýnhaný;KÖYLÜTOLU;YOK
Kadýnhaný;KURTHASANLI;YOK
Kadýnhaný;KÜÇÜKKUYU;YOK
Kadýnhaný;MAHMUDÝYE;ANASON, ÇÖREKOTU, KÝMYON
Kadýnhaný;MEYDANLI;ÇÖREKOTU
Kadýnhaný;ÖRNEK;KÝMYON
Kadýnhaný;PÝRALÝ;ÇÖREKOTU
Kadýnhaný;PUSAT;REZENE
Kadýnhaný;SAÇIKARA;YOK
Kadýnhaný;SARIKAYA;ÇÖREKOTU
Kadýnhaný;SÖÐÜTÖZÜ;YOK
Kadýnhaný;ÞAHÖREN;YOK
Kadýnhaný;TOSUNOÐLU;YOK
Kadýnhaný;YAÐLICA;YOK
Kadýnhaný;YAYLAYAKA;ÇÖREKOTU
Karapýnar;HOTAMIÞ;YOK
Karapýnar;KESMEZ;YOK
Karapýnar;AKÇAYAZI;YOK
Karapýnar;AKÖREN;YOK
Karapýnar;ÇÝÐÝL;YOK
Karapýnar;HASANOBA;YOK
Karapýnar;ÝSLÝK;YOK
Karapýnar;KARAKIÞLA;YOK
Karapýnar;KAYACIK;YOK
Karapýnar;KAYALI;YOK
Karapýnar;KAZANHÜYÜÐÜ;YOK
Karapýnar;KÜÇÜKAÞLAMA;YOK
Karapýnar;ORTAOBA;YOK
Karapýnar;OYMALI;YOK
Karapýnar;SAZLIPINAR;YOK
Karapýnar;YAÐMAPINAR;YOK
Karapýnar;YENÝKUYU;YOK
Karapýnar;YEÞÝLYURT;YOK
Karatay;YARMA;YOK
Karatay;ACIDORT;YOK
Karatay;AÐSAKLI;YOK
Karatay;AKBAÞ;YOK
Karatay;AKÖRENKIÞLA;YOK
Karatay;BAKIRTOLU;YOK
Karatay;BAÞGÖTÜREN;YOK
Karatay;BEÞAÐIL;YOK
Karatay;BÜYÜKBURNAK;YOK
Karatay;ÇENGÝLTÝ;YOK
Karatay;DÝVANLAR;YOK
Karatay;ESENTEPE;YOK
Karatay;GÖÇÜ;YOK
Karatay;HAYIROÐLU MERKEZ;YOK
Karatay;ÝPEKLER;YOK
Karatay;ÝSMÝL;YOK
Karatay;KARADONA;YOK
Karatay;KARAKAYA;YOK
Karatay;KATRANCI;YOK
Karatay;KIZÖREN;YOK
Karatay;KÖSEALÝ;YOK
Karatay;OBRUK;YOK
Karatay;OVAKAVAÐI;YOK
Karatay;SAKYATAN;YOK
Karatay;SÜRÜÇ;ÇÖREKOTU
Karatay;ÞATIR;YOK
Karatay;YAÐLIBAYAT;YOK
Karatay;YAVÞANKUYU;YOK
Karatay;YENÝCE;YOK
Karatay;YENÝKENT;ASPÝR
Karatay;ZÝNCÝRLÝ;YOK
Kulu;ACIKUYU;ÇÖREKOTU, KÝMYON
Kulu;AÐILBAÞI;YOK
Kulu;ALTILAR;ASPÝR, KÝMYON
Kulu;ARÞINCA;KÝMYON
Kulu;BEÞKARDEÞ;KÝMYON
Kulu;BOÐAZÖREN;KÝMYON
Kulu;BOZAN;KÝMYON
Kulu;BURUNAÐIL;KÝMYON
Kulu;CANIMANA;KÝMYON
Kulu;CELEP;KÝMYON
Kulu;DÝPDEDE;YOK
Kulu;DOÐUTEPE;ASPÝR, KÝMYON
Kulu;FEVZÝYE;ASPÝR, KÝMYON
Kulu;GÖKLER;YOK
Kulu;GÜZELYAYLA;KÝMYON
Kulu;HÝSAR;KÝMYON
Kulu;KARACADAÐ;ÇÖREKOTU
Kulu;KARACADERE;KÝMYON
Kulu;KIRKKUYU;KÝMYON
Kulu;KIRKPINAR;YOK
Kulu;KOZANLI;ÇÖREKOTU, KÝMYON
Kulu;KÖMÜÞÝNÝ;KÝMYON
Kulu;KÖÞKER;ÇÖREKOTU, KÝMYON
Kulu;SARIYAYLA;KÝMYON
Kulu;SEYÝTAHMETLÝ;KÝMYON
Kulu;SOÐUKKUYU;KÝMYON
Kulu;ÞEREFLÝ;KÝMYON
Kulu;TAVLIÖREN;KÝMYON
Kulu;ÖMERANLI;KÝMYON
Kulu;TUZYAKA;ÇÖREKOTU, KÝMYON
Kulu;YARAÞLI;KÝMYON
Kulu;YAZIÇAYIR;KÝMYON
Kulu;YEÞÝLTEPE;ÇÖREKOTU, KÝMYON
Kulu;YEÞÝLYURT;KÝMYON
Kulu;ZÝNCÝRLÝKUYU;ÇÖREKOTU, KÝMYON
Kulu;BAHADIRLI;ÇÖREKOTU
Kulu;DEÐÝRMENÖZÜ;ÇÖREKOTU, KÝMYON
Meram;ERENKAYA;YOK
Meram;YATAÐAN;YOK
Meram;GÖKYURT;ÇÖREKOTU, GÝLABURU
Meram;BAYAT;ADA ÇAYI
Meram;BORUKTOLU;YOK
Meram;BOTSA;ASPÝR, ÇÖREKOTU
Meram;ÇAYIRBAÐI;YOK
Meram;ÇOMAKLAR;YOK
Meram;ÇUKURÇÝMEN;YOK
Meram;EVLÝYATEKKE;ÇÖREKOTU, GÝLABURU
Meram;HATUNSARAY;YOK
Meram;ÝKÝPINAR;YOK
Meram;ÝLYASBABA;YOK
Meram;ÝNLÝCE;YOK
Meram;KARAAÐAÇ;YOK
Meram;KAVAK;YOK
Meram;KAYADÝBÝ;YOK
Meram;KAYALI;YOK
Meram;KAYHÜYÜK;YOK
Meram;KIZILÖREN;GOJÝ BERRY, KEKÝK, ADA ÇAYI
Meram;KUMRALI;DAÐ ÇAYI, KEKÝK
Meram;SADIKLAR;DAÐ ÇAYI
Meram;SAÐLIK;YOK
Meram;SARIKIZ;YOK
Meram;SEFAKÖY;YOK
Meram;YEÞÝLDERE;YOK
Meram;YEÞÝLTEKKE;ÇÖREKOTU
Meram;KAÞINHANI;LAVANTA, NANE
Sarayönü;LADÝK;ÇÖREKOTU, KÝMYON
Sarayönü;BAHÇESARAY;YOK
Sarayönü;BAÞHÜYÜK;YOK
Sarayönü;BOYALI;ÇÖREKOTU
Sarayönü;BÜYÜKZENGÝ;KEKÝK
Sarayönü;ÇEÞMELÝSEBÝL;ÇÖREKOTU, NANE
Sarayönü;DEÐÝRMENLÝ;YOK
Sarayönü;ERTUÐRUL;YOK
Sarayönü;GÖZLÜ;NANE, ADA ÇAYI
Sarayönü;KADIOÐLU;YOK
Sarayönü;KARABIYIK;ANASON, KÝMYON
Sarayönü;KARATEPE;YOK
Sarayönü;KAYIÖREN;KÝMYON
Sarayönü;KONAR;YOK
Sarayönü;KURÞUNLU;YOK
Sarayönü;KUYULUSEBÝL;ANASON, KÝMYON
Sarayönü;ÖZKENT;YOK
Sarayönü;YENÝCEKAYA;YOK
Selçuklu;BAÞARAKAVAK;NANE
Selçuklu;hasan;
Selçuklu;SARAYKÖY;YOK
Selçuklu;SULUTAS;YOK
Selçuklu;TATKÖY;KEKÝK
Selçuklu;AKPINAR;YOK
Selçuklu;BAÐRIKURT;YOK
Selçuklu;BÝÇER;YOK
Selçuklu;ÇALDERE;KÝMYON
Selçuklu;ÇALTI;YOK
Selçuklu;ÇANDIR;YOK
Selçuklu;DAÐDERE;YOK
Selçuklu;EÐRÝBAYAT;YOK
Selçuklu;GÜVENÇ;YOK
Selçuklu;KALE;YOK
Selçuklu;KARAÖMERLER;YOK
Selçuklu;KERVAN;YOK
Selçuklu;KINIK;YOK
Selçuklu;KIZILCAKUYU;YOK
Selçuklu;MEYDAN;YOK
Selçuklu;SELAHATTÝN;YOK
Selçuklu;SIZMA;YOK
Selçuklu;TEPEKENT;YOK
Selçuklu;ULUMUHSÝNE;ÇÖREKOTU, KEKÝK
Selçuklu;YAZIBELEN;YOK
Selçuklu;SÝLLE;YOK
Selçuklu;ARDIÇLI;YOK
Selçuklu;AÞAÐIPINARBAÞI;YOK
Selçuklu;YUKARIPINARBAÞI;YOK
Selçuklu;KÜÇÜKMUHSÝNE;NANE, KEKÝK, ADA ÇAYI
Selçuklu;SARICALAR;DAÐ ÇAYI, KEKÝK
Selçuklu;TÖMEK;YOK
Selçuklu;YÜKSELEN;YOK
Selçuklu;Mehmet Fatih;
Seydiþehir;KESECÝK;NANE, KEKÝK, ADA ÇAYI
Seydiþehir;AKÇALAR;YOK
Seydiþehir;AÞAÐIKARAÖREN;HAÞHAÞ, SUSAM
Seydiþehir;BAÞKARAÖREN;HAÞHAÞ, SUSAM
Seydiþehir;BOSTANDERE;KATRAN, KEKÝK, PAPATYA
Seydiþehir;BOYALI;HAÞHAÞ
Seydiþehir;BÜKÇE;YOK
Seydiþehir;ÇAT;YOK
Seydiþehir;ÇATMAKAYA;YOK
Seydiþehir;ÇAVUÞ;YOK
Seydiþehir;DÝKÝLÝTAÞ;YOK
Seydiþehir;GEVREKLÝ;YOK
Seydiþehir;GÖKÇEHÜYÜK;YOK
Seydiþehir;GÖKHÜYÜK;YOK
Seydiþehir;GÖLYÜZÜ;YOK
Seydiþehir;IRMAKLI;YOK
Seydiþehir;ÝNCESU;YOK
Seydiþehir;KARABULAK;YOK
Seydiþehir;KARACAÖREN;YOK
Seydiþehir;KAVAK;YOK
Seydiþehir;KETENLÝ;YOK
Seydiþehir;KIZILCA;YOK
Seydiþehir;KOZLU;YOK
Seydiþehir;KUMLUCA;YOK
Seydiþehir;KURAN;YOK
Seydiþehir;MADENLÝ;YOK
Seydiþehir;MESUDÝYE;YOK
Seydiþehir;MURADÝYE;YOK
Seydiþehir;OÐLAKÇI;YOK
Seydiþehir;ORTAKARAÖREN;YOK
Seydiþehir;SARAYCIK;YOK
Seydiþehir;SUSUZ;YOK
Seydiþehir;TARAÞÇI;YOK
Seydiþehir;TAÞAÐIL;YOK
Seydiþehir;TEPECÝK;YOK
Seydiþehir;TOL;SUSAM
Seydiþehir;UFACIK;YOK
Seydiþehir;YAYLACIK;ELMACIK
Seydiþehir;YENÝCE;YOK
Taþkent;AFÞAR;KEKÝK
Taþkent;BALCILAR;KEKÝK, KUÞBURNU, PAPATYA, KIRKKÝLÝT OTU, ALIÇ
Taþkent;BOLAY;YOK
Taþkent;ÇETMÝ;YOK
Taþkent;KECÝMEN;YOK
Taþkent;KONGUL;YOK
Taþkent;SAZAK;YOK
Taþkent;ILICAPINAR;YOK
Tuzlukçu;KONARI;NANE, KÝMYON
Tuzlukçu;MEVLÜTLÜ;ASPÝR, KÝMYON
Tuzlukçu;KORAÞI;YOK
Tuzlukçu;ÇÖÐÜRLÜ;YOK
Tuzlukçu;TURSUNLU;YOK
Tuzlukçu;KUNDULLU;YOK
Tuzlukçu;PAZARKAYA;YOK
Tuzlukçu;SUBATAN;YOK
Tuzlukçu;GÜRSU;YOK
Tuzlukçu;ERDOÐDU;YOK
Tuzlukçu;KÖKLÜCE;YOK
Yalýhüyük;SARAY;YOK
Yalýhüyük;ARASÖÐÜT;YOK
Yunak;KUZÖREN;HAÞHAÞ
Yunak;KOÇYAZI;ANASON, ÇÖREKOTU, KÝMYON
Yunak;TURGUT;YOK
Yunak;PÝRÝBEYLÝ;ANASON, KÝMYON
Yunak;SÜLÜKLÜ;YOK
Yunak;ALTINÖZ;ÇÖREKOTU, REZENE
Yunak;AYRITEPE;ANASON, DAÐ ÇAYI
Yunak;BEÞIÞIKLI;KÝMYON
Yunak;CEBRAÝL;ANASON
Yunak;ÇAYIRBAÞI;ANASON, ÇÖREKOTU, KÝÞNÝÞ, KÝMYON
Yunak;EÐRÝKUYU;HAÞHAÞ
Yunak;HACIÖMEROÐLU;ANASON, ÇÖREKOTU, KÝMYON
Yunak;HATIRLI;ANASON, ÇÖREKOTU, KÝMYON
Yunak;HACIFAKILI;YOK
Yunak;HARUNLAR;KÝMYON
Yunak;HURSUNLU;DAÐ ÇAYI
Yunak;ÝMAMOÐLU;ANASON, KÝMYON
Yunak;KARGALI;ÇÖREKOTU, KÝMYON
Yunak;KARAYAYLA;KÝMYON
Yunak;KILLAR;ANASON
Yunak;KURTUÞAÐI;ASPÝR, ANASON, DAÐ ÇAYI, KÝMYON
Yunak;KUYUBAÞI;ANASON, ÇÖREKOTU, KÝÞNÝÞ, KÝMYON
Yunak;MEÞELÝK;YOK
Yunak;ODABAÞI;ANASON, ÇÖREKOTU
Yunak;ORTAKIÞLA;KÝMYON
Yunak;ÖZYAYLA;ANASON, ÇÖREKOTU
Yunak;SERTLER;KÝMYON
Yunak;SEVÝNÇ;KEKÝK, ADA ÇAYI, KÝMYON
Yunak;SIRAM;REZENE, KÝMYON
Yunak;SÝNANLI;KÝMYON
Yunak;YAVAÞLI;ANASON, KÝMYON
Yunak;YEÞÝLOBA;ANASON, KEKÝK, KÝMYON
Yunak;YEÞÝLYAYLA;ÇÖREKOTU
Yunak;YIÐAR;YOK
Yunak;SARAY;ASPÝR
;;
