|||Sütunlar|||||||||||||||||||||||||||||||||||||||||||||||||||||||||||||||||||||||||||||||||||||
Satırlar||||||||||||||||||||||||||||||||||||||||||||||||||||||||||||||||||||||||||||||||||||||||
||||||||||||||||||||||||||||||||||||||||||||||||||||||||||||||||||||||||||||||||||||||||
|||Ekilen Alan ve Alçak Tünel ve 01.11.61.00.01. (Fasulye, Taze) - Dekar|Ekilen Alan ve Alçak Tünel ve 01.13.14.00.01. (Marul (Kıvırcık)) - Dekar|Ekilen Alan ve Alçak Tünel ve 01.13.14.00.02. (Marul (Göbekli)) - Dekar|Ekilen Alan ve Alçak Tünel ve 01.13.14.00.03. (Marul (İceberg)) - Dekar|Ekilen Alan ve Alçak Tünel ve 01.13.16.00.00. (Ispanak) - Dekar|Ekilen Alan ve Alçak Tünel ve 01.13.19.00.03. (Semizotu) - Dekar|Ekilen Alan ve Alçak Tünel ve 01.13.19.00.04. (Maydanoz) - Dekar|Ekilen Alan ve Alçak Tünel ve 01.13.19.00.07. (Nane) - Dekar|Ekilen Alan ve Alçak Tünel ve 01.13.19.00.08. (Dereotu) - Dekar|Ekilen Alan ve Alçak Tünel ve 01.13.21.00.00. (Karpuz) - Dekar|Ekilen Alan ve Alçak Tünel ve 01.13.29.00.00. (Kavun) - Dekar|Ekilen Alan ve Alçak Tünel ve 01.13.31.00.02. (Biber (Dolmalık)) - Dekar|Ekilen Alan ve Alçak Tünel ve 01.13.31.00.03. (Biber (Sivri)) - Dekar|Ekilen Alan ve Alçak Tünel ve 01.13.31.00.04. (Biber (Çarliston)) - Dekar|Ekilen Alan ve Alçak Tünel ve 01.13.32.00.01. (Hıyar (Sofralık)) - Dekar|Ekilen Alan ve Alçak Tünel ve 01.13.33.00.00. (Patlıcan) - Dekar|Ekilen Alan ve Alçak Tünel ve 01.13.34.00.01. (Domates (Sofralık)) - Dekar|Ekilen Alan ve Alçak Tünel ve 01.13.39.00.02. (Kabak (Sakız)) - Dekar|Ekilen Alan ve Alçak Tünel ve 01.13.43.00.01. (Soğan (Taze)) - Dekar|Ekilen Alan ve Cam Sera ve 01.11.61.00.01. (Fasulye, Taze) - Dekar|Ekilen Alan ve Cam Sera ve 01.13.14.00.01. (Marul (Kıvırcık)) - Dekar|Ekilen Alan ve Cam Sera ve 01.13.14.00.02. (Marul (Göbekli)) - Dekar|Ekilen Alan ve Cam Sera ve 01.13.21.00.00. (Karpuz) - Dekar|Ekilen Alan ve Cam Sera ve 01.13.29.00.00. (Kavun) - Dekar|Ekilen Alan ve Cam Sera ve 01.13.31.00.03. (Biber (Sivri)) - Dekar|Ekilen Alan ve Cam Sera ve 01.13.32.00.01. (Hıyar (Sofralık)) - Dekar|Ekilen Alan ve Cam Sera ve 01.13.33.00.00. (Patlıcan) - Dekar|Ekilen Alan ve Cam Sera ve 01.13.34.00.01. (Domates (Sofralık)) - Dekar|Ekilen Alan ve Cam Sera ve 01.13.39.00.02. (Kabak (Sakız)) - Dekar|Ekilen Alan ve Plastik Sera ve 01.11.61.00.01. (Fasulye, Taze) - Dekar|Ekilen Alan ve Plastik Sera ve 01.11.62.00.00. (Bezelye, Taze) - Dekar|Ekilen Alan ve Plastik Sera ve 01.13.12.00.03. (Lahana (Kara Yaprak)) - Dekar|Ekilen Alan ve Plastik Sera ve 01.13.13.00.02. (Brokoli) - Dekar|Ekilen Alan ve Plastik Sera ve 01.13.14.00.01. (Marul (Kıvırcık)) - Dekar|Ekilen Alan ve Plastik Sera ve 01.13.14.00.02. (Marul (Göbekli)) - Dekar|Ekilen Alan ve Plastik Sera ve 01.13.14.00.03. (Marul (İceberg)) - Dekar|Ekilen Alan ve Plastik Sera ve 01.13.16.00.00. (Ispanak) - Dekar|Ekilen Alan ve Plastik Sera ve 01.13.19.00.03. (Semizotu) - Dekar|Ekilen Alan ve Plastik Sera ve 01.13.19.00.04. (Maydanoz) - Dekar|Ekilen Alan ve Plastik Sera ve 01.13.19.00.05. (Roka) - Dekar|Ekilen Alan ve Plastik Sera ve 01.13.19.00.06. (Tere) - Dekar|Ekilen Alan ve Plastik Sera ve 01.13.19.00.07. (Nane) - Dekar|Ekilen Alan ve Plastik Sera ve 01.13.19.00.08. (Dereotu) - Dekar|Ekilen Alan ve Plastik Sera ve 01.13.21.00.00. (Karpuz) - Dekar|Ekilen Alan ve Plastik Sera ve 01.13.29.00.00. (Kavun) - Dekar|Ekilen Alan ve Plastik Sera ve 01.13.31.00.01. (Biber (Salçalık, Kapya)) - Dekar|Ekilen Alan ve Plastik Sera ve 01.13.31.00.02. (Biber (Dolmalık)) - Dekar|Ekilen Alan ve Plastik Sera ve 01.13.31.00.03. (Biber (Sivri)) - Dekar|Ekilen Alan ve Plastik Sera ve 01.13.31.00.04. (Biber (Çarliston)) - Dekar|Ekilen Alan ve Plastik Sera ve 01.13.32.00.01. (Hıyar (Sofralık)) - Dekar|Ekilen Alan ve Plastik Sera ve 01.13.33.00.00. (Patlıcan) - Dekar|Ekilen Alan ve Plastik Sera ve 01.13.34.00.01. (Domates (Sofralık)) - Dekar|Ekilen Alan ve Plastik Sera ve 01.13.39.00.01. (Bamya) - Dekar|Ekilen Alan ve Plastik Sera ve 01.13.39.00.02. (Kabak (Sakız)) - Dekar|Ekilen Alan ve Plastik Sera ve 01.13.42.00.01. (Sarımsak (Taze)) - Dekar|Ekilen Alan ve Plastik Sera ve 01.13.43.00.01. (Soğan (Taze)) - Dekar|Ekilen Alan ve Plastik Sera ve 01.13.44.00.01. (Pırasa) - Dekar|Ekilen Alan ve Plastik Sera ve 01.13.49.03.02. (Turp (Kırmızı)) - Dekar|Ekilen Alan ve Yüksek Tünel ve 01.11.61.00.01. (Fasulye, Taze) - Dekar|Ekilen Alan ve Yüksek Tünel ve 01.11.69.00.02. (Bakla, Taze) - Dekar|Ekilen Alan ve Yüksek Tünel ve 01.13.12.00.03. (Lahana (Kara Yaprak)) - Dekar|Ekilen Alan ve Yüksek Tünel ve 01.13.13.00.02. (Brokoli) - Dekar|Ekilen Alan ve Yüksek Tünel ve 01.13.14.00.01. (Marul (Kıvırcık)) - Dekar|Ekilen Alan ve Yüksek Tünel ve 01.13.14.00.02. (Marul (Göbekli)) - Dekar|Ekilen Alan ve Yüksek Tünel ve 01.13.14.00.03. (Marul (İceberg)) - Dekar|Ekilen Alan ve Yüksek Tünel ve 01.13.16.00.00. (Ispanak) - Dekar|Ekilen Alan ve Yüksek Tünel ve 01.13.19.00.02. (Pazı) - Dekar|Ekilen Alan ve Yüksek Tünel ve 01.13.19.00.03. (Semizotu) - Dekar|Ekilen Alan ve Yüksek Tünel ve 01.13.19.00.04. (Maydanoz) - Dekar|Ekilen Alan ve Yüksek Tünel ve 01.13.19.00.05. (Roka) - Dekar|Ekilen Alan ve Yüksek Tünel ve 01.13.19.00.06. (Tere) - Dekar|Ekilen Alan ve Yüksek Tünel ve 01.13.19.00.07. (Nane) - Dekar|Ekilen Alan ve Yüksek Tünel ve 01.13.19.00.08. (Dereotu) - Dekar|Ekilen Alan ve Yüksek Tünel ve 01.13.21.00.00. (Karpuz) - Dekar|Ekilen Alan ve Yüksek Tünel ve 01.13.29.00.00. (Kavun) - Dekar|Ekilen Alan ve Yüksek Tünel ve 01.13.31.00.01. (Biber (Salçalık, Kapya)) - Dekar|Ekilen Alan ve Yüksek Tünel ve 01.13.31.00.02. (Biber (Dolmalık)) - Dekar|Ekilen Alan ve Yüksek Tünel ve 01.13.31.00.03. (Biber (Sivri)) - Dekar|Ekilen Alan ve Yüksek Tünel ve 01.13.31.00.04. (Biber (Çarliston)) - Dekar|Ekilen Alan ve Yüksek Tünel ve 01.13.32.00.01. (Hıyar (Sofralık)) - Dekar|Ekilen Alan ve Yüksek Tünel ve 01.13.33.00.00. (Patlıcan) - Dekar|Ekilen Alan ve Yüksek Tünel ve 01.13.34.00.01. (Domates (Sofralık)) - Dekar|Ekilen Alan ve Yüksek Tünel ve 01.13.39.00.02. (Kabak (Sakız)) - Dekar|Ekilen Alan ve Yüksek Tünel ve 01.13.42.00.01. (Sarımsak (Taze)) - Dekar|Ekilen Alan ve Yüksek Tünel ve 01.13.43.00.01. (Soğan (Taze)) - Dekar|
Örtüaltı Sebzeler|Mardin-47|2004||||||||||||||||||||||||||||||||2.0||4.0|||2.0|||||||||||||4.0||5.0||||||||||||||||||||||||||||||||||
||2005||||||||||||||||||||||||||||||||||4.0|2.0|||||||||||||||11.0||4.0||||1.0||||||||||||||||||||||||||||||
||2006||||||||||||||||||||||||||||||||||1.0|2.0||||||||||||1.0|1.0||23.0||4.0||||1.0||||||||||||||||||||||||||||||
||2007||||||||||||||||||||||||||||||||||2.0|2.0|||||||||||||6.0||22.0|5.0|14.0||||2.0||||||||||||||||||||||||||||||
||2008||||||||||||||||||||||||||||||||||2.0|2.0|||||||||||||5.0||25.0|5.0|19.0||||2.0||||||||||||||||||||||||||||||
||2009||||||||||||||||||||||||||||||||||2.0|2.0|||||||||||||5.0||34.0|5.0|27.0||||1.0||||||||||||||||||||||||||||||
||2010||||||||||||||||||||||||||||||||||||||||||||||||33.0||103.0|3.0|67.0||||||||||||||||||||||||||||||||||
||2011|||||||||||||||8.0||8.0|||||||||||||||||||||||||||||||30.0||95.0|3.0|73.0||||||||||||||||||||||||||||||||||
||2012||||||||||||||||||||||||||||||||||||||||||||||||30.0||127.0|3.0|126.0||||||||||||||||||||||||||||||||||
||2013||||||||||||||||||||||||||||||||||||||||||||||||30.0||128.0||157.0||||||||||||||||||||||||||||||||||
||2014||||||||||||||||||||||||||||||||||||||||||||||||30.0||110.0||164.0||||||||||||||||||||||||||||||||||
||2015||||||||||||||||||||||||||||||||||||||||||||||||10.0||108.0||140.0||||||||||||||||||||||||||||||||||
||2016||||||||||||||||||||||||||||||||||||||||||||||||10.0||140.0||87.0||||||||||||||||||||||||||||||||||
||2017||||||||||||||||||||||||||||||||||||||||||||||||10.0||121.0||92.0||||||||||||||||||||||||||||29.0||||||
||2018||||||||||||||||||||||||||6.0||6.0||||||||||||||||||||10.0||117.0||86.0||||||||||||||||||||||||||||25.0||||||
||2019||||||||||||||||||||||||||6.0||6.0||||||||||||||||||||10.0||129.0||93.0||||||||||||||||||||||||||||25.0||||||
||2020||||||||||||||||||||||||||||||||||||||||||||||||10.0||129.0||61.0||||||||||||||||||||||||||||25.0||||||
||2021|||||||||||||||||||||||||||||||||||11.0||||||||||||3.0|15.0||181.0||78.0||||||||||||||||||||||||||||||||||
|Mersin-33|2004||||||310.0||||10758.0|40.0|200.0|150.0|||500.0|140.0|2245.0||||||30.0|4.0|2055.0|1370.0|1322.0||103.0|||||||||||||||4.0||3382.0|7510.0||7818.0|2540.0|22365.0||95.0|||||1180.0||||||||||||||||30.0||3485.0|4780.0||1770.0|3982.0|370.0|3900.0|||
||2005||||||||||15258.0||300.0|200.0|||350.0|140.0|180.0||||||40.0|9.0|2050.0|1370.0|1327.0||715.0|||||||||||||||||1862.0|7105.0||4123.0|2090.0|23475.0||60.0|||||550.0|||||||||310.0|||||||80.0||2985.0|6280.0||1270.0|3782.0|370.0|5745.0|||
||2006|500.0|||||||50.0||15418.0|30.0|||||300.0|40.0|350.0||20.0||||30.0|25.0|2045.0|1390.0|1322.0||5.0|||||||||||||||||1765.0|6935.0||12421.0|2190.0|21695.0||10.0|||||740.0|||||3.0||||310.0|||||||60.0||3095.0|6510.0||1092.0|3872.0|270.0|5750.0|||
||2007||||||||50.0||18268.0|50.0||||150.0||40.0|350.0||30.0||||140.0|165.0|3100.0|2018.0|1344.0||10.0|||||||||||||||||3265.0|11535.0||6557.0|2520.0|22052.0||10.0|||||1150.0|||||3.0||||310.0|||||||160.0||2095.0|2780.0||807.0|3642.0|80.0|5730.0|||
||2008||||||||55.0||17718.0|55.0||||||40.0|360.0||30.0||||140.0|177.0|2790.0|1710.0|1204.0||10.0|||||||||||||||||3400.0|11615.0||6726.0|2630.0|22372.0||10.0|||||1175.0|||||3.0||||310.0|||||||810.0||2115.0|2835.0||862.0|3482.0|80.0|5745.0|||
||2009||||||||55.0||13377.0|870.0||||||40.0|360.0||30.0||||140.0|176.0|3172.0|2010.0|1198.0||13.0|||||||||||||||||3415.0|11718.0||6639.0|2661.0|23055.0||1910.0|||||1420.0|||||3.0||||345.0|||||||450.0||2132.0|2860.0||892.0|3510.0|210.0|5740.0|||
||2010||||||||||13327.0|870.0||||||40.0|220.0||30.0||||140.0|176.0|3192.0|2272.0|663.0||13.0||||||||||||60.0|||||4377.0|11718.0||5803.0|1886.0|20676.0||1910.0|||||1420.0|||||3.0||||395.0|||||||450.0||2132.0|2860.0||892.0|3390.0|210.0|5285.0|||
||2011||||||||||18935.0|2968.0||||||40.0|220.0|||||||176.0|3342.0|2310.0|627.0||13.0|||||||||||||||||747.0|11678.0||5801.0|2143.0|20677.0||1910.0|||||816.0|||||3.0||||395.0|||||||350.0||1150.0|16945.0||3927.0|5400.0|6710.0|5435.0|||
||2012||||||||||18935.0|2968.0||||||40.0|200.0|||||||176.0|3252.0|2420.0|625.0||15.0||||||500.0|||||||||||1230.0|12403.0||7225.0|3721.0|18505.0||7275.0|||||826.0|||||3.0||||395.0|||||||360.0||897.0|16310.0||4401.0|3845.0|7542.0|70.0|||
||2013||||||||||16612.0|2808.0||||||40.0|185.0|||||||26.0|3485.0|2216.0|615.0||5.0||||||500.0|||||||||||2450.0|7403.0||6340.0|4231.0|18205.0||6303.0|||||1485.0|||||||||464.0||||||20.0|5.0||897.0|21310.0||2390.0|2465.0|5645.0|35.0|||
||2014||||||||||17612.0|2408.0||||||40.0|185.0|||||||174.0|3450.0|2220.0|627.0||15.0||||||550.0||||||||50.0|25.0||2450.0|12338.0||7301.0|4221.0|19121.0||1610.0|||||1485.0|||||||||664.0||||||20.0|||897.0|16310.0||3640.0|3845.0|6710.0|5920.0|||
||2015||||||||||19600.0|2600.0||||||40.0|279.0|||||||25.0|3455.0|2215.0|623.0||12.0||||||550.0||||||||60.0|50.0||1750.0|11851.0||7234.0|1831.0|18694.0||1420.0|||||1681.0|||||||||664.0|||||||||767.0|17655.0||3580.0|6395.0|6580.0|4260.0|||
||2016||||||||||18400.0|2750.0||||||40.0|275.0|||||||25.0|3575.0|2086.0|595.0||675.0||||||550.0||||||||60.0|50.0||767.0|11751.0||7168.0|1980.0|18582.0||1428.0|||||1038.0|||||||||664.0|||||||||2150.0|17755.0||3540.0|6545.0|6580.0|4556.0|||
||2017||||||||||18840.0|3250.0||||||40.0|320.0|||||||21.0|4490.0|2505.0|5191.0||695.0||||||630.0||||||||60.0|50.0||717.0|11492.0||9804.0|2430.0|20114.0||2895.0|||||1340.0|||||||||679.0|||||||||1150.0|17055.0||3500.0|6975.0|6580.0|11337.0|||
||2018||||||||||19240.0|3250.0|||||||315.0|||||||22.0|4968.0|1513.0|1032.0||693.0||||||700.0||||||||65.0|55.0||717.0|11495.0||8534.0|2421.0|21293.0||2877.0|||||1338.0|||||||||125.0|||||||||1250.0|17328.0||3500.0|7075.0|6580.0|10767.0|||
||2019||||||||||21240.0|3250.0|||||||305.0|||||||22.0|5335.0|1047.0|1063.0||693.0||||||1100.0||||||||65.0|61.0||717.0|11695.0||8184.0|2491.0|21959.0||2667.0|||||1330.0|||||||||125.0|||||||||1350.0|17528.0||3450.0|6095.0|6630.0|8517.0|||
||2020||||||||||21240.0|3410.0|||||||290.0|||||||22.0|4801.0|1244.0|350.0||645.0||||||3000.0||||||||65.0|61.0||617.0|2233.0||5995.0|2091.0|21221.0||2188.0|||||1120.0|||||||||125.0|||||||||1350.0|11028.0||600.0|4617.0|2050.0|14646.0|||
||2021||||||||||21240.0|3410.0|||||||282.0|||||||14.0|4929.0|1179.0|286.0||445.0||||||3000.0||||||||65.0|61.0||417.0|27616.0||10912.0|1800.0|29603.0||2388.0|||||920.0|||||||||125.0|||||||||1350.0|2428.0|||6096.0|35.0|14837.0|||
|Muğla-48|2004|1.0|1.0|2.0||||||||510.0|8.0|160.0||61.0|298.0|350.0|45.0||||||||1600.0||4958.0||307.0||||5.0|10.0|2.0|||||||||155.0||10.0|78.0||772.0|19.0|20941.0||2.0|||||||||||||||||||||||5.0|16.0||10.0|2606.0||210.0|||
||2005||1.0|2.0||||||||500.0|10.0|160.0||60.0|260.0|300.0|10.0||||||||1600.0||5070.0||314.0||||5.0|27.0|8.0|||||||||127.0||8.0|55.0||725.0|19.0|21560.0||2.0|||||||||||||||||||||||5.0|16.0||12.0|2545.0|2.0|245.0|||
||2006||1.0|2.0|||||||250.0|513.0||150.0||65.0|240.0|350.0|11.0||||||||1600.0||5085.0||295.0||||21.0|10.0|7.0|||||||||120.0||5.0|75.0||735.0|70.0|21850.0||2.0|||||||||||||||||||||10.0||5.0|16.0||8.0|2506.0|3.0|245.0|||
||2007||2.0|2.0|||||||300.0|523.0||||70.0|2740.0||207.0||||||||2000.0|100.0|5078.0||290.0||||17.0|9.0|9.0|||||||||110.0||15.0|100.0||1234.0|75.0|24845.0||3.0|||||||||13.0||5.0||||||||||10.0||5.0|15.0||17.0|5.0|284.0|45.0|||
||2008||2.0|2.0|||||||100.0|503.0|||||2500.0||210.0||||||||2000.0|140.0|5083.0||1510.0||||19.0|10.0|10.0|||||||||120.0||5.0|115.0||1114.0|50.0|23349.0||2.0|||||||||13.0||5.0||||||||||10.0||5.0|30.0||27.0|10.0|284.0|45.0|||
||2009||2.0|2.0|||||||740.0|603.0|||||2500.0||210.0|||||5.0|||2200.0|140.0|5076.0||1310.0||||18.0|10.0|10.0|||||||||125.0||17.0|130.0||1613.0|60.0|24412.0||2.0|||||||||12.0||5.0||||||||||10.0||5.0|30.0||27.0|10.0|300.0|45.0|||
||2010||2.0|2.0|||||||950.0|513.0|||||2420.0||610.0||||||||1600.0|150.0|5677.0||1400.0||||7.0|20.0|200.0||||||||50.0|40.0||5.0|67.0||1759.0|260.0|25366.0|||||||||||||||||||||||15.0||5.0|45.0||37.0|15.0|300.0|55.0|||
||2011||2.0|2.0|||||||680.0|110.0||||80.0|1935.0||807.0||100.0||||||2000.0|200.0|5204.0||1300.0||||7.0|20.0|600.0||||||||15.0|40.0||3.0|74.0||2052.0|306.0|25512.0|||||||||||||||||||||||12.0||5.0|45.0||35.0|17.0|300.0|49.0|||
||2012||2.0|2.0|||||||680.0|110.0||||80.0|2100.0||1007.0||150.0||||||1900.0|400.0|5302.0||1500.0||||7.0|20.0|400.0||||||||15.0|35.0|||28.0||1928.0|524.0|26004.0|||||||||||||||||||||||5.0|||75.0||50.0|45.0|325.0|45.0|||
||2013||2.0|2.0|||||||700.0|110.0||||80.0|2200.0||1100.0||250.0|||5.0|||1800.0|420.0|5374.0||1600.0||||7.0|20.0|420.0||||||||10.0|50.0|||29.0||1844.0|544.0|26410.0|||||||||||||||||||||||3.0|||15.0||24.0|9.0|325.0|7.0|||
||2014||2.0|2.0|||||||680.0|100.0||||80.0|2250.0||1150.0||920.0|||5.0|||800.0|750.0|5474.0||2302.0||||7.0|22.0|300.0||||||||10.0|50.0|||29.0|2.0|1529.0|836.0|26334.0|||||||||||||||||||||||3.0|||15.0||24.0|9.0|325.0|7.0|||
||2015||2.0|2.0|||||||680.0|100.0||||82.0|190.0||5700.0||250.0|||5.0|||1200.0|550.0|5304.0||1652.0||||7.0|22.0|350.0||||||||15.0|65.0|||29.0|2.0|1929.0|656.0|27931.0|||||||||||||||||||||||1.0|||9.0||22.0|5.0|325.0|5.0|||
||2016||4.0|4.0|||||||680.0|120.0||||82.0|190.0||5510.0||225.0|||5.0|||1310.0|550.0|5266.0|25.0|1577.0||||7.0|97.0|300.0||||||||10.0|50.0|||33.0|2.0|2059.0|709.0|29145.0||25.0|||||||||||||||4.0||||||1.0|||9.0||22.0|10.0|335.0|5.0|||
||2017||5.0|5.0|||||||680.0|120.0||16.0||10.0|209.0||4850.0||180.0||20.0|5.0|||1360.0|605.0|4826.0|50.0|1682.0|10.0|||7.0|97.0|250.0||||||||20.0|51.0|||34.0|2.0|2060.0|769.0|30040.0||50.0|||||||||||||||4.0||||||1.0|||9.0||12.0|7.0|10.0|8.0|||
||2018||5.0|5.0|||||||680.0|120.0||16.0||10.0|267.0||4328.0||200.0||30.0|5.0|||1210.0|655.0|4606.0|75.0|1802.0|10.0|||7.0|102.0|250.0||||||||27.0|60.0|||34.0|2.0|1769.0|829.0|31148.0||100.0|||||||||||||||4.0|||||||||9.0||12.0|7.0|10.0|8.0|||
||2019||3.0|5.0|||||||650.0|110.0||16.0||10.0|219.0||4375.0||250.0||30.0|5.0|||1160.0|705.0|4505.0|100.0|1852.0|15.0|||7.0|112.0|250.0||||||||27.0|60.0|||36.0|2.0|1729.0|881.0|30982.0||150.0|||||||||||||||4.0|||||||||9.0||12.0|7.0|10.0|8.0|||
||2020||5.0|3.0||||||||||16.0||10.0|234.0||4413.0||265.0||40.0|10.0|||1230.0|750.0|4475.0|120.0|1677.0|15.0|||12.0|120.0|230.0||||||||34.0|65.0|||48.0|2.0|1755.0|887.0|30600.0||175.0|||||||||||||||4.0|||||||||9.0||12.0|7.0|10.0|8.0|||
||2021||7.0|1.0|||||||50.0|||25.0||10.0|118.0||4627.0||90.0||5.0|11.0|||900.0|705.0|4627.0|125.0|552.0|6.0|||12.0|42.0|50.0||||||||20.0|63.0|||65.0|2.0|1502.0|851.0|30230.0||180.0|||||||||||||||6.0|||||||||15.0||12.0|10.0|10.0|10.0|||
|Nevşehir-50|2004||||||||||||||||||||||||||||||||||2.0|4.0|||||||||||||2.0||6.0||9.0||||1.0||||||||1.0||||||||||||||||||1.0|||2.0|
||2005|||||||||||||||||1.0|||||||||||||||||2.0|4.0|||||||||||||2.0||6.0||9.0||||2.0||||||||1.0||||||||||||||||||1.0|||2.0|
||2006|||||||||||||||||||||||||||||||||||5.0|||||||||||||||3.0||11.0||||2.0||||||||1.0||||||||||||||||||1.0||||
||2007|||1.0||||||||||||||||||||||||||||||||2.0|||||||||||||2.0||3.0|2.0|11.0||||2.0||||||||1.0||||||||||||||||||2.0||||
||2008|||||||||||||||||||||||||||||||||||1.0|||||||||||||||1.0||12.0||||1.0||||||||1.0||||||||||||||||||||||
||2009|||||||||||||||||||||||||||||||||||1.0|||||||||||||||1.0||12.0||||1.0||||||||||||||||||||||||||||||
||2010|||||||||||||||||||||||||||||||||||2.0|||||||||||||2.0||4.0|1.0|16.0||||1.0||||||||||||||||||||||||||||||
||2011||||||||||||||||||||||||||||55.0|||||||2.0|||||||||||||2.0||4.0|1.0|17.0||||1.0||||||||||||||||||||||||||||||
||2012||||||||||||||||||||||||||||60.0|||||||1.0|||||||||||||||4.0||12.0||||1.0||||||||||||||||||||||||||||||
||2013||||||||||||||||||||||||||||60.0|||||||1.0|||||||||||||||4.0||20.0||||1.0||||||||||||||||||||||||||||||
||2014||||||||||||||||||||||||||||60.0|||||||1.0|||||||||||||||5.0||22.0||||1.0||||||||||||||||||||||||||||||
||2015||||||||||||||||||||||||||||60.0|||||||1.0|||||||||||||||4.0||23.0||||1.0||||||||||||||||||||||||||||||
||2016||||||||||||||||||||||||||||60.0|||||||1.0|||||||||||||||5.0||26.0||||1.0||||||||||||||||||||||||||||||
||2017||||||||||||||||||||||||||||56.0|||||||1.0|||||||||||||||5.0||26.0||||1.0||||||||||||||||||||||||||||||
||2018||||||||||||||||||||||||||||56.0|||||||1.0|||||||||||||||5.0||27.0||||1.0||||||||||||||||||||||||||||||
||2019||||||||||||||||||||||||||||56.0|||||||1.0|||||||||||||||5.0||27.0||||1.0||||||||||||||||||||||||||||||
||2020||||||||||||||||||||||||||||56.0|||||||1.0|||||||||||||||5.0||27.0||||1.0||||||||||||||||||||||||||||||
||2021||||||||||||||||||||||||||||56.0|||||||1.0|||||||||||||||5.0||27.0||||1.0||||||||||||||||||||||||||||||
|Niğde-51|2020|||||||||||||||||||||||||||||||||||2.0|||||||||||||7.0||3.0||6.0||1.0||||||||||||||||||||||||||||||||
||2021|||||||||||||||||||||||||||||||||||2.0|||||||||||||8.0||4.0||9.0||1.0||||||||||||||||||||||||||||||||
|Ordu-52|2004||13.0||||||||||3.0|||18.0||||||1.0|||||1.0||||11.0||||201.0|1.0||1.0||||||||||5.0|||205.0|4.0|86.0|||||||5.0||||71.0|1.0||2.0||||||||||||||32.0||12.0||||
||2005||15.0|||||||||||||21.0||15.0||||1.0|||||1.0||1.0||7.0||||202.0||||||||||||||||165.0|2.0|162.0||1.0|||||10.0||||69.0|1.0||3.0|||1.0||||||||1.0|||62.0|2.0|26.0||||
||2006|||15.0||||||||||||23.0||15.0|||||1.0||||1.0||1.0||5.0||||87.0|100.0|||||||||||||||161.0|2.0|157.0|2.0||||||10.0||||68.0|1.0||2.0|||||||||||1.0|||61.0|2.0|27.0||||
||2007|||||||||||||||8.0|||||||||||1.0||1.0||2.0||||80.0||||||||||||||||54.0|2.0|53.0|||||||4.0||1.0||67.0|||1.0||||||||||||||34.0||12.0|||1.0|
||2008||||||||||||||||||||||||||||||3.0||||108.0||||||||||||||11.0||72.0|1.0|71.0|||||||4.0||1.0||79.0|||1.0||||||||||||||43.0||16.0|||1.0|
||2009||||||||||||||||||||||||||||||5.0||||82.0||||||||||||||1.0||58.0||56.0|||||||4.0||||60.0|||1.0||||||||||||||43.0||16.0||||
||2010||||||||||||||||||||||||||||||1.0||||158.0||||||||||||||||151.0||129.0|||||||4.0||||80.0|||1.0||||||||||||2.0||49.0||24.0||||
||2011|||||||||||||||||||||1.0|||||1.0||1.0||1.0||||100.0||||||||||||||||79.0||54.0|||||||4.0||||27.0|||1.0||||||||||||2.0||25.0||21.0||||
||2012|||||||||||||||||||||1.0|||||1.0||1.0||1.0||||99.0||||||||||||||||93.0||39.0|||||||4.0||||27.0|||1.0||||||||||||2.0||25.0||21.0||||
||2013|||||||||||||||||||||1.0|||||1.0||1.0||4.0||||123.0|||1.0|||||||||||2.0||93.0||109.0||||||||||||||||||||||||||||||||||
||2014|||||||||||||||||||||1.0|||||1.0||1.0||7.0||||107.0|||1.0||||||||||||2.0|74.0|2.0|101.0|||||||||||6.0|||||||||||||||2.0||12.0||10.0||||
||2015|||||||||||||||||||||1.0|||||1.0||1.0||7.0||||105.0|||1.0||||||||||||1.0|75.0|1.0|95.0|||||||||||6.0|||||||||||||||2.0||12.0||10.0||||
||2016|||||||||||||||||||||1.0|||||1.0||1.0||7.0||||78.0|||3.0||||||||||||1.0|66.0|1.0|74.0|||||||||||26.0|||||||||||||||2.0||29.0||30.0||||
||2017|||||||||||||||||||||1.0|||||1.0||1.0||6.0||||81.0|||3.0||||||||||||1.0|69.0|1.0|78.0|||||||||||26.0|||||||||||||||2.0||29.0||30.0||||
||2018|||||||||||||||||||||1.0|||||1.0||1.0||7.0||||82.0|||4.0||||||||||||1.0|70.0|1.0|78.0|||||||||||26.0|||||||||||||||2.0||29.0||30.0||||
||2019|||||||||||||||||||||1.0|||||1.0||1.0||7.0||||83.0|||4.0||||||||||||1.0|71.0|1.0|79.0|||||||||||26.0|||||||||||||||2.0||29.0||30.0||||
||2020|||||||||||||||||||||1.0|||||1.0||1.0||7.0||||85.0|||4.0||||||||||||1.0|73.0|1.0|84.0|||||||||||26.0|||||||||||||||2.0||29.0||30.0||||
||2021|||||||||||||||||||||1.0|||||1.0||||26.0|||15.0|162.0|||33.0||3.0|||||||||3.0|2.0|101.0|2.0|97.0||||19.0|||||||50.0|||32.0|||2.0|||||||||1.0||43.0||40.0||||
|Osmaniye-80|2004||||||||||300.0||||||||||||||||||||4.0||||||||||||||||||||15.0||13.0||1.0||||||||||||||||||||||||||||||||
||2005||||||||||1000.0|100.0|||||||||||||||||||3.0||||||||||||||||||||17.0||14.0||1.0||||||||||||||||||||||||||||||||
||2006||||||||||1.0|1.0|||||||||||||||||||2.0||||||||||||||||||1.0||13.0|1.0|16.0||||||||||||||||||||||||||||||||||
||2007||||||||||2000.0||||||||||||||||||||||||||||||||||||||1.0||10.0||18.0||||||||||||||||||||||||||||||||||
||2008||||||||||1140.0||||||||14.0||||||||||||||||||||||||||||||||12.0||21.0||||||||||||||||||||||||||||||10.0||||
||2009||||||||||800.0|25.0|||||||||||||||||||||||||||||||||||||||9.0||18.0||||||||||||||||||||||||||||||3.0||||
||2010||||||||||1006.0||||||||||||||||||||||||||||||||||||||||10.0||16.0||||||||||||||||||||||||||||2.0||5.0||||
||2011||||||||||506.0||||||||||||||||||||||||||||||||||||||||5.0||11.0||||||||||||||||||||||||||||2.0||5.0||||
||2012||||||||||516.0||||||||||||||||||||||||||||||||||||||||||11.0||||||||||||||||||||||||||||1.0||11.0||||
||2013||||||||||120.0|||||||20.0|||||||||||||||||||||||||||||||||||6.0||||||||||||||||||||||||||||3.0||9.0||||
||2014||||||||||106.0|||||||10.0|||||||||||||||||||||||||||||||||||6.0||||||||||||||||||||||||||||3.0||9.0||||
||2015||||||||||56.0|||||||9.0|||||||||||||||||||||||||||||||||||||||||||||||||||||||||||||||3.0||9.0||||
||2016||||||||||||||||||||||||||||||||||||||||||||||||||1.0||6.0||||||||||||||||||||||||||||3.0||3.0||||
||2017||||||||||||||||||||||||||||||||||||||||||||||||||||2.0||||||||||||||||||||||||||||2.0||5.0||||
||2018||||||||||||||||||||||||||||||||||||||||||||||||||||2.0||||||||||||||||||||||||||||3.0||7.0||||
||2019||||||||||||||||||||||||||||||||||||||||||||||||2.0||14.0|2.0|24.0||||||||||||||||||||||||||||||||||
||2020||||||||||||||||||||||||||||||||||||||||||||||||||355.0|2.0|43.0||||||||||||||||||||||||||||||||||
||2021||||||||||||||||||||||||||||||||||||||||||||||||||613.0||39.0||||||||||||||||||||||||||||||7.0||||
|Rize-53|2004||||||||||||||||||||||||||||||||||||||||||||||||||6.0|||||||||||||2.0|2.0|1.0||||||||||||1.0|||5.0||1.0||||
||2005||||||||||||||||||||||||||||||||||||||||||||||||||8.0||||||||||||||||||||||||||||||||||||
||2006||||||||||||||||||||||||||||||||||||||||||||||||||7.0||||||||||||||||||||||||||||||||||||
||2007||||||||||||||||||||||||||||||||||||||||||||||||||||||||||||||||||||||||||||||||1.0||||||
|Sakarya-54|2004||||||||||||||||||||||||||||||23.0||||128.0|8.0|104.0||||||||||||1.0||284.0||3.0||||17.0||||||||||||||||||||||||||||||
||2005||||||||||||||||||||||||||||||3.0||||97.0|5.0|130.0||||||||||||1.0||252.0|4.0|||3.0||3.0|||10.0||||20.0|||||||||||||||||22.0|||||10.0|
||2006||||||||||||||||||||||||||||||13.0||||195.0|104.0|||||||||||||1.0||353.0||4.0||||13.0||||||||||||||||||||||||||||||
||2007||20.0||||||||||||||||||||||||||||||||81.0|104.0||||1.0|||||||||||279.0||22.0||||1.0|||10.0||||20.0|4.0||||||||||||||||30.0|||||11.0|
||2008||20.0||||||||||||||||||||||||||||||||82.0|109.0||||1.0|||||||||||287.0|1.0|172.0||||2.0|||9.0||||29.0|4.0||||||||||||||||21.0|||||1.0|
||2009|||||||||||||||||50.0|||||||||||||||||11.0|144.0||||1.0||||||||1.0|||145.0||71.0||||2.0|||9.0||||94.0|2.0||||||||||||||||31.0|||||1.0|
||2010|||||||||||||||||50.0|||||||||||||||||17.0|140.0|||||||||||||||51.0||54.0|||||||9.0||||34.0||||||||||||||10.0|||31.0||3.0|||1.0|
||2011|||||||||||||||||50.0|||||||||||||||||59.0|140.0|||||||||||||||93.0||54.0|||||||9.0||||34.0|||||||||||||||||36.0||3.0|||1.0|
||2012|||||||||||||||||50.0|||||||||||||||||66.0|140.0|||||||||||||||104.0||55.0|||||||9.0||||89.0|||||||||||||||||50.0||15.0|||1.0|
||2013|||||||||||||||||50.0|||||||||||||||||68.0|140.0|||||||||||||||107.0||57.0|||||||9.0||||89.0|||||||||||||||||50.0||15.0|||1.0|
||2014|||||||||||||||||50.0|||||||||||||||||66.0|140.0|||||||||||||||117.0||55.0|||||||9.0||||89.0|||||||||||||||||46.0||15.0|||1.0|
||2015|||||||||||||||||30.0|||||||||||||||||64.0|120.0|||||||||||||||110.0||37.0|||||||9.0||||109.0|||||||||||||||||56.0||20.0|||1.0|
||2016|||||||||||||||||30.0|||||||||||||||||66.0|120.0|||||||||||||||114.0||38.0|||||||9.0||||109.0|||||||||||||||||56.0||20.0|||1.0|
||2017|||||||||||||||||30.0|||||||||||||||||72.0|120.0|||||||||||||||98.0||36.0|||||||9.0||||114.0|||||||||||||||||56.0||20.0|||1.0|
||2018|||||||||||||||||30.0|||||||||||||||||73.0|133.0|||||||||||||||111.0||49.0|||||||9.0||||114.0|||||||||||||||||56.0||20.0|||1.0|
||2019|||||||||||||||||30.0|||||||||||||||||72.0|133.0|||||||||||||||110.0||53.0|||||||9.0||||115.0|||||||||||||||||56.0||20.0|||1.0|
||2020|||||||||||||||||30.0|||||||||||||||||83.0|133.0|||||5.0||||||||||120.0||50.0|||||||1.0||||115.0|||||||||||||||||55.0||20.0|||1.0|
||2021|||||||||||||||||30.0|||||||||||||||||85.0|133.0|||||5.0||||||||||121.0||51.0|||||||1.0||||113.0|||||||||||||||||52.0||20.0|||1.0|
|Samsun-55|2004|130.0|30.0|||30.0|||||4500.0||80.0|||1000.0|120.0|50.0|||||||||||||39.0||||3551.0|6.0|2.0|713.0|||||||||||20.0||4116.0|5.0|187.0||||6.0|||45.0|||||||||||||||||||||71.0||35.0||||
||2005|150.0|50.0|||50.0|||||4000.0||90.0|||750.0|150.0|70.0|||||||||||||29.0||||3544.0|8.0|2.0|512.0|||||||||||5.0||3828.0|8.0|334.0||||1.0||1.0|46.0|||||||||||||||||||||103.0||50.0||||
||2006|150.0|50.0|||50.0|||||4500.0|200.0|70.0|90.0||900.0||150.0|||||||||||||25.0||||3238.0|7.0|2.0|412.0|2.0|2.0||||1.0||||251.0|||3627.0|9.0|393.0||||2.0||1.0|46.0||||2.0|1.0||1.0||||||||||||||104.0||53.0||||
||2007|150.0|50.0|||50.0|||||4750.0||70.0|90.0||750.0||150.0|||||||||1.0||1.0||23.0||||3211.0|7.0||400.0||1.0|1.0|||1.0|||||540.0||3344.0|9.0|408.0||||2.0||1.0|46.0||||1.0|||||||||||||||||104.0||55.0||||
||2008|150.0|50.0|||50.0|||||2200.0|150.0|70.0|90.0||||150.0|300.0||||||||||||23.0||||4024.0|7.0||1100.0||2.0|1.0|||1.0||||801.0|||3336.0|9.0|803.0||||4.0|||45.0||||1.0|||||||||||||||||104.0||51.0||||
||2009|155.0|55.0|||55.0|||||6000.0|4500.0|75.0|90.0||||150.0|350.0||||||||||||26.0||||31.0|7.0||1.0||2.0|1.0|||1.0||||1.0|||141.0|11.0|54.0||1.0||4.0|||145.0||||650.0|||200.0|||||||||||1250.0|150.0||3206.0||551.0||||
||2010|160.0|450.0|||60.0|||||6000.0|6500.0|80.0|70.0||75.0|125.0|250.0|400.0||||||||||||29.0||||36.0|8.0||1.0||4.0|1.0|||1.0||||1.0|||165.0|8.0|70.0||1.0||8.0|||240.0||||655.0|||700.0|||||||||||1250.0|500.0||2626.0|100.0|1311.0||||
||2011|165.0|455.0|||65.0|||||6000.0|6500.0|80.0|75.0||75.0|125.0|260.0|400.0||||||||||||30.0||||35.0|14.0||1.0||3.0|1.0|||1.0||||1.0|2.0||163.0|8.0|73.0||1.0||7.0|||190.0||||4676.0|||750.0|||||||||||1350.0|500.0||2281.0|100.0|1866.0||||
||2012|165.0|455.0|||65.0|||||6500.0|6500.0|80.0|75.0||75.0|125.0|260.0|400.0||||||||||||30.0||||35.0|14.0||1.0||3.0|1.0|||1.0||||2.0|2.0||163.0|8.0|72.0||1.0||7.0|||140.0||||4776.0|||450.0|||||||||||1400.0|800.0||1781.0|300.0|1716.0||||
||2013|165.0|455.0|||65.0|||||7500.0|7000.0|80.0|75.0||75.0|125.0|260.0|450.0||||||||||||29.0||||32.0|12.0||1.0||3.0|1.0|||1.0||||1.0|2.0||190.0|11.0|100.0||2.0||7.0|||140.0||||4776.0|||750.0|||||||||||1350.0|550.0||1881.0|700.0|1671.0||||
||2014|165.0|455.0|||65.0|||||6650.0|6800.0|60.0|40.0|55.0|||110.0|410.0|20.0|||||||||||35.0||||51.0|13.0||1.0||5.0|1.0|||1.0||||2.0|3.0||168.0|16.0|83.0||||4.0|||142.0||||4826.0|||750.0|||||||||||800.0|750.0|850.0|1631.0|800.0|1424.0|||1.0|
||2015|165.0|55.0|||65.0|||||7000.0|7200.0|60.0|40.0|55.0|||110.0|400.0|20.0||||||||||||||||||||||||||||||||||||||||197.0||||4703.0|12.0||801.0|||5.0|1.0|||1.0||||852.0|803.0|850.0|1905.0|866.0|1507.0|||5.0|
||2016|165.0|55.0|||65.0|||||6000.0|6500.0|60.0|40.0|55.0|||110.0|350.0|20.0|||||||||||||||71.0|||||||||||||||22.0|6.0|6.0|43.0|||||||158.0||||5731.0|12.0||851.0|||5.0|1.0|||1.0||||841.0|853.0|875.0|1930.0|879.0|1602.0|||5.0|
||2017|165.0|55.0|||65.0|||||2000.0|3000.0|60.0|40.0|55.0|||110.0|100.0|20.0|||||||||||||||101.0|||||||||||||||24.0|14.0|9.0|75.0|||||||163.0||||6381.0|12.0||551.0|||5.0|1.0|||1.0||||880.0|904.0|950.0|1976.0|963.0|1759.0|||5.0|
||2018|165.0|55.0|||65.0|||||||60.0|40.0|55.0|||110.0||20.0|||||||||||||||121.0||||||||||||||1.0|26.0|18.0|12.0|70.0|||||||152.0||||1957.0|12.0||151.0|||5.0|1.0|||1.0||||360.0|245.0|150.0|932.0|190.0|593.0|||5.0|
||2019|100.0|35.0|||45.0|||||||30.0|25.0|35.0|||60.0||10.0|||||||||||||||123.0|||||||||||||||26.0|18.0|12.0|71.0|||||||137.0||||1947.0|12.0||151.0|||2.0|1.0|||1.0||||361.0|248.0|150.0|800.0|225.0|579.0|||6.0|
||2020|170.0|||||||||||25.0|25.0|35.0|||35.0|||||||||||||||||127.0|||||||||||||||26.0|19.0|12.0|70.0|||||||123.0||||2136.0|12.0||183.0|||9.0|4.0|3.0||1.0||||321.0|283.0|175.0|672.0|253.0|586.0|||37.0|
||2021|150.0|||||||||||20.0|20.0|25.0|||30.0|||||||||||||||||125.0|||||||||||||||26.0|19.0|12.0|70.0|||||||124.0||||2065.0|12.0||233.0|||40.0|24.0|5.0||1.0||||321.0|283.0|175.0|635.0|291.0|579.0|||25.0|
|Şanlıurfa-63|2004||||||||||100.0||5.0||||5.0|10.0||||||||16.0|3.0|||||||||||||||||||||15.0|62.0||22.0||17.0||||||||||||||||||||||||||||10.0||||||
||2005||||||||||20.0|||||||||||||||8.0|9.0|4.0||||||||1.0|||||||||||||74.0||14.0|8.0|16.0||||||||||||8.0||||||||||||||||7.0||||||
||2006||||||||||20.0|||||||||||||||8.0|1.0|12.0||||||||1.0||||||||||||10.0|38.0||14.0|35.0|16.0||||||||||||8.0||||||||30.0||||||||7.0||1.0||||
||2007||||||||||20.0||||||||||||1.0|||8.0|1.0|12.0||||||||5.0||||||||||||10.0|38.0||20.0|35.0|14.0||||||||||||||||||||30.0||||||||14.0||1.0||||
||2008||||||||||20.0||||||||||||1.0|||8.0||12.0||||||||||||||||||||5.0|26.0||6.0|39.0|28.0||||||||||||||||||||30.0||||||||14.0||||||
||2009|||||||||||||||6.0||3.0||||||||||1.0|52.0|||||||3.0|||||||1.0||||||24.0||14.0|27.0|30.0||||1.0||||||||||||||||||||||||||||||
||2010|||||||||||||||6.0||3.0||||||||||1.0|52.0|||||||||||||||||||3.0|24.0||55.0|26.0|63.0||||||||||||||||||||||||||||||||||
||2011|||||||||||||||6.0||3.0||||||||||1.0|52.0|||||||||||||||||||3.0|24.0||57.0|26.0|63.0||||||||||||||||||||||||||||7.0||1.0||||
||2012|||||||||||||||7.0||18.0||||||||||3.0|121.0|||||||||||||||||||3.0|26.0||63.0|26.0|237.0||||||||||||||||||||||||||||7.0||1.0||||
||2013|||||||||||||||7.0||18.0||||||||||3.0|121.0|||||||10.0||||||||||||3.0|26.0||63.0|26.0|237.0||||||||||||||||||||||||||||7.0||5.0||||
||2014|||||||||||||||15.0||||||||||||3.0|121.0|||||||||||||||||||4.0|26.0||63.0|23.0|235.0||||||||||||||||||||||||||||7.0||1.0||||
||2015|||||||||||||||||||||||||||3.0|121.0|||||||||||||||||||1.0|29.0||73.0|57.0|435.0||||||||||||||||||||||||||||7.0||1.0||||
||2016|||||||||||||||||||||||||||3.0|100.0||||||||||||||||||||33.0||78.0|59.0|453.0||||||||||||||||||||||||||||7.0||||||
||2017|||||||||||10.0|||||||||||||||||140.0||10.0||||||||||||||||||78.0||124.0|10.0|579.0||||||||||||||||||||||||||||7.0||||||
||2018|||||||||||10.0|||||||||||||||||140.0||10.0||||||||||||||||||78.0||124.0|20.0|579.0||||||||||||||||||||||||||||7.0||||||
||2019|||||||||||10.0|||||||||||||||||140.0||36.0||||15.0||||||||10.0||||289.0||13.0||224.0|124.0|330.0||||||||||||||||||||||||||||7.0||||||
||2020|||||||||||10.0|||||||||||||||||140.0||36.0||||15.0|4.0|||||||10.0||||250.0||113.0||218.0|105.0|335.0||||||||||||||||||||||||||||||||||
||2021|||||||||||10.0|||||||||||||||||140.0||26.0||||15.0|4.0|||||||10.0||||250.0||123.0||230.0|110.0|365.0||||||||||||||||||||||||||||||||||
|Siirt-56|2004||||||||||||||||||||||||||||||||||||||||||||||||||11.0||10.0||||||||||||||||||||||||||||||||||
||2005||||||||||||||||||||||||||||||||||||||||||||||||||11.0||10.0||||||||||||||||||||||||||||||||||
||2006||||||||||||||||||||||||||||||||||||||||||||||||||11.0||10.0||||||||||||||||||||||||||||||||||
||2007||||||||||||||||||||||||||||||||||||||||||||||||||5.0||8.0||||||||||||||||||||||||||||||||||
||2008||||||||||||||||||||||||||||||||||||||||||||||||||5.0||8.0||||||||||||||||||||||||||||||||||
||2010||||||||||||||||||||||||||||||||||||||||||||||||||||25.0||||||||||||||||||||||||||||||||||
||2011||||||||||||||||||||||||||||||||||||||||||||||||||||25.0||||||||||||||||||||||||||||||||||
||2012||||||||||||||||||||||||||||||||||||||||||||||||||||25.0||||||||||||||||||||||||||||||||||
||2013||||||||||||||||||||||||||||||||||||||||||||||||||||47.0||||||||||||||||||||||||||||||||||
||2014||||||||||||||||||||||||||||||||||||||||||||||||||||25.0||||||||||||||||||||||||||||||||||
||2015||||||||||||||||||||||||||||||||||||||||||||||||||||25.0||||||||||||||||||||||||||||||||||
||2016||||||||||||||||||||||||||||||||||||||||||||||||||23.0||||||||||||||||||||||||||||||||||||
||2017||||||||||||||||||||||||||||||||||||||||||||||||||50.0||||||||||||||||||||||||||||||||||||
||2018||||||||||||||||||||||||||||||||||||||||||||||||||53.0||||||||||||||||||||||||||||||||||||
||2019||||||||||||||||||||||||||||||||||||||||||||||||||56.0||||||||||||||||||||||||||||||||||||
||2020||||||||||||||||||||||||||||||||||||||||||||||||||56.0||||||||||||||||||||||||||||||||||||
||2021||||||||||||||||||||||||||||||||||||||||||||||||||187.0||||||78.0||||||||||||||||||||||||||||||
|Sinop-57|2004|||1.0||||||||||||3.0||1.0|||||||||||||||||2.0||||||||||||||||2.0|||||||||18.0||||39.0|2.0||11.0||1.0|5.0|||||||||3.0||103.0|4.0|24.0|||1.0|
||2005||1.0|1.0||||||||||||5.0||2.0|||||||||||||||||2.0||||||||||||||||2.0|||||||||18.0||||29.0|2.0|2.0|10.0||1.0|5.0|||||||||4.0||100.0|3.0|31.0|||2.0|
||2006|4.0|3.0|1.0|3.0||||||||2.0|2.0||9.0|1.0|4.0||1.0|||||||||||||||42.0|15.0||13.0||6.0|||||||||10.0||52.0||50.0||||10.0|||22.0||||31.0|2.0|4.0|1.0||1.0|||||||||2.0|6.0||101.0|5.0|29.0|||3.0|
||2007|4.0|2.0|1.0||1.0|||||||2.0|2.0||6.0|1.0|3.0||1.0|||||||2.0||1.0||||||7.0||||||||||||||1.0||5.0|1.0|5.0||||4.0|||19.0||||36.0|3.0||13.0||2.0|7.0||||||||2.0|7.0||95.0|7.0|28.0|||6.0|
||2008|4.0|2.0|1.0||1.0|||||||1.0|2.0||6.0|1.0|3.0||1.0|||||||1.0||||1.0||||7.0||||||||||||||1.0||7.0|1.0|7.0||||4.0|||19.0||||35.0|3.0||13.0||2.0|8.0||||||||2.0|7.0||98.0|7.0|29.0|||6.0|
||2009|4.0|2.0|1.0||1.0|||||||1.0|2.0||6.0|1.0|3.0||1.0|||||||||||3.0||||8.0|||3.0|2.0||||||||||5.0||10.0|3.0|16.0||||2.0|||19.0||||35.0|3.0||17.0||4.0|8.0||||||||2.0|12.0||93.0|27.0|48.0|||6.0|
||2010|14.0|7.0|1.0||1.0|||||||1.0|22.0||26.0|11.0|33.0||21.0|||||||||||3.0|||||||4.0|2.0||||||||||5.0||9.0|3.0|15.0||||2.0|||21.0||||20.0|2.0||19.0||5.0|1.0||||||||2.0|14.0||102.0|27.0|52.0|||6.0|
||2011|14.0|7.0|1.0||1.0|||||||1.0|22.0||26.0|11.0|33.0||21.0|||||||||||3.0|||||||4.0|2.0||||||||||5.0||9.0|3.0|15.0||||2.0|||21.0||||19.0|2.0||19.0||5.0|1.0||||||||2.0|14.0||98.0|27.0|52.0|||6.0|
||2012|14.0|7.0|1.0||1.0|||||||1.0|11.0||24.0|5.0|20.0||3.0|||||||||||4.0|||||||4.0|2.0||||||||||5.0||9.0|3.0|17.0||||2.0|||22.0||||20.0|2.0||20.0||5.0|1.0||||||||2.0|14.0||97.0|27.0|52.0|||6.0|
||2013|14.0|7.0|1.0||1.0|||||||1.0|11.0||24.0|1.0|20.0||1.0|||||||1.0||||4.0||||1.0|||4.0|2.0||||||||||5.0||19.0|3.0|20.0||||2.0|||22.0||||19.0|2.0||20.0||5.0|1.0||||||||2.0|14.0||86.0|27.0|50.0|||6.0|
||2014|10.0|5.0|1.0||||||||||9.0||18.0||16.0|||||||||1.0||||4.0||||1.0|||4.0|2.0||||||||||5.0||19.0|3.0|22.0||||2.0|||17.0||||16.0|2.0||19.0||5.0||||||||||15.0||86.0|26.0|56.0|||4.0|
||2015|10.0|5.0|1.0||||||||||9.0||18.0||16.0|||||||||1.0||||4.0||||1.0|||4.0|2.0||||||||||5.0||19.0|3.0|22.0||||2.0|||16.0||||16.0|1.0||19.0||5.0||||||||||12.0||83.0|25.0|53.0|||4.0|
||2016|10.0|5.0|||||||||||9.0||18.0||16.0|||||||||1.0||||4.0||||2.0|||4.0|3.0||||||||||5.0||19.0|3.0|22.0||||2.0|||16.0||||16.0|1.0||19.0||5.0||||||||||12.0||83.0|25.0|53.0|||4.0|
||2017|10.0|5.0|||||||||||9.0||18.0||16.0|||||||||1.0||||4.0||||2.0|||4.0|3.0||||||||||5.0||19.0|3.0|22.0||||2.0|||16.0||||16.0|1.0||19.0||5.0||||||||||12.0||85.0|25.0|55.0|||4.0|
||2018|10.0|5.0|||||||||||9.0||18.0||16.0|||||||||1.0||||4.0||||2.0|||4.0|3.0||||||||||5.0||19.0|3.0|22.0||||2.0|||16.0||||16.0|1.0||19.0||5.0||||||||||11.0||83.0|25.0|54.0|||4.0|
||2019|10.0|5.0|||||||||||9.0||18.0||16.0|||||||||1.0||||4.0||||2.0|||4.0|3.0||||||||||6.0||19.0|4.0|22.0||||2.0|||16.0||||16.0|1.0||19.0||5.0||||||||||11.0||83.0|25.0|54.0|||4.0|
||2020|9.0|5.0|||||||||||8.0||17.0||16.0|||||||||1.0||||4.0||||2.0|||4.0|3.0||||||||||5.0||19.0|4.0|23.0||||2.0|||15.0||||12.0|1.0||15.0||5.0||||||||||11.0||72.0|24.0|52.0|||4.0|
||2021|9.0|5.0|||||||||||8.0||17.0||16.0|||||||||1.0||||6.0||||13.0|10.0||2.0|3.0|1.0||||1.0|||||5.0||21.0|5.0|22.0||||5.0|||19.0||||49.0|36.0||30.0||5.0|2.0||||2.0|||||19.0||78.0|24.0|64.0|||18.0|
|Şırnak-73|2004||||||||||||||||||||||||||||||||||||||||||||||||1.0||10.0||4.0||||||||||||||||||||||||||||||||||
||2005||||||||||||||||||||||||||||||||||||||||||||||||1.0||10.0||4.0||||||||||||||||||||||||||||||||||
||2006||||||||||||||||||||||||||||||||||||||||||||||||1.0||10.0||4.0||||||||||||||||||||||||||||||||||
||2007||||||||||||||||||||||||||||||||||||||||||||||||||||1.0||||||||||||||||||||||||||||||||||
||2008||||||||||||||||||||||||||||||||||||||||||||||||||||1.0||||||||||||||||||||||||||||||||||
|Sivas-58|2004||||||||||||||||||||||||||||||||||2.0|1.0|||||||||||||1.0||2.0||3.0||||1.0|||||||5.0|8.0|1.0|1.0|||||||||||1.0|2.0||16.0|1.0|10.0||||
||2005||||||||||||||||||||||||||||||||||2.0|1.0|||||||||||||1.0||3.0||5.0||||1.0|||||||5.0|8.0|1.0|1.0|||||||||||1.0|2.0||15.0|1.0|8.0||||
||2006|||||||||||||||||||||||||||||||||||3.0|||||||||||||1.0||3.0||4.0||||1.0|||||||2.0|8.0||1.0|||||||||||1.0|3.0||14.0|1.0|10.0||||
||2007|||||||||||||||||||||||||||||||||||||||||||||||||||||||||||||||1.0|3.0||||||||||||||7.0||22.0|2.0|21.0||||
||2008|||||||||||||||||||||||||||||||||||||||||||||||||||||||||||||||1.0|3.0||||||||||||||4.0||20.0|2.0|20.0||||
||2009|||||||||||||||||||||||||||||||||||||||||||||||||||||||||||||||2.0|3.0||||||||||||||4.0||19.0|1.0|20.0||||
||2010||||||||||||||||||||||||||||||||||||||||||||||||||||||||||||||||1.0|||||||||||||3.0|4.0||34.0||36.0||||
||2011||||||||||||||||||||||||||||||||||||||||||||||||||||||||||||||||2.0|||||||||||||3.0|9.0||19.0||20.0||||
||2012||||||||||||||||||||||||||||||||||||||||||||||||||||||||||||||||3.0|||||1.0|1.0|||1.0||||4.0|15.0||25.0||25.0||||
||2013||||||||||||||||||||||||||||||||||||||||||||||||||||||||||||||||4.0|||||1.0|1.0|||1.0||||4.0|17.0||27.0||27.0||||
||2014||||||||||||||||||||||||||||||||||||||||||||||||||||||||||||||||4.0|||||1.0|1.0|||1.0||||4.0|19.0||30.0||31.0||||
||2015||||||||||||||||||||||||||||||||||||||||||||||||||||||||||||||||5.0|||||1.0|1.0|||1.0||||7.0|25.0||40.0||42.0||||
||2016||||||||||||||||||||||||||||||||||||||||||||||||||||||||||||||||5.0|||||1.0|1.0|||1.0||||7.0|28.0||43.0||47.0||||
||2017||||||||||||||||||||||||||||||||||||||||||||||||||||||||||||||||5.0|||||1.0|1.0|||1.0||||6.0|32.0||46.0||57.0||||
||2018||||||||||||||||||||||||||||||||||||||||||||||||||||||||||||||||5.0|||||1.0|1.0|||1.0||||6.0|35.0||48.0||63.0||||
||2019||||||||||||||||||||||||||||||||||||||||||||||||||||||||||||||||4.0|||||1.0|1.0|||1.0||||6.0|36.0||56.0||68.0||||
||2020||||||||||||||||||||||||||||||||||||||||||||||||||||||||||||||||5.0|||||||||||||6.0|44.0||71.0||75.0||||
||2021||||||||||||||||||||||||||||||||||||||||||||||||||||||||||||||||5.0|||||2.0||||2.0||||6.0|49.0||82.0||133.0||||
|Tekirdağ-59|2004||||||1.0||||||||||||||||||||||||||||12.0|8.0|2.0||||||||||||||11.0||1.0||||1.0|||6.0||||16.0|1.0||1.0||1.0||||||||||1.0||29.0||||||
||2005||||||8.0||||||||||||||||||||||||2.0||3.0||11.0|13.0|1.0|2.0||1.0|2.0||||||||||28.0|||||||||2.0||||13.0|1.0||1.0||11.0||||||||||||19.0|||||1.0|
||2006||||||4.0||||||||||||||||||||||||1.0||||6.0|2.0|1.0|||||||||||1.0|1.0||10.0|||||||||4.0||3.0||29.0|8.0||4.0||5.0|1.0|2.0|2.0|||||||1.0||35.0||10.0|||3.0|
||2007||||||||||||||||||||||||||||||||||13.0||||||||||||||||13.0|||||||||2.0||||26.0|7.0||8.0||5.0|2.0|2.0|2.0|||||||2.0||32.0|3.0|6.0|||2.0|
||2008||||||||||||||||||||||||||||||||||8.0||||||||||||||||8.0||||1.0|||||2.0||||39.0|6.0||5.0||8.0|3.0|3.0|3.0||||||2.0|5.0||58.0|4.0|12.0||1.0|2.0|
||2009|||||||||||||3.0|||||||||||||||44.0||||||2.0||||||||||||||||8.0|||||||||2.0||||56.0|3.0||2.0||20.0|2.0|1.0||||||||1.0||61.0||7.0|||6.0|
||2010||||||3.0|||||||3.0|||||||||||||||90.0||||||4.0|6.0|||||||||||||||11.0|||||||||3.0||||34.0|2.0||1.0||18.0|2.0|2.0|||||4.0|||||65.0||3.0|||4.0|
||2011||||||2.0||||||||||||||||||||||90.0||||||13.0|6.0|||||||||||||||19.0|||||||||6.0||||61.0|||||19.0|1.0|||||||||||34.0||1.0|||4.0|
||2012||||||2.0||||||||||||||||||||||90.0||||||3.0|8.0|||||||||||||||4.0|||||||||6.0||||62.0|||1.0||19.0|1.0|||||||||||99.0||1.0|||4.0|
||2013||3.0||||2.0||||3.0||||||||||||||||||90.0||||||3.0|8.0|||||||||||||||4.0|||||||||4.0||||101.0|||3.0||28.0|1.0|1.0||||5.0||||1.0||88.0||2.0|||4.0|
||2014||3.0||||2.0||||||||||||||||||||||90.0||||||||||||||||||||||1.0|||||||||5.0||||99.0|8.0||2.0||28.0|1.0|1.0||||||||1.0||118.0||2.0|||4.0|
||2015||5.0||||2.0||||3.0||||||||||||||||||92.0|||||||||||||||||||||||||||||||8.0||1.0||157.0|8.0||2.0||27.0|3.0|3.0||||5.0||||10.0||106.0|2.0|21.0|||4.0|
||2016||2.0||||2.0||||3.0||||||||||||||||||92.0||||||2.0|||||||||||||1.0|||1.0||1.0|||||||8.0|1.0|1.0||191.0|8.0||2.0||19.0|3.0|2.0||||5.0||||11.0||113.0|6.0|46.0|||5.0|
||2017||2.0||||2.0||||3.0||||||||||||||||||92.0||||||2.0|||||||1.0||||||1.0|||1.0||1.0|||||||7.0|1.0|1.0||184.0|8.0||2.0||9.0|2.0|3.0||||4.0||||12.0||108.0|5.0|46.0|||5.0|
||2018||1.0||||2.0||||3.0|||||||||||1.0|||||||92.0||||||36.0|||||||||||||1.0|||1.0|1.0|28.0|||||||7.0|1.0|1.0||136.0|8.0||6.0||10.0|8.0|2.0|1.0|||4.0|||3.0|9.0||107.0|4.0|16.0|||7.0|
||2019||1.0||||2.0||||3.0||||||||||||||||||93.0||||||35.0|||||||||||||1.0|||36.0|5.0|21.0|||||||13.0||1.0||130.0|8.0||10.0||11.0|8.0|2.0||||4.0|||3.0|9.0||62.0|2.0|10.0|||12.0|
||2020||1.0||||2.0||||3.0||||||||||||||||||99.0||||||31.0|||||||||||||1.0|||36.0||21.0|||||||5.0|1.0|1.0||129.0|8.0||10.0||10.0|8.0|2.0||||4.0||||9.0||123.0|2.0|9.0|||9.0|
||2021||3.0||||2.0|1.0||||||1.0||1.0||||1.0|||||||||42.0|||||||||||||||||||||||||||||||9.0||||133.0|||5.0|1.0|24.0|3.0|2.0|1.0|||1.0|4.0||1.0|32.0|4.0|75.0|15.0|41.0|||1.0|
|Tokat-60|2004||5.0|5.0|1.0|||1.0||||||||||2.0||30.0|||||||2.0||1.0||1.0||||21.0|80.0||||1.0|1.0|||||||4.0|3.0||146.0||68.0||1.0||10.0|||||||5.0|56.0|||||||||||||10.0|12.0||76.0|1.0|20.0|2.0||10.0|
||2005||5.0|5.0|1.0|||1.0|||||||||||||||||||1.0||1.0||||||29.0|77.0||||3.0|1.0|||5.0||||1.0|||131.0||56.0||||10.0|||||||22.0|54.0|||||5.0|2.0|||||||16.0|3.0||64.0|1.0|8.0|2.0||20.0|
||2006||4.0|||||1.0|||||||||||||||1.0||||1.0||||||||49.0|74.0||||||||||||3.0|||129.0|1.0|55.0||||40.0|||||||17.0|54.0|||||5.0||5.0||4.0||||5.0|||79.0|9.0|6.0|||62.0|
||2007||4.0|||||1.0|||||||||||||||1.0||||1.0||||||||58.0|75.0|2.0|||1.0||||||||2.0|||134.0|1.0|60.0||||41.0|||||||17.0|51.0||1.0|||5.0||5.0||4.0||||5.0|||77.0|7.0|6.0|||62.0|
||2008||4.0|||||1.0|||||||||||||||||||1.0||||||||36.0|79.0||||2.0|2.0|1.0||1.0||||4.0|1.0||161.0|1.0|55.0||||12.0|||||||15.0|55.0||1.0|||5.0|3.0|3.0||||||10.0|||65.0||16.0|||40.0|
||2009||4.0|||||1.0||||||||4.0|||||||||||1.0||||2.0||||37.0|74.0||||2.0|2.0|1.0||1.0||||4.0|4.0||190.0|1.0|55.0||||12.0|||||||16.0|50.0||1.0|||5.0|3.0|3.0||||||10.0|||71.0||5.0|||40.0|
||2010||||||||||||||||||||||||||1.0||||2.0||||16.0|25.0||||3.0|3.0|2.0||2.0||||25.0|4.0||147.0|2.0|50.0||||3.0|||||||12.0|31.0|||||3.0|2.0|2.0||4.0||||5.0|||65.0|8.0|9.0|||6.0|
||2011||||||||||||||||||||||||||1.0||||2.0||||81.0|31.0||||3.0|3.0|2.0||2.0||||40.0|4.0||170.0|5.0|77.0||||10.0|||||||75.0|32.0|||||3.0|2.0|2.0||2.0||||5.0|||65.0|8.0|9.0|||15.0|
||2012||||||||||||||||||||||||||1.0||||2.0||||111.0|30.0||||5.0|3.0|2.0||2.0||||30.0|2.0||193.0|5.0|83.0||||17.0|||||||60.0|32.0|||||3.0|2.0|2.0||4.0||||15.0|||66.0|8.0|9.0|||17.0|
||2013|||||||||5.0||||||||16.0|||||||||1.0||||2.0||||121.0|27.0||||5.0|3.0|3.0||||||30.0|2.0||199.0|10.0|92.0||||10.0|||||||75.0|30.0|||||5.0|3.0|5.0||8.0||||15.0|||63.0||7.0|||43.0|
||2014||||||||||||||||||||||||||1.0||||5.0||||135.0|26.0||||6.0|3.0|3.0||8.0||||30.0|5.0||215.0|12.0|119.0||||10.0|||||||67.0|23.0|||||5.0|4.0|5.0||5.0||||10.0|||58.0||13.0|||45.0|
||2015||||||||||||||||||||||||||1.0||||5.0||||137.0|26.0||||6.0|3.0|3.0||8.0||||37.0|5.0||280.0|12.0|148.0||||10.0|||||||74.0|23.0|||||6.0|5.0|5.0||6.0||||10.0|||59.0||11.0|||46.0|
||2016||||||||||||||||||||||||||1.0||||5.0||||269.0|21.0||||6.0|3.0|3.0||8.0||||40.0|5.0||285.0|12.0|165.0||||13.0|||||||48.0|18.0|||||6.0|5.0|5.0||6.0||||10.0|||59.0||11.0|||43.0|
||2017||||||||||||||||||||||||||1.0||||5.0||||574.0|17.0||||22.0|3.0|2.0||10.0||||48.0|5.0||332.0|15.0|272.0||||55.0|||||||45.0|16.0|||||15.0|4.0|4.0||13.0||||10.0|||40.0||13.0|||28.0|
||2018||||||||||||||||||||||||||1.0||||5.0||||501.0|17.0||||28.0|9.0|5.0||12.0||||58.0|5.0||445.0|17.0|306.0||||62.0|||||||25.0|8.0|||||15.0|6.0|5.0||13.0||||10.0|||40.0||13.0|||28.0|
||2019||||||||||||||||||||||||||||||5.0||||508.0|13.0||||28.0|9.0|5.0||12.0||||94.0|5.0||358.0|16.0|382.0||||62.0|||||||25.0|8.0|||||15.0|6.0|8.0||13.0||||10.0|||35.0||13.0|||28.0|
||2020||||||||||||||||||||||||||||||||||516.0|13.0||||28.0|9.0|5.0||12.0||||95.0|||378.0|15.0|407.0||||62.0|||||||25.0|8.0|||||15.0|6.0|8.0||13.0||||10.0|||33.0||8.0|||28.0|
||2021||||||||||||||||||||||||||||||||||518.0|12.0|||5.0|28.0|9.0|5.0||13.0||||100.0|||422.0|13.0|411.0||||47.0|||||||25.0|9.0|||||15.0|6.0|8.0||13.0||||10.0|||33.0||7.0|||28.0|
|Trabzon-61|2004||||||||||||||||||||||||||||||8.0||||5.0|11.0|||||||||||||1.0||42.0|3.0|12.0||||1.0||||||||||||||||||||||||||||||
||2005||||||||||||||||||||||||||||||8.0||||5.0|12.0|||||||||||||1.0||46.0|2.0|14.0||||1.0||||||||||||||||||||||||||||||
||2006||||||||||||||||||||||||||||||6.0||||11.0|24.0||2.0|||||||||||1.0||48.0|4.0|17.0||||1.0||||||||||||||||||||||||||||||
||2007||||||||||||||||||||||||||||||6.0||||11.0|24.0||2.0|||||||||||2.0||48.0|3.0|15.0||||1.0||||||||||||||||||||||||||||||
||2008||||||||||||||||||||||||||||||6.0||||17.0|32.0||2.0||||||||||1.0|3.0||46.0|5.0|18.0||||4.0||||||||||||||||||||||||||||||
||2009||||||||||||||||||||||||||||||7.0||||17.0|45.0||3.0||||||||||1.0|4.0||48.0|5.0|19.0||||4.0||||||||||||||||||||||||||||||
||2010||||||||||||||||||||||||||||||6.0||||17.0|42.0||3.0||||||||||1.0|2.0||43.0|5.0|18.0||||4.0||||||||||||||||||||||||||||||
||2011||||||||||||||||||||||||||||||6.0||||17.0|42.0||3.0||||||||||1.0|2.0||43.0|5.0|18.0||||4.0||||||||||||||||||||||||||||||
||2012||||||||||||||||||||||||||||||2.0||||15.0|34.0||7.0|4.0||||||||||||66.0|1.0|21.0||||6.0||||||||||||||||||||||||||||||
||2013||||||||||||||||||||||||||||||2.0||||16.0|30.0||3.0|||||||||||||51.0|1.0|21.0||||6.0||||||||||||||||||||||||||||||
||2014||||||||||||||||||||||||||||||2.0||||15.0|30.0||3.0|||||||||||||45.0|1.0|23.0||||6.0||||||||||||||||||||||||||||||
||2015||||||||||||||||||||||||||||||2.0||||13.0|29.0||3.0|||||||||||||57.0|1.0|31.0||||5.0||||||||||||||||||||||||||||||
||2016||||||||||||||||||||||||||||||2.0||||13.0|31.0||3.0|||||||||||||52.0|1.0|35.0||||5.0||||||||||||||||||||||||||||||
||2017||||||||||||||||||||||||||||||2.0||||22.0|40.0||3.0|||||||||||||67.0|1.0|43.0||||10.0||||||||||||||||||||||||||||||
||2018||||||||||||||||||||||||||||||1.0||||23.0|40.0||3.0|||||||||||||68.0||44.0||||10.0||||||||||||||||||||||||||||||
||2019||||||||||||||||||||||||||||||1.0||||28.0|40.0||3.0|||||||||||||69.0||50.0||||10.0||||||||||||||||||||||||||||||
||2020||||||||||||||||||||||||||||||1.0||||26.0|41.0||3.0|3.0||||||||||||74.0||56.0||||10.0||||||||||||||||||||||||||||||
||2021||||||||||||||||||||||||||||||1.0||||16.0|34.0||1.0|3.0|10.0|||||||||||54.0||39.0||||5.0||||||||||||||||||||||||||||||
|Tunceli-62|2004||||||||||||||||||||||||||||||||||||||||||||||||2.0||5.0||2.0||||||||||||||||||||||||||||||||||
||2005||||||||||||||||||||||||||||||||||||||||||||||||1.0||4.0||1.0||||||||||||||||||||||||||||||||||
||2006||||||||||||||||||||||||||||||||||||||||||||||||1.0||3.0||1.0||||||||||||||||||||||||||||||||||
||2007|||||||||||||||||||||||||||||||||||1.0|||||||||||||1.0||3.0||2.0||||1.0||||||||||||||||||||||||||||||
||2008||||||||||||||||||||||||||||||||||||||||||||||||||5.0||||||1.0||||||||||||||||||||||||||||||
||2009||||||||||||||||||||||||||||||||||||||||||||||||||4.0||||||1.0||||||||||||||||||||||||||||||
||2010||||||||||||||||||||||||||||||||||||||||||||||||||4.0||||||||||||||||||||||||||||||||||||
||2011||||||||||||||||||||||||||||||||||||||||||||||||||4.0||||||||||||||||||||||||||||||||||||
||2012||||||||||||||||||||||||||||||||||||||||||||||||||6.0||||||||||||||||||||||||||||||||||||
||2013||||||||||||||||||||||||||||||||||||||||||||||||||6.0||||||||||||||||||||||||||||||||||||
||2014||||||||||||||||||||||||||||||||||||||||||||||||||6.0||||||||||||||||||||||||||||||||||||
||2015||||||||||||||||||||||||||||||||||||||||||||||||||6.0||||||||||||||||||||||||||||||||||||
||2016||||||||||||||||||||||||||||||||||||||||||||||||||4.0||||||||||||||||||||||||||||||||||||
||2017||||||||||||||||||||||||||||||||||||||||||||||||||5.0||||||||||||||||||||||||||||||||||||
||2018||||||||||||||||||||||||||||||||||||||||||||||||||5.0||||||||||||||||||||||||||||||||||||
||2019||||||||||||||||||||||||||||||||||||||||||||||||||6.0||||||||||||||||||||||||||||||||||||
||2020||||||||||||||||||||||||||||||||||||||||||||||||||10.0||||||||||||||||||||||||||||||||||||
||2021||||||||||||||||||||||||||||||||||||||||||||||||||4.0||||||||||||||||||||||||||||||||||||
|Uşak-64|2004|||||||||||||||||||||||||||||||||||||||||||||||||||||||||||13.0||||2.0|23.0||3.0|||18.0|4.0|7.0|3.0|3.0||||1.0|6.0||46.0|2.0|63.0||2.0|15.0|
||2005|||||||||||||||||||||||||||||||||||||||||||||||||||||||||||14.0||||8.0|14.0||4.0|||15.0|3.0|1.0|||||||7.0||38.0|2.0|69.0|||16.0|
||2006||||||||||||||||||||||||||||||||||5.0|17.0||||4.0|||||||||||14.0|||||||||13.0|||||||5.0|||10.0|3.0|1.0||||||6.0|25.0||24.0|3.0|23.0|||16.0|
||2007|||||||||||||||||||||||||||||||||||||||||||||||||||||||||||16.0||||10.0|19.0||6.0|||13.0|3.0|1.0||1.0|||||7.0||44.0|3.0|53.0||1.0|12.0|
||2008|||||||||||||||||||||||||||||||||||||||||||||||||||||||||||16.0|||2.0|4.0|37.0||81.0|||9.0|5.0|4.0||1.0||||5.0|18.0||63.0|1.0|140.0||2.0|10.0|
||2009|||||||||||||||||||||||||||||||||||||||||||||||||||||||||||20.0|||2.0|3.0|40.0||51.0|||9.0|5.0|5.0||1.0||||5.0|46.0||65.0|2.0|147.0||4.0|15.0|
||2010|||||||||||||||||||||||||||||||||||||||||||||||||||||||||||12.0|||2.0|12.0|72.0||71.0|||19.0|15.0|14.0||1.0||||7.0|50.0||106.0|4.0|153.0||10.0|29.0|
||2011|||||||||||||||||||||||||||||||||||||||||||||||||||||||||||19.0|||2.0|10.0|110.0||91.0|||18.0|12.0|16.0||2.0||||7.0|50.0||95.0|11.0|194.0||5.0|25.0|
||2012||||||||||||||||||||||||||||||||||||||||||||||||1.0|||||||||||17.0|||3.0|14.0|89.0||44.0|||10.0|13.0|5.0||2.0|||||47.0||94.0|10.0|208.0||1.0|55.0|
||2013||||||||||||||||||||||||||||||||||||||||||||||||1.0|||||||||||19.0|||3.0|14.0|90.0||45.0|||10.0|13.0|6.0||2.0|||||47.0||95.0|10.0|216.0||1.0|55.0|
||2014||||||||||||||||||||||||||||||||||||||||||||||||1.0|||||||||||17.0|||3.0|15.0|86.0||44.0|||10.0|14.0|6.0||2.0|||||46.0||95.0|11.0|216.0||1.0|55.0|
||2015||||||||||||||||||||||||||||||||||||||||||||||||1.0|||||||||||17.0|||3.0|15.0|86.0||44.0|||10.0|14.0|6.0||2.0|||||47.0||97.0|11.0|217.0||1.0|55.0|
||2016||||||||||||||||||||||||||||35.0|||||||||||||||||||||||||||||||13.0|||3.0|28.0|81.0||51.0|||22.0|12.0|6.0||2.0|||2.0|7.0|61.0||78.0|13.0|232.0||1.0|40.0|
||2017||||||||||||||||||||||||||||35.0|||||||||||||||||||||||||||||||18.0|||3.0|32.0|85.0||51.0|||22.0|12.0|6.0||2.0|||2.0|7.0|61.0||85.0|13.0|226.0||1.0|40.0|
||2018||||||||||||||||||||||||||||68.0|||||||||||||||||||||||||||||||18.0|||3.0|32.0|84.0||51.0|||22.0|12.0|6.0||2.0|||2.0|7.0|61.0||84.0|13.0|226.0||1.0|40.0|
||2019||||||||||||||||||||||||||||68.0|||||||||||||||||||||||||||||||18.0|||3.0|32.0|85.0||52.0|||23.0|13.0|7.0||2.0|||5.0|10.0|61.0||79.0|13.0|220.0||1.0|40.0|
||2020||||||||||||||||||||||||||||68.0|||||||||||||||||||||||||||||||19.0|||3.0|32.0|65.0||32.0|||26.0|15.0|9.0||2.0|||5.0|10.0|61.0||79.0|15.0|180.0||1.0|20.0|
||2021||||||||||||||||||||||||||||68.0|||||||||||||||||||||||||||||||21.0|||3.0|30.0|65.0||32.0|||26.0|16.0|10.0||2.0|||5.0|10.0|66.0||79.0|18.0|170.0||1.0|20.0|
|Van-65|2004|||||||||||||||||||||||||||||||||||||||||||||||||||||||||||10.0|||||||1.0|||||1.0|||||||6.0||14.0||13.0||||
||2005|||||||||||||||||||||||||||||||||||||||||||||||||||||||||||10.0|||||1.0||1.0|||||1.0|||||||6.0||14.0||13.0||||
||2006|||||||||||||||||||||||||||||||||||||||||||||||||||||||||||10.0|||||1.0||1.0|||||1.0|||||||6.0||14.0||13.0||||
||2007|||||||||||||||||||||||||||||||||||||||||||||||||||||||||||15.0|||||1.0||1.0|||||1.0|||||||10.0||21.0||20.0||||
||2008|||||||||||||||||||||||||||||||||||||||||||||||||||||||||||15.0|||||1.0||1.0|||||1.0|||||||10.0||21.0||20.0||||
||2009|||||||||||||||||||||||||||||||||||||||||||||||||||||||||||15.0|||||1.0||1.0|||||1.0|||||||10.0||20.0||20.0||||
||2010||||||||||||||||||||||||||||||||||14.0|||||10.0||||||||6.0|||||||||10.0||10.0||||||1.0||||||||||||||1.0||11.0||9.0||||
||2011||||||||||||||||||||||||||||||||||14.0|||||10.0||||||||6.0|||||||||10.0||10.0||||||1.0||||||||||||||1.0||11.0||9.0||||
||2012||||||||||||||||||||||||||||||||||2.0|1.0||||1.0||||||||1.0|1.0||1.0||3.0||||1.0||1.0|||||14.0|1.0|||||10.0||||||||6.0|||9.0||7.0|||10.0|
||2013||||||||||||||||||||||||||||||||||1.0|1.0||||1.0||||||||1.0|15.0||1.0||1.0||||1.0||1.0|||||3.0|1.0|||||3.0||||||||3.0|||7.0||4.0|||4.0|
||2014||||||||||||||||||||||||||||||||||2.0|1.0||||1.0||||||||1.0|2.0||1.0||5.0||||1.0||1.0||||||||||||||||||||||||||||
||2015||||||||||||||||||||||||||||||||||2.0|3.0|3.0|||4.0|2.0|||||||1.0|17.0||1.0||9.0||||4.0||4.0||||||||||||||||||||||||||||
||2016||1.0|1.0|||||||||1.0|2.0||2.0||2.0||1.0||||||||||||||||1.0|1.0|||2.0|2.0|||||||1.0|5.0||13.0||12.0||||4.0||4.0||||||||||||||||||||||||32.0||||
||2017||1.0|1.0|||||||||1.0|2.0||2.0||2.0||1.0|||||||||||||||2.0|5.0|1.0|||2.0|2.0|||||||4.0|10.0|1.0|22.0||38.0||||7.0||9.0|||||||||||||||||||1.0||1.0|3.0||37.0||||
||2018||1.0|1.0|||||||||1.0|2.0||2.0||2.0||1.0|||||||||||||||2.0|6.0|1.0|||2.0|2.0|||||||4.0|10.0|1.0|23.0||39.0||||7.0||9.0|||||||||||||||||||1.0||1.0|3.0||37.0||||
||2019||2.0|3.0|||||||||1.0|2.0||3.0||2.0||2.0|||||||||||||||2.0|5.0|2.0|||2.0|3.0|||||||2.0|11.0|1.0|24.0||40.0||||6.0||8.0|||||||||||||||||||2.0||2.0|2.0||36.0||||
||2020||2.0|3.0|||||||||1.0|3.0||3.0||3.0||2.0|||||||||||||||2.0|6.0|2.0|||2.0|4.0|||||||2.0|11.0|1.0|33.0||49.0||||7.0||8.0|||||||||||||||||||1.0||2.0|2.0||37.0||||
||2021||2.0|3.0|||||||||1.0|2.0||3.0||2.0||2.0|||||||||||3.0||||2.0|7.0|2.0|||3.0|4.0|||||||2.0|12.0||35.0||50.0||||8.0||8.0||||||||||||||||||||||||32.0||||
|Yalova-77|2004||||||||||||||||||||||||||8.0||||9.0||||1163.0||5.0|76.0||2.0|1.0||2.0|||||1.0|||1486.0||23.0|||1.0|||||||||||||||||||||||||||||||
||2005||||||||||||||||||||||||||8.0||||8.0||||1173.0||5.0|77.0||5.0||||||||1.0|||1496.0||27.0|||1.0|||||||||||||||||||||||||||||||
||2006||||||||||||||||||||||||||4.0||||71.0||||1485.0|61.0||374.0|61.0|1.0|||||||||8.0||1691.0||63.0||5.0|||1.0|||||||||||||||||||||||||||||
||2007||||||||||||||||||||||||||||||34.0||||120.0||||||||5.0||||||26.0||80.0||30.0||||2.0|||47.0||||1060.0|59.0||380.0||53.0|5.0||||5.0||||5.0|12.0||1385.0||94.0|||10.0|
||2008||40.0||||||||||||||||||||||||||||34.0||||120.0||||||||5.0||||||26.0||80.0||30.0||||2.0|||76.0||||1020.0|15.0|30.0|80.0||61.0|6.0|||||||||23.0||1285.0|2.0|118.0|||21.0|
||2009|||||||||||||||||||||5.0|||||5.0||||34.0||||120.0||||||||||||||25.0||80.0||30.0|||||||70.0||||1050.0|5.0||60.0||75.0|4.0||||||||5.0|74.0||1075.0||94.0|||15.0|
||2010|||||||||||||||||||||5.0|||||5.0||||34.0||||120.0|||||5.0|2.0||3.0|2.0|||||25.0||85.0||40.0|||||||85.0||||1185.0|||40.0||480.0|5.0|||||||||77.0||1180.0||64.0||||
||2011|||||||||||||||||||||5.0|||||5.0||||34.0||||115.0|||||4.0|2.0||2.0|2.0|||||25.0||98.0||40.0|||||||106.0||||1183.0|||30.0||600.0|7.0|||||||||81.0||1081.0|1.0|95.0|||10.0|
||2012|||||||||||||||||||||5.0|||||5.0||||34.0||||113.0|||||3.0|2.0||2.0|2.0|||||25.0||100.0||38.0|||||||106.0||||1193.0|||32.0||600.0|6.0|||||||||101.0||1181.0|1.0|115.0|||10.0|
||2013|||||||||||||||||||||5.0|||||5.0||||20.0||||50.0|||||3.0||||2.0|||||16.0||38.0||14.0|||||||126.0||||1263.0|||40.0||700.0|6.0|||||||||126.0||1091.0|1.0|160.0|||10.0|
||2014|||||||||||||||||||||5.0|||||5.0||||20.0||||32.0||||||||||||||16.0||30.0||10.0|||||||126.0||||983.0|||40.0||200.0|6.0|||||||||126.0||961.0|1.0|165.0|||10.0|
||2015|||||||||||||||||||||5.0|||||5.0||||20.0||||32.0||||||||||||||16.0||29.0||10.0|||||||123.0||||904.0|||40.0||200.0|6.0|||||||||126.0||882.0|1.0|159.0|||10.0|
||2016|||||||||||||||||||||5.0|||||5.0||||20.0||||30.0||||||||||||||16.0||27.0||10.0|||||||123.0||||835.0|||40.0||200.0|6.0|||||||||127.0||816.0||157.0|||10.0|
||2017|||||||||||||||||||||5.0|||||5.0||||20.0||||11.0||||||||||||||50.0||28.0||6.0|||||||123.0||||760.0|||40.0||200.0|6.0||||||||1.0|130.0|3.0|741.0||155.0|||10.0|
||2018|||||||||||||||||||||5.0|||||5.0||||20.0||||10.0||||||||||||||50.0||27.0||6.0|||||||124.0||||682.0|||40.0||200.0|6.0||||||||5.0|137.0|7.0|663.0|1.0|153.0|||10.0|
||2019|||||||||||||||||||||10.0|||||10.0||||20.0||||10.0||||||||||||||50.0||24.0||6.0|||||||126.0||||593.0|||40.0||200.0|6.0||||||||2.0|140.0|5.0|575.0||154.0|||10.0|
||2020||||||||||||||||||||||||||||||23.0||||13.0||||||||||||||55.0||26.0||7.0|||||||206.0||||498.0|||20.0||250.0|5.0||||||||2.0|114.0|4.0|300.0||125.0|||20.0|
||2021||||||||||||||||||||||||||||||23.0||||14.0||||||||||||||55.0||52.0||8.0|||||||257.0||150.0||547.0|||110.0|120.0|1500.0|30.0||||||||2.0|270.0|4.0|575.0||108.0|||50.0|
|Yozgat-66|2004|||||||||||||||||||||||||||||||||||9.0|||||||||||||||||||||||||||||||||||||||||||5.0||19.0||13.0|||3.0|
||2005||||||||||||||||||||||||||||||||||||||||||||||||||||||||||||||||||||||||||||||5.0||11.0||12.0||||
||2006||||||||||||||||||||||||||||||||||||||||||||||||||||||||||||||||||||||||||||||1.0||6.0||11.0||||
||2007|||||||||||||||||||||||||||||||||||||||||||||||||||||||||||1.0|||||||||||||||||||3.0||2.0||4.0||||
||2008|||||||||||||||||||||||||||||||||||||||||||||||||||||||||||1.0|||||||||||||||||||2.0||2.0||3.0||||
||2009||||||||||||||||||||||||||||||||||||||||||||||||||||||||||||||||||||||||||||||3.0||3.0||3.0||||
||2010||||||||||||||||||||||||||||||||||||||||||||||||||||10.0||||||||||||||||||||||||||2.0||2.0||5.0||||
||2011||||||||||||||||||||||||||||||||||||||||||||||||||||15.0||||||||||||||||||||||||||2.0||2.0||5.0||||
||2012||||||||||||||||||||||||||||||||||||||||||||||||||||25.0||||||||||||||||||||||||||2.0||2.0||5.0||||
||2013||||||||||||||||||||||||||||||||||||||||||||||||||||25.0||||||||||||||||||||||||||2.0||2.0||5.0||||
||2014||||||||||||||||||||||||||||||||||||||||||||||||||||25.0||||||||||||||||||||||||||1.0||1.0||14.0||||
||2015||||||||||||||||||||||||||||||||||||||||||||||||||||25.0||||||||||||||||||||||||||1.0||1.0||14.0||||
||2016||||||||||||||||||||||||||||||||||||||||||||||||||||25.0||||||||||||||||||||||||||1.0||1.0||6.0||||
||2017||||||||||||||||||||||||||||||||||||||||||||||||||||25.0||||||||||||||||||||||||||1.0||1.0||4.0||||
||2018||||||||||||||||||||||||||||||||||||||||||||||||||||25.0||||||||||||||||||||||||||||||3.0||||
||2019||||||||||||||||||||||||||||25.0||||||||||||||||||||||||||||||||||||||||||||||||||||||3.0||||
||2020||||||||||||||||||||||||||||||||||||||||||||||||||||82.0||||||||||||||||||||||||||||||4.0||||
||2021||||||||||||||||||||||||||||||||||||||||||||||||||||118.0||||||||||||||||||||||||||||||11.0||||
|Zonguldak-67|2004||4.0|3.0||2.0||||||||||270.0|||130.0|1.0|||||||||||188.0||||52.0|15.0||21.0||||||||||4.0|12.0||115.0|3.0|41.0||3.0||2.0|||74.0||||24.0|16.0||48.0|||2.0||||||||10.0|37.0||77.0|2.0|37.0|4.0||16.0|
||2005||4.0|3.0||2.0|||||140.0||||||||256.0|1.0|||||||||||193.0||||53.0|17.0||22.0||||||||||6.0|10.0||120.0|3.0|41.0||3.0||2.0|||76.0||||24.0|20.0||49.0|||2.0||||||||9.0|40.0||79.0|2.0|39.0|5.0||16.0|
||2006||4.0|3.0||2.0||||||||||266.0|||130.0|1.0|||||||||||195.0||||54.0|17.0||22.0||||||||||4.0|13.0||76.0|3.0|41.0||48.0||2.0|||80.0||||26.0|10.0||20.0|||2.0||||||||9.0|34.0||52.0|2.0|31.0|35.0||16.0|
||2007||4.0|3.0||2.0||1.0|||||1.0|3.0||5.0||3.0|||||||||||||217.0||||62.0|25.0||33.0||2.0||||||||4.0|34.0||148.0|4.0|66.0||3.0||2.0|||57.0||||19.0|13.0||39.0|||2.0||||||||9.0|25.0||61.0|2.0|35.0|5.0||17.0|
||2008||4.0|4.0||2.0||1.0||||||3.0||5.0|3.0|3.0|||||||||||||218.0||||61.0|26.0||33.0||2.0||||||||4.0|35.0||149.0|4.0|67.0||3.0||2.0|||57.0||||19.0|13.0||38.0|||3.0||||||||9.0|25.0||61.0|2.0|35.0|12.0||17.0|
||2009||4.0|3.0||2.0||1.0|||||||||||||||||||||||228.0||||57.0|27.0||34.0||2.0||||||||3.0|43.0||155.0|3.0|71.0||3.0||2.0|||48.0||||36.0|13.0||40.0|||3.0||||||||8.0|28.0||52.0|2.0|36.0|4.0||16.0|
||2010||4.0|3.0||2.0||1.0||||||3.0||5.0||3.0|||||||||||||203.0||||51.0|18.0||22.0||2.0||||||||3.0|21.0||127.0|3.0|48.0||3.0||2.0|||99.0||||54.0|34.0||64.0|||3.0||||||||7.0|84.0||113.0|2.0|94.0|4.0||16.0|
||2011||4.0|3.0||2.0||1.0|||||||||||||||||||||||208.0||||52.0|18.0||22.0||2.0||||||||3.0|22.0||128.0|3.0|48.0||3.0||2.0|||98.0||||56.0|35.0||67.0|||3.0||||||||7.0|85.0||112.0|2.0|95.0|4.0||17.0|
||2012||4.0|3.0||2.0||1.0|||||||||||||||||||||||213.0||||52.0|18.0||22.0||2.0||||||||4.0|23.0||124.0|3.0|54.0||3.0||2.0|||104.0||||62.0|41.0||72.0|||4.0||||||||6.0|92.0||117.0|3.0|103.0|4.0||16.0|
||2013||4.0|3.0||2.0||1.0|||||||||||||||||||||||219.0||||53.0|19.0||24.0||2.0||||||||4.0|23.0||126.0|3.0|58.0||3.0||2.0|||107.0||||65.0|43.0||75.0|||4.0||||||||6.0|94.0||120.0|3.0|107.0|4.0||18.0|
||2014||4.0|3.0||2.0||1.0|||||||||||||||||||||||216.0||||51.0|16.0||23.0||2.0||||||||4.0|26.0||122.0|3.0|58.0||3.0||3.0|||108.0||||70.0|42.0||76.0|||4.0||||||||6.0|96.0||120.0|3.0|110.0|4.0||18.0|
||2015||4.0|3.0||2.0||1.0|||||||||||||||||||||||196.0||||56.0|16.0||23.0||2.0||||||||4.0|26.0||127.0|3.0|68.0||3.0||3.0|||97.0||||69.0|41.0||76.0|||4.0||||||||6.0|96.0||125.0|3.0|116.0|4.0||17.0|
||2016||4.0|3.0||2.0||1.0|||||||||||||||||||||||212.0||||61.0|21.0||39.0||2.0||||||||4.0|42.0||142.0|3.0|84.0||3.0||2.0|||99.0||||70.0|40.0||76.0|||4.0||||||||6.0|96.0||123.0|3.0|116.0|4.0||17.0|
||2017||4.0|3.0||2.0||1.0|||||||||||||||||||||||216.0||||74.0|21.0||40.0||2.0||||||||4.0|44.0||146.0|3.0|89.0||3.0||2.0|||104.0||||70.0|40.0||76.0|||4.0||||||||6.0|96.0||128.0|3.0|121.0|4.0||17.0|
||2018||4.0|3.0||2.0||1.0|||||||||||||||||||||||215.0||||74.0|19.0||38.0||2.0||||||||4.0|44.0||145.0|3.0|88.0||3.0||2.0|||106.0||||71.0|40.0||76.0|||4.0||||||||7.0|97.0||128.0|3.0|122.0|4.0||17.0|
||2019||9.0|7.0||3.0||3.0|||||||||||8.0||||||||||||215.0||||74.0|19.0||38.0||2.0||||||||5.0|46.0||148.0|3.0|93.0||3.0||2.0|||111.0||||80.0|48.0||82.0|||9.0||||||||8.0|98.0||130.0|3.0|136.0|4.0||16.0|
||2020||9.0|7.0||3.0||3.0|||||||||||||||||||||||222.0||||86.0|18.0||37.0||3.0||||||||7.0|55.0||147.0|5.0|99.0||4.0||2.0|||118.0||||84.0|47.0||76.0|||10.0||||||||9.0|103.0||135.0|5.0|148.0|5.0||15.0|
||2021||9.0|7.0||3.0||3.0|||||||||||||||||||||||203.0||||86.0|18.0||39.0||3.0||||||||5.0|55.0||139.0|5.0|98.0||4.0||2.0|||123.0||||88.0|43.0||79.0|||10.0||||||||9.0|111.0||136.0|5.0|156.0|5.0||15.0|
||||||||||||||||||||||||||||||||||||||||||||||||||||||||||||||||||||||||||||||||||||||||
