|||Sütunlar||||||||||||||||||||||||||||||||||||||||||||||||||||||||||||||||||
Satırlar|||||||||||||||||||||||||||||||||||||||||||||||||||||||||||||||||||||
|||||||||||||||||||||||||||||||||||||||||||||||||||||||||||||||||||||
|||Üretim Miktarı ve Alçak Tünel ve 01.19.21.00.07. (Lilyum (Zambak), Kesme) - Adet Sayısı|Üretim Miktarı ve Alçak Tünel ve 01.19.21.00.10. (Gül, Kesme) - Adet Sayısı|Üretim Miktarı ve Alçak Tünel ve 01.19.21.00.13. (Fresia, Kesme) - Adet Sayısı|Üretim Miktarı ve Alçak Tünel ve 01.19.21.00.15. (Sümbül, Kesme) - Adet Sayısı|Üretim Miktarı ve Alçak Tünel ve 01.19.21.00.16. (İris, Kesme) - Adet Sayısı|Üretim Miktarı ve Alçak Tünel ve 01.19.21.00.19. (Nergis, Kesme) - Adet Sayısı|Üretim Miktarı ve Alçak Tünel ve 01.19.21.00.99. (Diğer Kesme Çiçek Ve Çiçek Koncaları) - Adet Sayısı|Üretim Miktarı ve Alçak Tünel ve 01.30.10.03.05. (İç Mekan Süs Bitkileri (Oda Bitkileri)) - Adet Sayısı|Üretim Miktarı ve Alçak Tünel ve 01.30.10.03.06. (Dış Mekan Süs Bitkileri) - Adet Sayısı|Üretim Miktarı ve Cam Sera ve 01.19.21.00.01. (Karanfil, Kesme) - Adet Sayısı|Üretim Miktarı ve Cam Sera ve 01.19.21.00.02. (Glayöl, Kesme) - Adet Sayısı|Üretim Miktarı ve Cam Sera ve 01.19.21.00.03. (Gerbera, Kesme) - Adet Sayısı|Üretim Miktarı ve Cam Sera ve 01.19.21.00.04. (Gypsohilla, Kesme) - Adet Sayısı|Üretim Miktarı ve Cam Sera ve 01.19.21.00.05. (Kasımpatı (Krizantem), Kesme) - Adet Sayısı|Üretim Miktarı ve Cam Sera ve 01.19.21.00.07. (Lilyum (Zambak), Kesme) - Adet Sayısı|Üretim Miktarı ve Cam Sera ve 01.19.21.00.08. (Orkide, Kesme) - Adet Sayısı|Üretim Miktarı ve Cam Sera ve 01.19.21.00.10. (Gül, Kesme) - Adet Sayısı|Üretim Miktarı ve Cam Sera ve 01.19.21.00.13. (Fresia, Kesme) - Adet Sayısı|Üretim Miktarı ve Cam Sera ve 01.19.21.00.14. (Şebboy, Kesme) - Adet Sayısı|Üretim Miktarı ve Cam Sera ve 01.19.21.00.15. (Sümbül, Kesme) - Adet Sayısı|Üretim Miktarı ve Cam Sera ve 01.19.21.00.17. (Statice, Kesme) - Adet Sayısı|Üretim Miktarı ve Cam Sera ve 01.19.21.00.99. (Diğer Kesme Çiçek Ve Çiçek Koncaları) - Adet Sayısı|Üretim Miktarı ve Cam Sera ve 01.30.10.01. (Çiçek Soğanları) - Adet Sayısı|Üretim Miktarı ve Cam Sera ve 01.30.10.03.05. (İç Mekan Süs Bitkileri (Oda Bitkileri)) - Adet Sayısı|Üretim Miktarı ve Cam Sera ve 01.30.10.03.06. (Dış Mekan Süs Bitkileri) - Adet Sayısı|Üretim Miktarı ve Plastik Sera ve 01.19.21.00.01. (Karanfil, Kesme) - Adet Sayısı|Üretim Miktarı ve Plastik Sera ve 01.19.21.00.02. (Glayöl, Kesme) - Adet Sayısı|Üretim Miktarı ve Plastik Sera ve 01.19.21.00.03. (Gerbera, Kesme) - Adet Sayısı|Üretim Miktarı ve Plastik Sera ve 01.19.21.00.04. (Gypsohilla, Kesme) - Adet Sayısı|Üretim Miktarı ve Plastik Sera ve 01.19.21.00.05. (Kasımpatı (Krizantem), Kesme) - Adet Sayısı|Üretim Miktarı ve Plastik Sera ve 01.19.21.00.06. (Anemon (Manisa Lalesi), Kesme) - Adet Sayısı|Üretim Miktarı ve Plastik Sera ve 01.19.21.00.07. (Lilyum (Zambak), Kesme) - Adet Sayısı|Üretim Miktarı ve Plastik Sera ve 01.19.21.00.08. (Orkide, Kesme) - Adet Sayısı|Üretim Miktarı ve Plastik Sera ve 01.19.21.00.09. (Lale, Kesme) - Adet Sayısı|Üretim Miktarı ve Plastik Sera ve 01.19.21.00.10. (Gül, Kesme) - Adet Sayısı|Üretim Miktarı ve Plastik Sera ve 01.19.21.00.12. (Lisianthus, Kesme) - Adet Sayısı|Üretim Miktarı ve Plastik Sera ve 01.19.21.00.13. (Fresia, Kesme) - Adet Sayısı|Üretim Miktarı ve Plastik Sera ve 01.19.21.00.14. (Şebboy, Kesme) - Adet Sayısı|Üretim Miktarı ve Plastik Sera ve 01.19.21.00.15. (Sümbül, Kesme) - Adet Sayısı|Üretim Miktarı ve Plastik Sera ve 01.19.21.00.16. (İris, Kesme) - Adet Sayısı|Üretim Miktarı ve Plastik Sera ve 01.19.21.00.17. (Statice, Kesme) - Adet Sayısı|Üretim Miktarı ve Plastik Sera ve 01.19.21.00.18. (Solidago (Altınbaşak), Kesme) - Adet Sayısı|Üretim Miktarı ve Plastik Sera ve 01.19.21.00.99. (Diğer Kesme Çiçek Ve Çiçek Koncaları) - Adet Sayısı|Üretim Miktarı ve Plastik Sera ve 01.30.10.01. (Çiçek Soğanları) - Adet Sayısı|Üretim Miktarı ve Plastik Sera ve 01.30.10.03.05. (İç Mekan Süs Bitkileri (Oda Bitkileri)) - Adet Sayısı|Üretim Miktarı ve Plastik Sera ve 01.30.10.03.06. (Dış Mekan Süs Bitkileri) - Adet Sayısı|Üretim Miktarı ve Yüksek Tünel ve 01.19.21.00.01. (Karanfil, Kesme) - Adet Sayısı|Üretim Miktarı ve Yüksek Tünel ve 01.19.21.00.02. (Glayöl, Kesme) - Adet Sayısı|Üretim Miktarı ve Yüksek Tünel ve 01.19.21.00.03. (Gerbera, Kesme) - Adet Sayısı|Üretim Miktarı ve Yüksek Tünel ve 01.19.21.00.04. (Gypsohilla, Kesme) - Adet Sayısı|Üretim Miktarı ve Yüksek Tünel ve 01.19.21.00.05. (Kasımpatı (Krizantem), Kesme) - Adet Sayısı|Üretim Miktarı ve Yüksek Tünel ve 01.19.21.00.06. (Anemon (Manisa Lalesi), Kesme) - Adet Sayısı|Üretim Miktarı ve Yüksek Tünel ve 01.19.21.00.07. (Lilyum (Zambak), Kesme) - Adet Sayısı|Üretim Miktarı ve Yüksek Tünel ve 01.19.21.00.08. (Orkide, Kesme) - Adet Sayısı|Üretim Miktarı ve Yüksek Tünel ve 01.19.21.00.09. (Lale, Kesme) - Adet Sayısı|Üretim Miktarı ve Yüksek Tünel ve 01.19.21.00.10. (Gül, Kesme) - Adet Sayısı|Üretim Miktarı ve Yüksek Tünel ve 01.19.21.00.12. (Lisianthus, Kesme) - Adet Sayısı|Üretim Miktarı ve Yüksek Tünel ve 01.19.21.00.13. (Fresia, Kesme) - Adet Sayısı|Üretim Miktarı ve Yüksek Tünel ve 01.19.21.00.14. (Şebboy, Kesme) - Adet Sayısı|Üretim Miktarı ve Yüksek Tünel ve 01.19.21.00.15. (Sümbül, Kesme) - Adet Sayısı|Üretim Miktarı ve Yüksek Tünel ve 01.19.21.00.16. (İris, Kesme) - Adet Sayısı|Üretim Miktarı ve Yüksek Tünel ve 01.19.21.00.19. (Nergis, Kesme) - Adet Sayısı|Üretim Miktarı ve Yüksek Tünel ve 01.19.21.00.99. (Diğer Kesme Çiçek Ve Çiçek Koncaları) - Adet Sayısı|Üretim Miktarı ve Yüksek Tünel ve 01.30.10.01. (Çiçek Soğanları) - Adet Sayısı|Üretim Miktarı ve Yüksek Tünel ve 01.30.10.03.05. (İç Mekan Süs Bitkileri (Oda Bitkileri)) - Adet Sayısı|Üretim Miktarı ve Yüksek Tünel ve 01.30.10.03.06. (Dış Mekan Süs Bitkileri) - Adet Sayısı|
Örtüaltı Süs Bitkileri|Bolu-14|2013||||||||||||||||||||||||||||||||||||||||||||||||||||||||||||||||||7680.0|
|Burdur-15|2011||||||||||||||||||||||||||1900000.0|||||||||||||||||||||||||||||||||||||||||
||2012||||||||||||||||||||||||||1995000.0|||||||||||||||||||||||||||||||||||||||||
||2013||||||||||||||||||||||||||2470000.0|||||||||||||||||||||||||||||||||||||||||
||2014||||||||||||||||||||||||||2470000.0|||||||||||||||||||||||||||||||||||||||||
||2015||||||||||||||||||||||||||2470000.0|||||||||||||||||||||||||||||||||||||||||
||2016||||||||||||||||||||||||||2470000.0|||||||||||||||||||||||||||||||||||||||||
||2017||||||||||||||||||||||||||2470000.0|||||||||||||||||||||||||||||||||||||||||
||2018||||||||||||||||||||||||||2470000.0|||||||||||||||||||||||||||||||||||||||||
||2019||||||||||||||||||||||||||2522000.0|||||||||||||||||||||||||||||||||||||||||
||2020||||||||||||||||||||||||||7053220.0|||||||||140000.0||||||||||||||||||||||||||||||||
||2021||||||||||||||||||||||||||1.239428E7|||||||||280000.0||||||330000.0|||300.0|||||||||||||||||||||||
|Bursa-16|2011|||||||||||||||||||||||||||||||||||300000.0|200000.0|70000.0|900000.0|||||||||||||||||||||||||||||
||2012|||||||||||||||||||||||||||||||||||300000.0|200000.0|70000.0|900000.0|||||||||||||||||||||||||||||
||2013|||||||||18000.0|||||||||||||||15000.0|2100.0||||||||||25000.0|200000.0|70000.0|750000.0|100000.0|1000000.0|||||1102500.0|116000.0|||||||||||||||||||98000.0|1980.0|
||2014|||||||||28000.0|||||||||||||||15000.0|2100.0||||||||||27500.0|190000.0|70000.0|795000.0|87500.0|960000.0|||||1102500.0|176000.0|||||||||||||||||||99995.0|1980.0|
||2015|||||||||11000.0|||||||||||||||15000.0|20000.0||||||||||27500.0|190000.0|70000.0|795000.0|87500.0|960000.0|||||1102500.0|184000.0|||||||||||||||||||99995.0|201980.0|
||2016|||||||||1000.0|||||||||||||||15000.0|20000.0||||||||||27500.0|190000.0|70000.0|795000.0|87500.0|960000.0|||||1102500.0|795000.0|||||||||||||9900.0||||||99995.0|201980.0|
||2017|||||||||1000.0|||||||||||||||15000.0|||||||||||27500.0|190000.0|70000.0|795000.0|87500.0|960000.0|||||1102500.0|786000.0|||||||||||||9450.0||||||99995.0|1980.0|
||2018|||||||||1000.0|||||||||||||||15000.0|||||||||||27500.0|190000.0|70000.0|795000.0|87500.0|960000.0|||||1102500.0|462000.0|||||||||||||8550.0||||||99995.0|1980.0|
||2019|||||||||1000.0|||||||||||||||15000.0|||||||||||27500.0|190000.0|70000.0|1095000.0|87500.0|960000.0|||||1102500.0|48800.0|||||||||||||||||||99995.0|2400.0|
||2020|||||||||1000.0|||||||||||||||13000.0|||||||||||175000.0|60000.0||660000.0|250000.0||||||1102500.0|48800.0||||||||1000000.0|||||||||||99995.0|2400.0|
||2021|37500.0||||||||1000.0||||||||||||||||||||||||||375000.0|400000.0||1200000.0|300000.0||||||3202500.0|48800.0||||||||||6000.0|||||||||99995.0|2400.0|
|Denizli-20|2013|||||||||||||||||||||||||||||||||||||||||||||26000.0|11808.0|||||||||||||||||||8500.0|2520.0|
||2014|||||||||||||||||||||||||||||||||||||||||||||156000.0||||||||||||||||||||7490.0||
||2015|||||||||||||||||||||||||||||||||||||||||||||56250.0|80000.0|||||||||||||||||||7500.0||
||2016|||||||||||||||||||||||||||||||||||||||||||||56250.0|80000.0|||||||||||||||||||7500.0||
||2017|||||||||||||||||||||||||||||||||||||||||||||56250.0|80000.0|||||||||||||||||||7500.0||
||2018|||||||||||||||||||||||||||||||||||||||||||||56250.0|80000.0|||||||||||||||||||7500.0||
||2019|||||||||||||||||||||||||||||||||||||||||||||56250.0|80000.0|||||||||||||||||||7500.0||
||2020|||||||||||||||||||||||||||||||||||||||||||||56250.0|80000.0|||||||||||||||||||7500.0||
||2021||||||||||||||||||||||||||636300.0|||||||||||||||||||71250.0|180000.0|||||||||||||||||||7500.0||
|Düzce-81|2011||||||||||||||||||||||||||||||||||||||||||||||||6000.0|8000.0||20000.0|||||2000.0||4000.0|4000.0||||7500.0||||
||2012||||||||||||||||||||||||||||||||||||||||||||||||6000.0|8000.0||7500.0|||||2000.0||4000.0|650.0||||7500.0||||
||2013||||||||||||||||||||||||||||||||||||||||||||||||6000.0|8000.0||7500.0|||||2000.0||4000.0|650.0||||7500.0|7500.0|||
||2014|||||||||||||||||||||||||||||||||||||||||||||||||||2000.0|||||2000.0|||650.0||||43800.0|7500.0|||
||2015|||||||||||||||||||||||||||||||||||||||||||||||||||2000.0|||||2000.0|||650.0||||43800.0|7500.0|||
||2016|||||||||||||||||||||||||||||||||||||||||||||||||||2000.0|||||2000.0|||650.0||||43800.0|7500.0|||
||2017|||||||||||||||||||||||||||||||||||||||||||||||||||2000.0|||||2000.0|||650.0||||43800.0|7500.0|||
||2018|||||||||||||||||||||||||||||||||||||||||||||||||||2000.0|||||2000.0|||650.0||||43800.0|7500.0|||
||2019|||||||||||||||||||||||||||||||||||||||||||||||||||2525.0|||||1764.0|||588.0||||45880.0|7854.0|||
|Elazığ-23|2011|||||||30100.0|||78000.0||||||||||||156000.0||||||||14580.0|||||19980.0||||||||840000.0||||||||||||||||||||||||
||2012|||||||30100.0|||300000.0||||||||||||156000.0||||||||17500.0|||||19500.0||||||||828000.0||||||||||||||||||||||||
||2013||||||||||||||||||||||||||||||17500.0|||||||||||||||120000.0||||||||||||||||||||||
||2014|||||||||||||||||||||||||||||||||||||||||||||120150.0||||||||||||||||||||||
||2015|||||||||||||||||||||||||||||||||||||||||||||120150.0||||||||||||||||||||||
||2018||||||||||||||||||||||||||||||||||||||||||||158000.0|||||||||||||||||||||||
||2019||||||||||||||||||||||||||||||||||||||||||||180000.0|||||||||||||||||||||||
|Erzurum-25|2013|||||||||||||||||||||||||175000.0|||||||||||||||||||||175000.0|||||||||||||||||||||
||2014|||||||||||||||||||||||||80000.0|||||||||||||||||||||60000.0|||||||||||||||||||||
||2015||||||||||||||||||||||||||||||||||||||||||||||499700.0|||||||||||||||||||||
||2016||||||||||||||||||||||||||||||||||||||||||||||499700.0|||||||||||||||||||||
||2017||||||||||||||||||||||||||||||||||||||||||||||499700.0|||||||||||||||||||||
||2018||||||||||||||||||||||||||||||||||||||||||||||499700.0|||||||||||||||||||||
||2019||||||||||||||||||||||||||||||||||||||||||||||499700.0|||||||||||||||||||||
||2020||||||||||||||||||||||||||||||||||||||||||||||499850.0|||||||||||||||||||||
||2021||||||||||||||||||||||||||||||||||||||||||||||499850.0|||||||||||||||||||||
|Eskişehir-26|2013|||||||||||||||||||||||||148608.0|||||||||||||||||||||0.0||||||||||||||||||||0.0|
||2014|||||||||||||||||||||||||151360.0|||||||||||||||||||||0.0||||||||||||||||||||0.0|
||2015|||||||||||||||||||||||||137500.0|||||||||||||||||||||167790.0||||||||||||||||||||15850.0|
||2016|||||||||||||||||||||||||137500.0|||||||||||||||||||||167790.0||||||||||||||||||||15850.0|
||2017||||||||||||||||||||||||2500.0|603000.0|||||||||||||||||||||180000.0|||||||||||||||||||||
||2018||||||||||||||||||||||||2500.0|603000.0|||||||||||||||||||||180000.0|||||||||||||||||||||
||2019||||||||||||||||||||||||500.0|275401.0||||||||||||||||||||995500.0|388763.0|||||||||||||||||||||
||2020|||||||||4500.0|||||||||||||||500.0|251060.0||||||||||||||||||||10000.0|3340250.0|||||||||||||||||||||
||2021||||||||||||||||||||||||500.0|479375.0||||||||||||||||||||10000.0|956914.0||||||||||||||||||||1113500.0|
|Giresun-28|2013||||||||||||||||||||||||||||||||||||||||||||||32625.0||||||||||||||||||||17400.0|
||2014|||||||||16000.0|||||||||||||||||||||||||||||||||||||||||||||||||||||||||36000.0|
||2015|||||||||16000.0|||||||||||||||||||||||||||||||||||||||||||||||||||||||||40000.0|
||2016|||||||||16000.0|||||||||||||||||||||||||||||||||||||||||||||||||||||||||40000.0|
||2017|||||||||16000.0|||||||||||||||||||||||||||||||||||||||||||||||||||||||||40000.0|
||2018|||||||||16000.0|||||||||||||||||||||||||||||||||||||||||||||||||||||||||40000.0|
||2019|||||||||16000.0|||||||||||||||||||||||||||||||||||||||||||||||||||||||||49500.0|
||2020|||||||||18000.0|||||||||||||||||||||||||||||||||||||||||||||||||||||||||49000.0|
||2021|||||||||5000.0|||||||||||||||||||||||||||||||||||||||||||||||||||||||||15000.0|
|Hatay-31|2011|||||||||||||||||||||||||||||||||||80000.0|||||||||||||7500.0||||||||240000.0|||||||||||
||2012|||||||||||||||||||||||||||||||||||80000.0|||||||||||||7500.0||||||||248000.0|||||||||||
||2013|||||||||||||||||||||||||||||||||||80000.0|||||||||||50000.0||||||||||248000.0|||||||||3000.0||
||2014|||||||||||||||||||||||||||||||||||||||||||||145040.0|70000.0||||||||||8000.0|||||||||||
||2015|||||||||||||||||||||||||||||||||||||||||||||140000.0|32000.0||||||||||8000.0|||||||||||
||2016|||||||||||||||||||||||||||||||||||||||||||||140000.0|32000.0||||||||||8000.0|||||||||||
||2017|||||||||||||||||||||||||||||||||||||||||||||154000.0|32000.0||||||||||8000.0|||||||||4200.0||
||2018|||||||||||||||||||||||||||||||||||||||||||||154000.0|32000.0|||||||||||||||||||4200.0||
||2019|||||||||||||||||||||||||||||||||||||||||||||154000.0|32000.0|||||||||||||||||||4200.0||
||2020|||||||||||||||||||||||||||||||||||||||||||||154000.0|32000.0|||||||||||||||||||4200.0||
||2021|||||||||||||||||||||||||||||||||||220000.0||||||||||154000.0|32000.0|||||||||||||||||||4200.0||
|Isparta-32|2011||||||||||||||||||||||||||4.686E7||||30000.0||||||50000.0|||||150000.0||7000.0||||||||||||||||||||||||
||2012||||||||||||||||||||||||||4.884E7||||148000.0||||||144000.0|||||50000.0||4000.0||||||||||||||||||||||||
||2013||||||||||||||||||||||||||5.115E7||||720000.0|||||||||||||||||||||||||||||||||||||
||2014||||||||||||||||||||||||||5.522E7||||200000.0|||||||||||30000.0||45000.0||||||||||||||||||||||||
||2015||||||||||||||||||||||||||6.168E7||||||||||170000.0|||||||||||||||||||||||||||||||
||2016||||||||||||||||||||||||||6.624E7|||||||||||||||||||||||||||||||||||||||||
||2017||||||||||||||||||||||||||6.963E7|||||||||||||||||||||||||||||||||||||||||
||2018||||||||||||||||||||||||||7.752E7|||||||||||||||||||||||||||||||||||||||||
||2019||||||||||||||||||||||||||1.0368E8|||||||||||||||||||||||||||||||||||||||||
||2020||||||||||||||||||||||||||1.1718E8|||||||||||||||||||||||||||||||||||||||||
||2021||||||||||||||||||||||||||2.408E8|||||||||312000.0||||||||||||||||||||||||||||||||
|İstanbul-34|2011||||||||||||||||66000.0||||||150000.0||||15000.0||79800.0||293420.0|10000.0|744400.0|18000.0||9000.0|67000.0|391966.0|106002.0|11000.0||||||||240000.0|250000.0|780000.0|480000.0|58500.0|450000.0|2425000.0||250000.0|225000.0|5400.0||46000.0|60000.0|75000.0|60000.0|||||
||2012||||||||||||||||59400.0||||||130000.0||||10000.0||80500.0||241460.0|11000.0|628800.0|20000.0||8500.0|67500.0|350000.0|125000.0|11500.0||||||||200000.0|270000.0|1356000.0|446000.0|81000.0|300000.0|2035000.0||112500.0||5400.0||6000.0|210000.0|||||||
||2013||||24000.0|18000.0|7500.0||||||||||46200.0||||||64000.0||21600.0||10000.0|||9000.0|188200.0|11000.0|351800.0|14000.0||8500.0|49000.0|165000.0|49000.0|9200.0||||||192500.0||125000.0|270000.0|1356000.0|296500.0|69750.0|240000.0|2035000.0||112500.0||5400.0||6000.0|||||||4926400.0|
||2014||||60000.0|18000.0|7500.0||||||||||39600.0||||||56000.0||||125000.0|||4000.0|81300.0|48000.0|275800.0|22800.0||150000.0|32000.0|37500.0|110000.0|500.0|||||||2708700.0|150000.0|280000.0|1320000.0|322000.0|69750.0|240000.0|1901000.0||112500.0||5400.0||6000.0|||||||6884900.0|
||2015||||60000.0|18000.0|7500.0||||||||||33000.0||||||64000.0||||125000.0||||518700.0|48000.0|355600.0|15800.0||75000.0|32000.0|519000.0|90000.0|500.0|||||||3119000.0|150000.0|300000.0|1356000.0|333000.0|69750.0|240000.0|1968000.0||112500.0||5400.0||6000.0|||||||6944306.0|
||2016||||60000.0|18000.0|7500.0||1440000.0||||||||29700.0||||||56000.0||||125000.0||||518000.0|48000.0|356800.0|15800.0||75000.0|32000.0|519000.0|103190.0|500.0|||||||3073820.0|150000.0|512000.0|1545000.0|516000.0|2409750.0|240000.0|3240000.0||112500.0||5400.0||3506000.0|||||||8035880.0|
||2017||||||||||||||||29700.0||||||56000.0||||125000.0||||496000.0|48000.0|346000.0|15800.0||75000.0|32000.0|519000.0|103190.0|500.0|||||||3073820.0|150000.0|512000.0|1545000.0|516000.0|2431750.0|240000.0|3250800.0||112500.0||5400.0||3506000.0|60000.0|18000.0|7500.0|||720000.0|8755880.0|
||2018||||||||||||||||29700.0||||||56000.0||||125000.0||||600000.0|48000.0|160000.0|15800.0||75000.0|32000.0|37500.0|69500.0|500.0|||||||1.012486E7|150000.0|512000.0|1545000.0|516000.0|2431750.0|240000.0|3250800.0||112500.0||5400.0||3506000.0||||||5000000.0|6025880.0|
||2019||||||||||||||||29700.0||||||56000.0||||125000.0||||600000.0|48000.0|160000.0|15800.0||75000.0|32000.0|37500.0|68000.0|500.0|||||||1.012486E7|150000.0|512000.0|1445000.0|516000.0|2432850.0|240000.0|3250200.0||112500.0||5400.0||3506000.0||||||750000.0|1.087588E7|
||2020||||||||||||||||||||||26912.0||||125000.0||||630000.0|48000.0|160000.0|7500.0||75000.0|32000.0|37500.0|95000.0|500.0|||||||9860940.0|150000.0|512000.0|1445000.0|516000.0|2430250.0|240000.0|3250500.0||112500.0||5400.0||3506000.0||||||500000.0|9880250.0|
||2021||||||||||||||||||||||27000.0||||125000.0||||415800.0|48000.0|160000.0|10800.0||75000.0|32000.0|37500.0|108200.0|500.0|||||||7179460.0|150000.0|512000.0|1445000.0|516000.0|2430250.0|240000.0|3250500.0||112500.0||5400.0||3506000.0||||||500000.0|9630040.0|
|İzmir-35|2011||||||||||6418000.0||6150000.0|187500.0|700000.0|105000.0||1050000.0|1350000.0||||72000.0||||2.015808E8|150000.0|1.959E7|492000.0|1.684399E7||2255000.0|||3.098E7|1422990.0|7717500.0|284300.0|||||4153000.0||||8972000.0|375000.0|811640.0||9911750.0||40000.0||||1050000.0|250000.0|76800.0||||652000.0||||
||2012||||||||||6418000.0||6360000.0|187500.0|700000.0|105000.0||1050000.0|100000.0|72000.0|||172000.0||||2.0376325E8|150000.0|1.959E7|492000.0|1.6814E7||2405000.0|||3.11E7|2698000.0|7330000.0|290300.0|||||2674500.0||||1.19975E7|375000.0|955400.0||1.05175E7||||||1050000.0|425000.0|52800.0||||488000.0||||
||2013|||||||||2030000.0|6538000.0||6000000.0|147500.0|760000.0|105000.0||1050000.0|100000.0|||161000.0|||155000.0|51350.0|1.904374E8|224000.0|1.84525E7|492000.0|2.46298E7||1905000.0|||3.14E7|2826000.0|6459200.0|284750.0|||14000.0||6860000.0|2784680.0|3349200.0|826450.0|7525550.0|126000.0|917000.0||1.0439E7||94500.0||||160000.0|782400.0|50750.0||||156000.0|120000.0|8840000.0|3.33936E7|
||2014|||||||||2030000.0|6434000.0|125000.0|6609450.0|107500.0|760000.0|105000.0||1050000.0|503200.0|||161000.0|||205000.0|53850.0|1.9954077E8|200000.0|2.00271E7|446000.0|3.60503E7||1997500.0|||3.2235E7|3315000.0|7241600.0|320500.0|||14000.0||8016000.0|2804000.0|3328200.0|792700.0|650000.0||392000.0|||||||||||||||120000.0|8840000.0|3.33986E7|
||2015|||||||||70000.0|6434000.0|125000.0|6759450.0|127500.0|760000.0|105000.0||1050000.0|503200.0|||161000.0|||205000.0|13850.0|2.0364377E8|200000.0|2.11671E7|426000.0|3.56663E7||2087500.0|||3.2535E7|4093000.0|7041600.0|335500.0|||14000.0||8016000.0|2604000.0|800200.0|1.7357925E7|650000.0||392000.0||||||||||||||||793500.0|3.9111725E7|
||2016|||||||||70000.0|6466000.0|125000.0|7209450.0|127500.0|765000.0|105000.0||1050000.0|503200.0|||161000.0|||205000.0|21350.0|2.0314877E8|200000.0|2.06871E7|426000.0|3.55323E7||2087500.0|||3.2435E7|4093000.0|7041600.0|350500.0|||14000.0||8016000.0|2604000.0|789700.0|1179530.0|650000.0||392000.0||||||||||||||||792980.0|1.9489626E7|
||2017|||||||||70000.0|6232000.0|125000.0|7059450.0|75000.0|685000.0|105000.0||900000.0|503200.0|||126000.0|||205000.0|21350.0|2.0125377E8|200000.0|1.92546E7|370000.0|3.51273E7||1910000.0|||2.8925E7|4180000.0|7041600.0|350500.0|||7000.0||6498000.0||789700.0|1179530.0|||42000.0||||||||||||||||792966.0|1.9467126E7|
||2018|||||||||70000.0|6232000.0|125000.0|7059450.0|75000.0|685000.0|105000.0||400000.0|503200.0|||126000.0|||205000.0|21350.0|2.0092377E8|200000.0|1.88646E7|370000.0|3.50873E7||1910000.0|||2.54E7|4152000.0|7041600.0|365500.0|||7000.0||6498000.0||805500.0|1293330.0|||42000.0||||||||||||||||860050.0|2.80421E7|
||2019|||||||||70000.0|6232000.0|125000.0|7059450.0|75000.0|685000.0|105000.0||400000.0|503200.0|||126000.0|||205000.0|21350.0|2.0065377E8|200000.0|1.88646E7|370000.0|3.51273E7||1910000.0|||2.54E7|4180000.0|7041600.0|380500.0|||7000.0||6578000.0||816000.0|1267530.0|||42000.0||||||||||||||||860050.0|2.91961E7|
||2020|||||||||500000.0|800000.0|125000.0|1209450.0|15000.0|80000.0||||403200.0|||139350.0|||205000.0|15000.0|9.242271E7|274100.0|8592458.0|250000.0|6.27339E7||2165000.0|||2.343E7|4150000.0|1241600.0|296640.0|||70000.0||1.088E7||800000.0|1462030.0|||42000.0||||||||||||||||860050.0|2.93125E7|
||2021|||||||||450000.0||125000.0|600000.0||50000.0|||||||139350.0|||205000.0|15000.0|5.8814E7|149100.0|1.0183108E7|220000.0|6.5612E7||2075000.0|||2.433E7|4100000.0|776000.0|760390.0|||245000.0||9980000.0||786000.0|1405605.0|||90000.0||||||||||||||||860050.0|2.92625E7|
|Kahramanmaraş-46|2013||||||||||||||||||||||||280.0|1120.0||||||||||||||||||||1920.0|4200.0|||||||||||||||||||||
||2014||||||||||||||||||||||||280.0|1120.0||||||||||||||||||||1920.0|4200.0|||||||||||||||||||||
||2015||||||||||||||||||||||||280.0|1120.0||||||||||||||||||||1920.0|4200.0|||||||||||||||||||||
||2016||||||||||||||||||||||||280.0|1120.0||||||||||||||||||||1920.0|4200.0|||||||||||||||||||||
||2017||||||||||||||||||||||||280.0|1120.0||||||||||||||||||||1920.0|4200.0|||||||||||||||||||||
||2018||||||||||||||||||||||||160.0|1000.0||||||||||||||||||||1600.0|3200.0|||||||||||||||||||||
||2019||||||||||||||||||||||||160.0|920.0||||||||||||||||||||1800.0|3000.0|||||||||||||||||||||
||2020||||||||||||||||||||||||160.0|920.0||||||||||||||||||||1800.0|3000.0|||||||||||||||||||||
||2021||||||||||||||||||||||||150.0|800.0|15000.0|||||||||||||||||||1600.0|2500.0|||||||||||||||||||||
|Kastamonu-37|2018|||||||||||||||||||||||||||||||||||||||||||60000.0||||||||||||||||||||||||
||2019|||||||||||||||||||||||||||||||||||||||||||60000.0||||||||||||||||||||||||
|Kayseri-38|2013|||||||||4000.0||||||||||||||||60000.0|||||||||||||||||||||20000.0||||||||||||||||||||8000.0|
||2014|||||||||4000.0|||||||||||||||4500.0|60000.0|||||||||||||||||||||20000.0||||||||||||||||||||24800.0|
||2015|||||||||4000.0|||||||||||||||4500.0|60000.0|||||||||||||||||||||20000.0||||||||||||||||||||24800.0|
||2016|||||||||4000.0|||||||||||||||4500.0|60000.0|||||||||||||||||||||20000.0||||||||||||||||||||24800.0|
|Kırklareli-39|2013||||||||||||||||||||||||||||||||||||||||||||||||||||||||300.0||||||||1200.0|||
||2014||||||||||||||||||||||||||||||||||||||||||||||||||||||||300.0||||||||1200.0|||
||2015||||||||||||||||||||||||||||||||||||||||||||||||||||||||300.0||||||||1200.0|||
|Kocaeli-41|2011|||||||||||||||||||||128030.0|||||||230400.0|||||||176000.0||490000.0|||||||||||40700.0|||56100.0||96000.0||80000.0|57000.0|||60200.0||||||||
||2012|||||||||||||||||||||206500.0||||||||||||||||||||21000.0||||||||269640.0||||||||||||||||||
||2013||||||||||||||||||||||||||||675000.0||||39000.0|||998400.0|||||||||||250000.0||||||||||||||||||||625000.0|
||2014||||||||||||||||||||||||||||687000.0||||30000.0|||240000.0|||||||||||250000.0||||||||||||||||||||625000.0|
||2015||||||||||||||||||||||||||||675000.0||||||||||||||||50000.0|13000.0|168000.0||||||||||38500.0||||||||50000.0|133000.0|308000.0|
||2016||||||||||||||||||||||||||||675000.0||||||||||||||||20000.0|14000.0|104000.0||||||||||38500.0|||||||||120000.0|300000.0|
||2017||||||||||||||||||||||||||||675000.0||||||||||||||||20000.0|14000.0|4154000.0|||||||||||||||||||120000.0|300000.0|
||2018||||||||||||||||||||||||||||675000.0||||||||||||||||32000.0|56000.0|4304000.0|||||||||||||||||||120000.0|300000.0|
||2019||||||||||||||||||||||||||||675000.0||||||||||||||||32000.0|56000.0|4304000.0|||||||||||||||||||120000.0|300000.0|
||2020||||||||||||||||||||||||||||675000.0||||||||||||||||32000.0|56000.0|4204000.0|||||||||||||||||||120000.0|300000.0|
||2021||||||||||||||||||||||||||||675000.0||||||||||||||||8000.0|57000.0|4204000.0|||||||||||||||||||120000.0|300000.0|
|Konya-42|2013||||||||||||||||||||||||||||||||||||||||||||||643916.0||||||||||||||||||||299520.0|
||2014||||||||||||||||||||||||||||||||||||||||||||||709000.0||||||||||||||||||||301824.0|
||2017|||||||||36000.0|||||||||||||||||||||||||||||||||||||||||||||||||||||||||25000.0|
||2018|||||||||36000.0|||||||||||||||||||||||||||||||||||||||||||||||||||||||||25000.0|
||2019|||||||||36000.0|||||||||||||||||||||||||||||||||||||||||||||||||||||||||25000.0|
||2020|||||||||36000.0|||||||||||||||||||||||||||||||||||||||||||||||||||||||||25000.0|
||2021|||||||||36000.0|||||||||||||||||||||||||||||||||||||||||||||||||||||||||25000.0|
|Kütahya-43|2013|||||||||||||||||||||||||22500.0||||||||||||||||||||45000.0||||||||||||||||||||||
||2014|||||||||||||||||||||||||||||||||||||||||||||16500.0||||||||||||||||||||||
||2015|||||||||||||||||||||||||||||||||||||||||||||7700.0||||||||||||||||||||||
||2016|||||||||||||||||||||||||||||||||||||||||||||3300.0||||||||||||||||||||||
|Malatya-44|2011||||||||||||||||||||||||||91840.0|13500.0||9120.0|30700.0||||600.0|840.0||||1008.0||||||||||||||||||||||||||||
||2012||||||||||||||||||||||||||150.0|10000.0||1200.0|40750.0|||||300.0|3850.0||||||5000.0|30000.0||||||||||||||||||||||||
||2013||||||||||||||||||||||||||300.0|18000.0|3600.0|2450.0|42750.0|||||4300.0|3000.0||||||8000.0|63000.0||6000.0|12000.0|||||||||||||||||||||
||2014||||||||||||||||||||||||||450.0|18000.0|3600.0|1250.0|3750.0|||||5950.0|3000.0||||||8000.0|63000.0||6000.0|39900.0|||||||||||||||||||||
||2015||||||||||||||||||||1100.0||52200.0|||||3000.0|||60000.0|||||30000.0|18000.0||||||18000.0|121000.0||||||||||||||||||||||||
||2016||||||||||||||||||||1100.0||52200.0|||||3200.0|||66000.0|||||33000.0|19500.0||||||21000.0|125500.0||||||||||||||||||||||||
||2017||||||||||||||||||||1500.0||54000.0|||||3600.0|||75600.0|||||38400.0|20800.0||||||27000.0|141000.0||||||||||||||||||||||||
||2018||||||||||||||||||||1500.0||49500.0|||||3000.0|||70000.0|||||41600.0|19500.0||||||27000.0|139250.0||||||||||||||||||||||||
||2019|||||||||||||||||||||||||||2700.0|||66000.0|||||39000.0|18200.0||||||24000.0|70400.0||||||||||||||||||||||||
||2021|||||||||||||||||||||||||||||||||||||||||||3200.0||||||||||||||||||||||||
|Manisa-45|2013|||||||||960000.0|||||||||||||||||||||||||||||||||||720000.0||4921250.0|||||||||||||||||||||
||2014|||||||||960000.0|||||||||||||||||||||||||||||||||||720000.0||4921250.0|||||||||||||||||||||
||2015||||||||||||||||||||||||||||||||||||||||||||||1.0033595E7|||||||||||||||||||||
||2016||||||||||||||||||||||||||||||||||||||||||||||1.0033595E7|||||||||||||||||||||
||2017||||||||||||||||||||||||||||||||||||||||||||||1.0034295E7|||||||||||||||||||||
||2018||||||||||||||||||||||||||||||||||||||||||||||1.0034295E7|||||||||||||||||||||
||2019||||||||||||||||||||||||||||||||||||||||||||||1.0034295E7|||||||||||||||||||||
||2020||||||||||||||||||||||||||||||||||||||||||||||6153500.0|||||||||||||||||||||
||2021||||||||||||||||||||||||||||||||||||||||||||||6125500.0|||||||||||||||||||||
|Mersin-33|2011|||||||||||||||||226750.0||||||||||||||||||9805567.0|||||||||||||||||||||1260000.0|||||||||||
||2012|||||||||||||||||||||||||||||||||||1.332105E7||||||||||||||||||||||||||||||||
||2013|||||||||||||||||||||||||||||||||||2.070515E7||||||||||3917988.0|1343900.0||||||||||||||||||||1175.0|
||2014|||||||||||||||||||||||||||||||||||3831350.0|||||||||||65000.0||||||||||1.9392E7|||||||||8873056.0|2274775.0|
||2015|||||||||||||||||||||||||||||||||||1462700.0|||||||||||13000.0||||||||||2.26116E7|||||||||1.0262628E7|2002464.0|
||2016|||||||||||||||||1020000.0||||||||||||||||||1462700.0|||||||||||13000.0||||||||||1.40888E7|||||||||1.2392086E7|2417968.0|
||2017|||||||||||||||||1020000.0||||||||||||||||||1457000.0|||||||||||15000.0||||||||||1.40888E7|||||||||1.2392086E7|2417968.0|
||2018|||||||||||||||||1020000.0||||||||||||||||||1720000.0|||||||||||15000.0||||||||||7083312.0|||||||||7535100.0|2472800.0|
||2019|||||||||||||||||480000.0||||||||||||||||||1720000.0|||||||||||15000.0||||||||||7255056.0|||||||||8288610.0|1668000.0|
||2020|||||||||||||||||900000.0||||||||||||||||||1720000.0|||||||||||15000.0||||||||||7255056.0|||||||||8288610.0|7302160.0|
||2021|||||||||||||||||2100000.0||||||||||||||||||1461010.0|||||||||||15000.0||||||||||1.02242E7|||||||||7022400.0|8944000.0|
|Muğla-48|2011|||||||||||||||||||||||||||||||||||||||||||24996.0||||||||||||||||||||||||
||2012|||||||||||||||||||||||||||||||||||||||||||25002.0||||||||||||||||||||||||
||2013||||||||990.0|1000.0||||||||||||||||||||||||||||||||||30000.0|||185058.0|||||||||||||||||||||
||2014||||||||495.0|1500.0|||||||||||||||||||||||||||||||||||||185561.0|||||||||||||||||||||
||2015||||||||600.0|||||||||||||||2000.0|||8000.0|||||||||||||||||||22500.0|187644.0|||||||||||||||||||||
||2016||||||||||||||||||||||||||||||||||||||||||||||261884.0|||||||||||||||||||||
||2017||||||||||||||||||||||||||||||||||||||||||||||487550.0|||||||||||||||||||||
||2018|||||||||||||||||||||||||20000.0|||||||||||||||||||||572010.0|||||||||||||||||||||
||2019|||||||||||||||||||||||||25000.0|||||||||||||||||||||572010.0|||||||||||||||||||||
||2020||||||||||||||||||||||||||||||||||||||||||||||431210.0|||||||||||||||||||||
||2021||||||||||||||||||||||||||||||||||||||||||||||431210.0|||||||||||||||||||||
|Ordu-52|2011||||||||||||||||||||||||||70000.0|||||||||||||||||||||||||||||||||||||||||
||2012||||||||||||||||||||||||||220000.0|||||||||||||||||||||22500.0||||||||||||||||||||
||2013||||||||||||||||||||||||||345000.0|23000.0|||17000.0||61000.0|||160000.0||||||||||||||||||||||||||||||||
||2014||||||||||||||||||||||||||175000.0|||||||||123596.0||||||||||||25000.0|5000.0|||||5000.0|||3000.0|||||||||||
||2015|||||||||||||||||||||||||||||||||||644200.0||||||||||||25000.0||||||10000.0|||20000.0|||||||||||
||2016|||||||||||||||||||||||||||||||||||300400.0||||||||||||25000.0||||||10000.0|||20000.0|||||||||||
||2017|||||||||||||||||||||||||||||||||||220000.0||||||||||||25000.0||||||10000.0|||20000.0|||||||||||
||2018|||||||||||||||||||||||||||||||||||220000.0||||||||||||25000.0||||||10000.0|||20000.0|||||||||||
||2019|||||||||||||||||||||||||||||||||||120000.0|||||||||||||||||||||20000.0|||||||||||
||2020|||||||||||||||||||||||||||||||||||220000.0|||||||||||||||||||||20000.0|||||||||||
||2021|||||||||||||||||||||||||||||||||||220000.0|||||||||||||||||||||20000.0|||||||||||
|Osmaniye-80|2016|||||||||||||||||||||||||||||||||||185000.0||||||||||||||||||||||||||||||||
||2017|||||||||||||||||||||||||||||||||||185000.0||||||||||||||||||||||||||||||||
||2018|||||||||||||||||||||||||||||||||||185000.0||||||||||||||||||||||||||||||||
||2019|||||||||||||||||||||||||||||||||||615000.0||||||||||||||||||||||||||||||||
||2020|||||||||||||||||||||||||||||||||||900000.0||||||||||||||||||||||||||||||||
||2021|||||||||||||||||||||||||||||||||||1175000.0||||||||||50000.0|15000.0|||||||||||||||||||||
|Sakarya-54|2011||||||||||||||||||||||||||||3990000.0|||||||||||||||||||||||||||||||||||||||
||2012||||||||||||||||||||||||||||3360000.0||||55000.0|||||||||||||||||||||||||||||||||||
||2013|||||||||150000.0|||||||||||||||250000.0||||3360000.0||||0.0|||||||||||||215000.0|3839860.0||||||||||||||||||||3395000.0|
||2014|||||||||150000.0|||||||||||||||250000.0||||3360000.0|||||||||||||||||215000.0|4295030.0||||||||||||||||||||3395000.0|
||2015||||||||||||||||||||||||250000.0||||2880000.0|||||||||||||||||327600.0|4471000.0||||||||||||||||||||20000.0|
||2016||||||||||||||||||||||||250000.0||||1600000.0|||||||||||||||||527600.0|4483000.0||||||||||||||||||||32000.0|
||2017||||||||||||||||||||||||400000.0||||1600000.0|||||||||||||||||327600.0|4025000.0||||||||||||||||||||20000.0|
||2018|||||||||810000.0|||||||||||||||400000.0||||1600000.0|||||||||||||||||715000.0|4118500.0||||||||||||||||||||20000.0|
||2019|||||||||816000.0|||||||||||||||275000.0||||1600000.0|||||||||||||||||715000.0|4127500.0||||||||||||||||||||20000.0|
||2020||||||||||||||||||||||||275000.0||||1600000.0|||||||||||||||||515000.0|4577500.0||||||||||||||||||||20000.0|
||2021||||||||||||||||||||||||275000.0||||1540000.0|||||||||||||||||515000.0|4582500.0||||||||||||||||||||20000.0|
|Samsun-55|2011||||||||||||||||||||||||||620400.0||93228.0||40000.0||||142500.0|435100.0||||142500.0|||||||||||||||||12500.0|||||||||||
||2012||||||||||||||||||||||||||307500.0||36580.0|7000.0|40000.0|||||595500.0||45000.0||||||0.0|||||||||||||12500.0|||||||||||
||2013||||||||||||||||||||||||||575000.0||28880.0|15000.0|130000.0|||||558240.0|14400.0|45000.0|67500.0|||||85500.0|||2493960.0||||||||||12500.0|||||||||2352.0||
||2014||||||||||||||||||||||||||124800.0||4960.0|1218.0|112000.0|||||618100.0|||||||||||2948480.0||||||||||12500.0|||||||||10000.0||
||2015||||||||||||||||||||||||||100000.0||4960.0|1218.0|112000.0|||||355900.0|||7440.0||||||||2948480.0||||||||||25000.0|||||||||3000.0||
||2016||||||||||||||||||||||||||100000.0||1000.0|700.0|212000.0|||||343500.0|||12000.0||||||||2887980.0||||||||||25000.0|||||||||3000.0||
||2017||||||||||||||||||||||||||125000.0||1000.0|700.0|254000.0|||||337250.0|||12000.0||||||||2887980.0||||||||||25000.0|||||||||3000.0||
||2018||||||||||||||||||||||||||125000.0||1000.0|700.0|254000.0|||||337250.0|||12000.0||||||||2887980.0||||||||||25000.0|||||||||3000.0||
||2019||||||||||||||||||||||||||125000.0||210000.0|5000.0|194000.0|||||491750.0|20400.0||40000.0|||||750000.0||26000.0|2874230.0||||||||||25000.0|||||||||1280.0||
||2020||||||||||||||||||||||||||307000.0||210000.0|5000.0|80000.0|||||491750.0|20400.0||40000.0|||||750000.0||26000.0|42280.0|||||||||||||||||||280.0||
||2021||||||||||||||||||||||||||||210000.0|5000.0|80000.0|||||523000.0|21250.0||40000.0|||||750000.0||826000.0|42280.0|||||||||||||||||||500.0||
|Şanlıurfa-63|2011|||||||||||||||||||||||||||||||||||517000.0||||||||||||||||||||||||||||||||
||2012|||||||||||||||||||||||||||||||||||650000.0||||||||||||||||||||||||||||||||
||2013|||||||||||||||||||||||||||||||||||500000.0||||||||||||||||||||||||||||||||
||2014|||||||||||||||||||||||||||||||||||1000000.0||||||||||||||||||||||||||||||||
||2015|||||||||||||||||||||||||||||||||||1000000.0||||||||||100000.0||||||||||||||||||||||
||2016|||||||||||||||||||||||||||||||||||||||||||||1250000.0||||||||||||||||||||||
||2017|||||||||||||||||||||||||||||||||||||||||||||1250000.0||||||||||||||||||||||
||2018|||||||||||||||||||||||||||||||||||||||||||||1250000.0||||||||||||||||||||||
||2019|||||||||||||||||||||||||||||||||||||||||||||1250000.0||||||||||||||||||||||
||2020|||||||||||||||||||||||||||||||||||||||||||||1250000.0||||||||||||||||||||||
||2021|||||||||||||||||||||||||||||||||||||||||||||1250000.0||||||||||||||||||||||
|Tekirdağ-59|2011||||||||||225.0|50.0|||50.0|||70.0|||200.0||20.0|||||||||||||||||||||||||||||||||||||||||||||
||2012||||||||||300.0|50.0|||50.0|||70.0|||180.0||20.0|||||||||||||||||||||||||||||||||||||||||||||
||2013||||||||||||||||||||||||||||||||||||||||||||||||||||||||||||||||||1700.0|
||2014||||||||||||||||||||||||||||||||||||||||||||||||||||||||||||||||||2000.0|
||2015||||||||||||||||||||||||||||||||||||||||||||||||||||||||||||||||||1920.0|
||2016||||||||||||||||||||||||||||||||||||||||||||||||||||||||||||||||||1920.0|
||2017||||||||||||||||||||||||||||||||||||||||||||||||||||||||||||||||||1920.0|
||2018||||||||||||||||||||||||||||||||||||||||||||||||||||||||||||||||||1920.0|
||2019||||||||||||||||||||||||||||||||||||||||||||||||||||||||||||||||||1920.0|
||2020||||||||||||||||||||||||||||||||||||||||||||||||||||||||||||||||||1920.0|
||2021||||||||||||||||||||||||1538132.0|||||||||||||||||||||||||||||||||||||||||||
|Tokat-60|2011||||||||||||||||||||||||||1100000.0||388500.0|432000.0||150000.0|50000.0|||3100.0|||||||125000.0|62500.0||||||||||||||||||||||||
||2012||||||||||||||||||||||||||1100000.0||388500.0|432000.0||150000.0|50000.0|||40000.0|100000.0||||||125000.0|150000.0||||||||||||||||||||||||
||2013|||||||||||||||||||||||||650.0|200000.0||420000.0|672000.0||300000.0|12500.0|||||||||||62500.0|||480.0||||||||||||||||||||25000.0|
||2014|||||||||||||||||||||||||650.0|200000.0||504000.0|672000.0||300000.0|12500.0|||||||||||62500.0|||504.0||||||||||||||||||||30000.0|
||2015|||||||||||||||||||||||||650.0|||504000.0|672000.0||150000.0|125000.0||||100000.0|||||||825000.0|||540.0||||||||||||||||||||30000.0|
||2016|||||||||||||||||||||||||650.0|||630000.0|672000.0|125000.0||125000.0||||100000.0|||||||250000.0|||675.0||||||||||||||||||||30000.0|
||2017|||||||||||||||||||||||||650.0|||840000.0|768000.0|375000.0||150000.0||||100000.0|||||||250000.0|||810.0||||||||||||||||||||30000.0|
||2018|||||||||||||||||||||||||650.0|22000.0||630000.0|672000.0|312500.0||125000.0||||100000.0|||||||312500.0|||855.0||||||||||||||||||||35000.0|
||2019|||||||||||||||||||||||||650.0|||672000.0|576000.0|125000.0||50000.0||||100000.0|||||||375000.0|||855.0||||||||||||||||||||35000.0|
||2020|||||||||||||||||||||||||650.0|||987000.0|576000.0|375000.0||||||100000.0|||||||375000.0|||855.0||||||||||||||||||||35000.0|
||2021|||||||||||||||||||||||||650.0|||1722000.0|1536000.0|1250000.0||||||2600000.0|||||||2000000.0|||855.0||||||||||||||||||||35000.0|
|Yalova-77|2011||25000.0|37500.0||||45000.0|||2500000.0||||||184000.0|1.22E7||||10000.0|||||1.1E7|2000000.0|1050000.0||2400000.0||1480000.0||1875000.0|2.2E7|2400000.0|1.278E7|3500000.0|||||||||7440000.0|2000000.0||250000.0|58500.0|||||1.015835E7|3172000.0|1717800.0|839000.0||||430000.0||||
||2012||25000.0|37500.0||||45000.0|||||||||184000.0|1.42E7||||10000.0|||||2.6E7|2000000.0|1450000.0||120000.0||1440000.0||1875000.0|2.54E7|6700000.0|1.908E7|3450000.0|||||0.0||||7440000.0|2000000.0||250000.0|58500.0|||||1.015835E7|3172000.0|1537800.0|839000.0||||430000.0||||
||2013||50000.0|195000.0||||21250.0|||10000.0||408000.0||86625.0|157450.0||2521650.0|2364000.0|278000.0|||165000.0|550000.0|0.0|6349560.0|273760.0||162000.0||523875.0||6000.0|210000.0||2356250.0|46000.0|1248000.0|291000.0|||||496250.0|7106080.0|2942988.0|8.3831969E7|4218400.0||690500.0|30240.0|273375.0||444075.0||148500.0|8990750.0|1358100.0|5084350.0|1208900.0|45500.0|||1266600.0||480000.0|3160210.0|
||2014||50000.0|195000.0||||21250.0|||10000.0||408000.0||86625.0|157450.0||2721650.0|2364000.0|278000.0|||445000.0|550000.0|120000.0|6349560.0|273760.0||162000.0||523875.0||6000.0|210000.0||2356250.0|46000.0|1248000.0|291000.0|||||496250.0|7106080.0|2924010.0|9.5117818E7|3018400.0||690500.0|30240.0|273375.0||444075.0||148500.0|9266750.0|2138100.0|5084350.0|1208900.0|45500.0|||1266600.0||360000.0|3144860.0|
||2015||50000.0|195000.0||||21250.0|||10000.0||408000.0||86625.0|157450.0||2759150.0|2364000.0|278000.0|||445000.0|560000.0|120000.0|6082240.0|273760.0||162000.0||523875.0||6000.0|210000.0||2356250.0|46000.0|1248000.0|291000.0|||||496250.0|7106080.0|2924010.0|9.7078168E7|3118400.0||690500.0|12240.0|273375.0||429075.0||148500.0|1.328675E7|2090600.0|5074350.0|1159400.0|45500.0|||1266600.0||360000.0|3092610.0|
||2016||50000.0|195000.0||||21250.0|||10000.0||408000.0||86625.0|157450.0||2651650.0|2364000.0|278000.0|||165000.0|450000.0||2901200.0|273760.0||162000.0||523875.0||6000.0|210000.0||2356250.0|46000.0|1248000.0|291000.0|||||496250.0|7106080.0|1675000.0|4.3123936E7|618400.0||690500.0|12240.0|273375.0||436575.0||148500.0|1.284675E7|748100.0|5074350.0|1059400.0|45500.0|||986600.0|||2369110.0|
||2017||50000.0|195000.0||||21250.0|||||408000.0||86625.0|157450.0|300000.0|2561650.0|2364000.0|278000.0|||165000.0|550000.0|192000.0|2404640.0|41680.0||312000.0||73875.0||6000.0|1265940.0||1717850.0|28500.0|1248000.0|269750.0|||||496250.0||7306796.0|8.7942576E7|368400.0||1003000.0|12240.0|273375.0||432075.0||52500.0|1.194005E7|1436100.0|5074350.0|1079400.0|45500.0|||1792260.0|||3847076.0|
||2018||50000.0|195000.0||||21250.0|||||408000.0||86625.0|157450.0|350000.0|2561650.0|2364000.0|278000.0|||165000.0|550000.0|192000.0|2404640.0|41680.0||312000.0||73875.0||6000.0|1476930.0||1717850.0|28500.0|1248000.0|269750.0|||||496250.0||8188600.0|7.9646308E7|1118400.0||1003000.0|12240.0|273375.0||432075.0||52500.0|1.199765E7|1676100.0|5074350.0|1139400.0|45500.0|||2486600.0|||3971132.0|
||2019||50000.0|195000.0||||21250.0|||||408000.0||86625.0|157450.0|350000.0|2511650.0|2364000.0|278000.0|||165000.0|550000.0|192000.0|2404640.0|41680.0||312000.0||73875.0||6000.0|1476930.0||1717850.0|28500.0|1248000.0|269750.0|||||496250.0||6728232.0|7.5876748E7|1118400.0||1003000.0|12840.0|273375.0||399075.0||52500.0|1.303765E7|3566100.0|5164350.0|1139400.0|45500.0|||5686600.0|||3743052.0|
||2020||79750.0|198300.0||||21250.0|||||491600.0||86625.0|157450.0|350000.0|2520700.0|2365200.0|278000.0|||165000.0|550000.0|192000.0|2404700.0|41760.0||312000.0||257875.0||6000.0|1476930.0||1717850.0|34050.0|1977250.0|269750.0|||||496250.0||6728600.0|7.5876928E7|1218400.0||1003000.0|240.0|273375.0||399075.0||52500.0|1.355515E7|3746100.0|5117100.0|1249900.0|45500.0|||4086600.0|||3751056.0|
||2021||79750.0|198300.0||||21000.0|||||491600.0||86625.0|157450.0|350000.0|2670700.0|2364000.0|278000.0|||165000.0|548000.0|192000.0|2405000.0|48160.0||330000.0||418875.0||6000.0|1540000.0||1733750.0|34050.0|1726500.0|279750.0|||||496000.0||7245000.0|7.597E7|518400.0||1040500.0|240.0|273375.0||399075.0||52500.0|1.4055E7|3326100.0|5117100.0|1239950.0|45500.0|||1186000.0|||3733000.0|
|Zonguldak-67|2013||||||||||||||||||||||||||||||||||||||||||||||3000.0|||||||||||||||||||||
||2014||||||||||||||||||||||||||||||||||||||||||||||3000.0|||||||||||||||||||||
||2015||||||||||||||||||||||||||||||||||||||||||||||3000.0|||||||||||||||||||||
||2016||||||||||||||||||||||||||||||||||||||||||||||3000.0|||||||||||||||||||||
||2017||||||||||||||||||||||||||||||||||||||||||||||3000.0|||||||||||||||||||||
||2018||||||||||||||||||||||||||||||||||||||||||||||3000.0|||||||||||||||||||||
||2019||||||||||||||||||||||||||||||||||||||||||||||3000.0|||||||||||||||||||||
||2020||||||||||||||||||||||||||||||||||||||||||||||3000.0|||||||||||||||||||||
||2021||||||||||||||||||||||||||||||||||||||||||||||3000.0|||||||||||||||||||||
|||||||||||||||||||||||||||||||||||||||||||||||||||||||||||||||||||||
